key,0,1,2,3,4,5,6,7,8,9,10,11,12,13,14,15,16,17,18,19,20,21,22,23,24,25,26,27,28,29,30,31,32,33,34,35,36,37,38,39,40,41,42,43,44,45,46,47,48,49,50,51,52,53,54,55,56,57,58,59,60,61,62,63,64,65,66,67,68,69,70,71,72,73,74,75,76,77,78,79,80,81,82,83,84,85,86,87,88,89,90,91,92,93,94,95,96,97,98,99,100
#,,GatheringItem[0],GatheringItem[1],GatheringItem[2],GatheringItem[3],GatheringItem[4],GatheringItem[5],GatheringItem[6],GatheringItem[7],GatheringItem[8],GatheringItem[9],GatheringItem[10],GatheringItem[11],GatheringItem[12],GatheringItem[13],GatheringItem[14],GatheringItem[15],GatheringItem[16],GatheringItem[17],GatheringItem[18],GatheringItem[19],GatheringItem[20],GatheringItem[21],GatheringItem[22],GatheringItem[23],GatheringItem[24],GatheringItem[25],GatheringItem[26],GatheringItem[27],GatheringItem[28],GatheringItem[29],GatheringItem[30],GatheringItem[31],GatheringItem[32],GatheringItem[33],GatheringItem[34],GatheringItem[35],GatheringItem[36],GatheringItem[37],GatheringItem[38],GatheringItem[39],GatheringItem[40],GatheringItem[41],GatheringItem[42],GatheringItem[43],GatheringItem[44],GatheringItem[45],GatheringItem[46],GatheringItem[47],GatheringItem[48],GatheringItem[49],GatheringItem[50],GatheringItem[51],GatheringItem[52],GatheringItem[53],GatheringItem[54],GatheringItem[55],GatheringItem[56],GatheringItem[57],GatheringItem[58],GatheringItem[59],GatheringItem[60],GatheringItem[61],GatheringItem[62],GatheringItem[63],GatheringItem[64],GatheringItem[65],GatheringItem[66],GatheringItem[67],GatheringItem[68],GatheringItem[69],GatheringItem[70],GatheringItem[71],GatheringItem[72],GatheringItem[73],GatheringItem[74],GatheringItem[75],GatheringItem[76],GatheringItem[77],GatheringItem[78],GatheringItem[79],GatheringItem[80],GatheringItem[81],GatheringItem[82],GatheringItem[83],GatheringItem[84],GatheringItem[85],GatheringItem[86],GatheringItem[87],GatheringItem[88],GatheringItem[89],GatheringItem[90],GatheringItem[91],GatheringItem[92],GatheringItem[93],GatheringItem[94],GatheringItem[95],GatheringItem[96],GatheringItem[97],GatheringItem[98],GatheringItem[99]
int32,byte,GatheringItem,GatheringItem,GatheringItem,GatheringItem,GatheringItem,GatheringItem,GatheringItem,GatheringItem,GatheringItem,GatheringItem,GatheringItem,GatheringItem,GatheringItem,GatheringItem,GatheringItem,GatheringItem,GatheringItem,GatheringItem,GatheringItem,GatheringItem,GatheringItem,GatheringItem,GatheringItem,GatheringItem,GatheringItem,GatheringItem,GatheringItem,GatheringItem,GatheringItem,GatheringItem,GatheringItem,GatheringItem,GatheringItem,GatheringItem,GatheringItem,GatheringItem,GatheringItem,GatheringItem,GatheringItem,GatheringItem,GatheringItem,GatheringItem,GatheringItem,GatheringItem,GatheringItem,GatheringItem,GatheringItem,GatheringItem,GatheringItem,GatheringItem,GatheringItem,GatheringItem,GatheringItem,GatheringItem,GatheringItem,GatheringItem,GatheringItem,GatheringItem,GatheringItem,GatheringItem,GatheringItem,GatheringItem,GatheringItem,GatheringItem,GatheringItem,GatheringItem,GatheringItem,GatheringItem,GatheringItem,GatheringItem,GatheringItem,GatheringItem,GatheringItem,GatheringItem,GatheringItem,GatheringItem,GatheringItem,GatheringItem,GatheringItem,GatheringItem,GatheringItem,GatheringItem,GatheringItem,GatheringItem,GatheringItem,GatheringItem,GatheringItem,GatheringItem,GatheringItem,GatheringItem,GatheringItem,GatheringItem,GatheringItem,GatheringItem,GatheringItem,GatheringItem,GatheringItem,GatheringItem,GatheringItem,GatheringItem
0,9,"Copper Ore","Fire Shard","Ice Shard","Wind Shard","Earth Shard","Lightning Shard","Water Shard","Muddy Water","Bone Chip",,,,,,,,,,,,,,,,,,,,,,,,,,,,,,,,,,,,,,,,,,,,,,,,,,,,,,,,,,,,,,,,,,,,,,,,,,,,,,,,,,,,,,,,,,,
1,7,"Tin Ore","Raw Sunstone","Raw Lapis Lazuli","Soiled Femur","Zinc Ore","Obsidian","Potter's Clay",,,,,,,,,,,,,,,,,,,,,,,,,,,,,,,,,,,,,,,,,,,,,,,,,,,,,,,,,,,,,,,,,,,,,,,,,,,,,,,,,,,,,,,,,,,,,
2,1,"Iron Ore",,,,,,,,,,,,,,,,,,,,,,,,,,,,,,,,,,,,,,,,,,,,,,,,,,,,,,,,,,,,,,,,,,,,,,,,,,,,,,,,,,,,,,,,,,,,,,,,,,,
3,6,"Raw Malachite","Raw Sphene","Raw Fluorite","Raw Danburite","Sunrise Tellin","Alumen",,,,,,,,,,,,,,,,,,,,,,,,,,,,,,,,,,,,,,,,,,,,,,,,,,,,,,,,,,,,,,,,,,,,,,,,,,,,,,,,,,,,,,,,,,,,,,
4,2,"Effervescent Water","Silver Ore",,,,,,,,,,,,,,,,,,,,,,,,,,,,,,,,,,,,,,,,,,,,,,,,,,,,,,,,,,,,,,,,,,,,,,,,,,,,,,,,,,,,,,,,,,,,,,,,,,
5,8,"Fire Crystal","Ice Crystal","Wind Crystal","Earth Crystal","Lightning Crystal","Water Crystal","Wyvern Obsidian","Saltpeter",,,,,,,,,,,,,,,,,,,,,,,,,,,,,,,,,,,,,,,,,,,,,,,,,,,,,,,,,,,,,,,,,,,,,,,,,,,,,,,,,,,,,,,,,,,,
6,9,"Granite","Raw Garnet","Little Worm","Raw Heliodor","Raw Goshenite","Raw Peridot","Mythril Ore","Raw Amethyst","Raw Aquamarine",,,,,,,,,,,,,,,,,,,,,,,,,,,,,,,,,,,,,,,,,,,,,,,,,,,,,,,,,,,,,,,,,,,,,,,,,,,,,,,,,,,,,,,,,,,
7,5,"Raw Tourmaline","Raw Spinel","Raw Zircon","Jade","Black Alumen",,,,,,,,,,,,,,,,,,,,,,,,,,,,,,,,,,,,,,,,,,,,,,,,,,,,,,,,,,,,,,,,,,,,,,,,,,,,,,,,,,,,,,,,,,,,,,,
8,4,"Raw Turquoise","Electrum Ore","Raw Amber","Raw Rubellite",,,,,,,,,,,,,,,,,,,,,,,,,,,,,,,,,,,,,,,,,,,,,,,,,,,,,,,,,,,,,,,,,,,,,,,,,,,,,,,,,,,,,,,,,,,,,,,,
9,25,"Basilisk Egg","Cobalt Ore","Adamantoise Shell","Ogre Horn","Ice Cluster","Lightning Cluster","Water Cluster","Gold Ore","Darksteel Ore","Coblyn Larva","Unaspected Crystal","Gregarious Worm","Ferberite","Native Gold","Raw Ruby","Raw Diamond","Raw Emerald","Raw Topaz","Raw Iolite","Raw Sapphire","Dark Matter Cluster","Yellow Copper Ore","Platinum Ore","Dragon Obsidian","Virgin Basilisk Egg",,,,,,,,,,,,,,,,,,,,,,,,,,,,,,,,,,,,,,,,,,,,,,,,,,,,,,,,,,,,,,,,,,,,,,,,,,,
10,12,"Pyrite","Raw Agate","Raw Tiger's Eye","Mythrite Ore","Chalcocite","Raw Larimar","Limonite","Raw Mormorion","Dravanian Spring Water","Titanium Ore","Raw Star Ruby","Raw Star Sapphire",,,,,,,,,,,,,,,,,,,,,,,,,,,,,,,,,,,,,,,,,,,,,,,,,,,,,,,,,,,,,,,,,,,,,,,,,,,,,,,,,,,,,,,,
11,24,"Light Kidney Ore","Raw Opal","Abalathian Spring Water","Dated Radz-at-Han Coin","Hardsilver Ore","Raw Carnelian","Ice Stalagmite","Cuprite","Raw Citrine","Aurum Regis Sand","Adamantite Ore","Eventide Jade","Raw Chrysolite","Wyrm Obsidian","Glass Eye","Starcrack Sand","Shishu Koban","Cotter Dynasty Relic","Beastkin Horn","Rainbow Pigment","Peaks Pigment","Yellow Kudzu Root","Raw Triphane","Gyr Abanian Alumen",,,,,,,,,,,,,,,,,,,,,,,,,,,,,,,,,,,,,,,,,,,,,,,,,,,,,,,,,,,,,,,,,,,,,,,,,,,,
12,10,"Gyr Abanian Mineral Water","Raw Kyanite","Harpoon Head","Koppranickel Ore","Raw Star Spinel","Phial of Thermal Fluid","Crescent Spring Water","Sparkstone","Doman Iron Ore","Malleable Still Material",,,,,,,,,,,,,,,,,,,,,,,,,,,,,,,,,,,,,,,,,,,,,,,,,,,,,,,,,,,,,,,,,,,,,,,,,,,,,,,,,,,,,,,,,,
13,13,"Schorl","Raw Azurite","Durium Ore","Raw Imperial Jade","Hard Place Furnishing Materials","Molybdenum Ore","Raw Rhodonite","Sturdy Vat Material","Clinquant Stones","Almandine","Rhodolite","Raw Hematite","Yanxian Soil",,,,,,,,,,,,,,,,,,,,,,,,,,,,,,,,,,,,,,,,,,,,,,,,,,,,,,,,,,,,,,,,,,,,,,,,,,,,,,,,,,,,,,,
14,13,"Patient Necessity Materials","Truegold Ore","Raw Diaspore","Weaving Paraphernalia","Medical Supply Materials","Highland Spring Water","Crafting Tool Paraphernalia","Rehabilitation Aid Materials","Animal Droppings","Bluespirit Ore","Raw Lazurite","Printing Paraphernalia","Megafauna Leftovers",,,,,,,,,,,,,,,,,,,,,,,,,,,,,,,,,,,,,,,,,,,,,,,,,,,,,,,,,,,,,,,,,,,,,,,,,,,,,,,,,,,,,,,
15,11,"Gale Rock","Solarite","Raw Triplite","Extra Effervescent Water","Titancopper Ore","Raw Petalite","Underground Spring Water","Megafauna Trace","Dimythrite Ore","Raw Onyx","Thunder Rock",,,,,,,,,,,,,,,,,,,,,,,,,,,,,,,,,,,,,,,,,,,,,,,,,,,,,,,,,,,,,,,,,,,,,,,,,,,,,,,,,,,,,,,,,
16,5,"Sharlayan Rock Salt","Raw Ametrine","High Durium Ore","Bismuth Ore","Lunar Staple",,,,,,,,,,,,,,,,,,,,,,,,,,,,,,,,,,,,,,,,,,,,,,,,,,,,,,,,,,,,,,,,,,,,,,,,,,,,,,,,,,,,,,,,,,,,,,,
17,4,"Manganese Ore","Elpis Staple","Chondrite","Ghostly Umbral Rock",,,,,,,,,,,,,,,,,,,,,,,,,,,,,,,,,,,,,,,,,,,,,,,,,,,,,,,,,,,,,,,,,,,,,,,,,,,,,,,,,,,,,,,,,,,,,,,,
18,0,,,,,,,,,,,,,,,,,,,,,,,,,,,,,,,,,,,,,,,,,,,,,,,,,,,,,,,,,,,,,,,,,,,,,,,,,,,,,,,,,,,,,,,,,,,,,,,,,,,,
19,0,,,,,,,,,,,,,,,,,,,,,,,,,,,,,,,,,,,,,,,,,,,,,,,,,,,,,,,,,,,,,,,,,,,,,,,,,,,,,,,,,,,,,,,,,,,,,,,,,,,,
20,0,,,,,,,,,,,,,,,,,,,,,,,,,,,,,,,,,,,,,,,,,,,,,,,,,,,,,,,,,,,,,,,,,,,,,,,,,,,,,,,,,,,,,,,,,,,,,,,,,,,,
21,0,,,,,,,,,,,,,,,,,,,,,,,,,,,,,,,,,,,,,,,,,,,,,,,,,,,,,,,,,,,,,,,,,,,,,,,,,,,,,,,,,,,,,,,,,,,,,,,,,,,,
22,0,,,,,,,,,,,,,,,,,,,,,,,,,,,,,,,,,,,,,,,,,,,,,,,,,,,,,,,,,,,,,,,,,,,,,,,,,,,,,,,,,,,,,,,,,,,,,,,,,,,,
23,0,,,,,,,,,,,,,,,,,,,,,,,,,,,,,,,,,,,,,,,,,,,,,,,,,,,,,,,,,,,,,,,,,,,,,,,,,,,,,,,,,,,,,,,,,,,,,,,,,,,,
24,0,,,,,,,,,,,,,,,,,,,,,,,,,,,,,,,,,,,,,,,,,,,,,,,,,,,,,,,,,,,,,,,,,,,,,,,,,,,,,,,,,,,,,,,,,,,,,,,,,,,,
25,0,,,,,,,,,,,,,,,,,,,,,,,,,,,,,,,,,,,,,,,,,,,,,,,,,,,,,,,,,,,,,,,,,,,,,,,,,,,,,,,,,,,,,,,,,,,,,,,,,,,,
26,0,,,,,,,,,,,,,,,,,,,,,,,,,,,,,,,,,,,,,,,,,,,,,,,,,,,,,,,,,,,,,,,,,,,,,,,,,,,,,,,,,,,,,,,,,,,,,,,,,,,,
27,0,,,,,,,,,,,,,,,,,,,,,,,,,,,,,,,,,,,,,,,,,,,,,,,,,,,,,,,,,,,,,,,,,,,,,,,,,,,,,,,,,,,,,,,,,,,,,,,,,,,,
28,0,,,,,,,,,,,,,,,,,,,,,,,,,,,,,,,,,,,,,,,,,,,,,,,,,,,,,,,,,,,,,,,,,,,,,,,,,,,,,,,,,,,,,,,,,,,,,,,,,,,,
29,0,,,,,,,,,,,,,,,,,,,,,,,,,,,,,,,,,,,,,,,,,,,,,,,,,,,,,,,,,,,,,,,,,,,,,,,,,,,,,,,,,,,,,,,,,,,,,,,,,,,,
30,0,,,,,,,,,,,,,,,,,,,,,,,,,,,,,,,,,,,,,,,,,,,,,,,,,,,,,,,,,,,,,,,,,,,,,,,,,,,,,,,,,,,,,,,,,,,,,,,,,,,,
31,0,,,,,,,,,,,,,,,,,,,,,,,,,,,,,,,,,,,,,,,,,,,,,,,,,,,,,,,,,,,,,,,,,,,,,,,,,,,,,,,,,,,,,,,,,,,,,,,,,,,,
32,0,,,,,,,,,,,,,,,,,,,,,,,,,,,,,,,,,,,,,,,,,,,,,,,,,,,,,,,,,,,,,,,,,,,,,,,,,,,,,,,,,,,,,,,,,,,,,,,,,,,,
33,0,,,,,,,,,,,,,,,,,,,,,,,,,,,,,,,,,,,,,,,,,,,,,,,,,,,,,,,,,,,,,,,,,,,,,,,,,,,,,,,,,,,,,,,,,,,,,,,,,,,,
34,0,,,,,,,,,,,,,,,,,,,,,,,,,,,,,,,,,,,,,,,,,,,,,,,,,,,,,,,,,,,,,,,,,,,,,,,,,,,,,,,,,,,,,,,,,,,,,,,,,,,,
35,0,,,,,,,,,,,,,,,,,,,,,,,,,,,,,,,,,,,,,,,,,,,,,,,,,,,,,,,,,,,,,,,,,,,,,,,,,,,,,,,,,,,,,,,,,,,,,,,,,,,,
36,0,,,,,,,,,,,,,,,,,,,,,,,,,,,,,,,,,,,,,,,,,,,,,,,,,,,,,,,,,,,,,,,,,,,,,,,,,,,,,,,,,,,,,,,,,,,,,,,,,,,,
37,0,,,,,,,,,,,,,,,,,,,,,,,,,,,,,,,,,,,,,,,,,,,,,,,,,,,,,,,,,,,,,,,,,,,,,,,,,,,,,,,,,,,,,,,,,,,,,,,,,,,,
38,0,,,,,,,,,,,,,,,,,,,,,,,,,,,,,,,,,,,,,,,,,,,,,,,,,,,,,,,,,,,,,,,,,,,,,,,,,,,,,,,,,,,,,,,,,,,,,,,,,,,,
39,0,,,,,,,,,,,,,,,,,,,,,,,,,,,,,,,,,,,,,,,,,,,,,,,,,,,,,,,,,,,,,,,,,,,,,,,,,,,,,,,,,,,,,,,,,,,,,,,,,,,,
40,6,"Fire Shard","Ice Shard","Wind Shard","Earth Shard","Lightning Shard","Water Shard",,,,,,,,,,,,,,,,,,,,,,,,,,,,,,,,,,,,,,,,,,,,,,,,,,,,,,,,,,,,,,,,,,,,,,,,,,,,,,,,,,,,,,,,,,,,,,
41,0,,,,,,,,,,,,,,,,,,,,,,,,,,,,,,,,,,,,,,,,,,,,,,,,,,,,,,,,,,,,,,,,,,,,,,,,,,,,,,,,,,,,,,,,,,,,,,,,,,,,
42,6,"Fine Sand","Copper Sand","Rock Salt","Ragstone","Iron Sand","Cinnabar",,,,,,,,,,,,,,,,,,,,,,,,,,,,,,,,,,,,,,,,,,,,,,,,,,,,,,,,,,,,,,,,,,,,,,,,,,,,,,,,,,,,,,,,,,,,,,
43,3,"Limestone","Mudstone","Grade 1 Carbonized Matter",,,,,,,,,,,,,,,,,,,,,,,,,,,,,,,,,,,,,,,,,,,,,,,,,,,,,,,,,,,,,,,,,,,,,,,,,,,,,,,,,,,,,,,,,,,,,,,,,
44,7,"Earth Rock","Silver Sand","Fire Rock","Ice Rock","Wind Rock","Lightning Rock","Water Rock",,,,,,,,,,,,,,,,,,,,,,,,,,,,,,,,,,,,,,,,,,,,,,,,,,,,,,,,,,,,,,,,,,,,,,,,,,,,,,,,,,,,,,,,,,,,,
45,20,"Bomb Ash","Fire Crystal","Ice Crystal","Wind Crystal","Earth Crystal","Lightning Crystal","Water Crystal","Silex","Blue Pigment","Red Pigment","Yellow Pigment","Grey Pigment","Brown Pigment","Green Pigment","Purple Pigment","Brimstone","Siltstone","Grade 1 La Noscean Topsoil","Grade 1 Shroud Topsoil","Grade 1 Thanalan Topsoil",,,,,,,,,,,,,,,,,,,,,,,,,,,,,,,,,,,,,,,,,,,,,,,,,,,,,,,,,,,,,,,,,,,,,,,,,,,,,,,,
46,1,"Mythril Sand",,,,,,,,,,,,,,,,,,,,,,,,,,,,,,,,,,,,,,,,,,,,,,,,,,,,,,,,,,,,,,,,,,,,,,,,,,,,,,,,,,,,,,,,,,,,,,,,,,,
47,1,"Grenade Ash",,,,,,,,,,,,,,,,,,,,,,,,,,,,,,,,,,,,,,,,,,,,,,,,,,,,,,,,,,,,,,,,,,,,,,,,,,,,,,,,,,,,,,,,,,,,,,,,,,,
48,2,"Electrum Sand","Marble",,,,,,,,,,,,,,,,,,,,,,,,,,,,,,,,,,,,,,,,,,,,,,,,,,,,,,,,,,,,,,,,,,,,,,,,,,,,,,,,,,,,,,,,,,,,,,,,,,
49,21,"Grade 2 La Noscean Topsoil","Grade 2 Shroud Topsoil","Grade 2 Thanalan Topsoil","Black Limestone","Fire Cluster","Ice Cluster","Wind Cluster","Earth Cluster","Lightning Cluster","Water Cluster","Astral Rock","Gold Sand","Volcanic Rock Salt","Unaspected Crystal","Umbral Rock","Grade 3 La Noscean Topsoil","Grade 3 Shroud Topsoil","Grade 3 Thanalan Topsoil","Antumbral Rock","Dark Matter Cluster","Pumice",,,,,,,,,,,,,,,,,,,,,,,,,,,,,,,,,,,,,,,,,,,,,,,,,,,,,,,,,,,,,,,,,,,,,,,,,,,,,,,
50,3,"Mythrite Sand","Yellow Quartz","Green Quartz",,,,,,,,,,,,,,,,,,,,,,,,,,,,,,,,,,,,,,,,,,,,,,,,,,,,,,,,,,,,,,,,,,,,,,,,,,,,,,,,,,,,,,,,,,,,,,,,,
51,15,"Abalathian Rock Salt","Fire Moraine","Lightning Moraine","Hardsilver Sand","Fossilized Dragon Bone","Cloud Mica","Red Quartz","Bright Fire Rock","Bright Lightning Rock","Tektite","Duskfall Moss","Radiant Fire Moraine","Radiant Lightning Moraine","Lumythrite Sand","Radiant Astral Moraine",,,,,,,,,,,,,,,,,,,,,,,,,,,,,,,,,,,,,,,,,,,,,,,,,,,,,,,,,,,,,,,,,,,,,,,,,,,,,,,,,,,,,
52,7,"Stiperstone","Koppranickel Sand","Pinch of Active Ingredients","Slate","Diatomite","Shisui Jewel","Cloudkin Feather",,,,,,,,,,,,,,,,,,,,,,,,,,,,,,,,,,,,,,,,,,,,,,,,,,,,,,,,,,,,,,,,,,,,,,,,,,,,,,,,,,,,,,,,,,,,,
53,15,"Perlite","Dacite","Durium Sand","Strong Steppe Spice","Doman Iron Sand","Palladium Sand","Ala Mhigan Salt Crystal","Raven Coal","Amh Araeng Seasonings","Animal Trace","Airship Fitting Components","Kholusian Miscellany","Yanxian Soil","Coarse Saltpeter","Yellow Alumen",,,,,,,,,,,,,,,,,,,,,,,,,,,,,,,,,,,,,,,,,,,,,,,,,,,,,,,,,,,,,,,,,,,,,,,,,,,,,,,,,,,,,
54,6,"Hard Mudstone","Truegold Sand","Gathering Tool Paraphernalia","Handpicked Ingredients","Manasilver Sand","High Tea Ingredients",,,,,,,,,,,,,,,,,,,,,,,,,,,,,,,,,,,,,,,,,,,,,,,,,,,,,,,,,,,,,,,,,,,,,,,,,,,,,,,,,,,,,,,,,,,,,,
55,6,"Volcanic Tuff","Titancopper Sand","Art Supply Materials","Dimythrite Sand","Shade Quartz","Thunder Rock",,,,,,,,,,,,,,,,,,,,,,,,,,,,,,,,,,,,,,,,,,,,,,,,,,,,,,,,,,,,,,,,,,,,,,,,,,,,,,,,,,,,,,,,,,,,,,
56,7,"High Durium Sand","Chloroschist","Hannish Staple","Pewter Ore","Phrygian Ore","Garlean Staple","Eblan Alumen",,,,,,,,,,,,,,,,,,,,,,,,,,,,,,,,,,,,,,,,,,,,,,,,,,,,,,,,,,,,,,,,,,,,,,,,,,,,,,,,,,,,,,,,,,,,,
57,5,"Raw Blue Zircon","Lunar Quartz","Annite","Ambrosial Water","Raw Star Quartz",,,,,,,,,,,,,,,,,,,,,,,,,,,,,,,,,,,,,,,,,,,,,,,,,,,,,,,,,,,,,,,,,,,,,,,,,,,,,,,,,,,,,,,,,,,,,,,
58,0,,,,,,,,,,,,,,,,,,,,,,,,,,,,,,,,,,,,,,,,,,,,,,,,,,,,,,,,,,,,,,,,,,,,,,,,,,,,,,,,,,,,,,,,,,,,,,,,,,,,
59,0,,,,,,,,,,,,,,,,,,,,,,,,,,,,,,,,,,,,,,,,,,,,,,,,,,,,,,,,,,,,,,,,,,,,,,,,,,,,,,,,,,,,,,,,,,,,,,,,,,,,
60,0,,,,,,,,,,,,,,,,,,,,,,,,,,,,,,,,,,,,,,,,,,,,,,,,,,,,,,,,,,,,,,,,,,,,,,,,,,,,,,,,,,,,,,,,,,,,,,,,,,,,
61,0,,,,,,,,,,,,,,,,,,,,,,,,,,,,,,,,,,,,,,,,,,,,,,,,,,,,,,,,,,,,,,,,,,,,,,,,,,,,,,,,,,,,,,,,,,,,,,,,,,,,
62,0,,,,,,,,,,,,,,,,,,,,,,,,,,,,,,,,,,,,,,,,,,,,,,,,,,,,,,,,,,,,,,,,,,,,,,,,,,,,,,,,,,,,,,,,,,,,,,,,,,,,
63,0,,,,,,,,,,,,,,,,,,,,,,,,,,,,,,,,,,,,,,,,,,,,,,,,,,,,,,,,,,,,,,,,,,,,,,,,,,,,,,,,,,,,,,,,,,,,,,,,,,,,
64,0,,,,,,,,,,,,,,,,,,,,,,,,,,,,,,,,,,,,,,,,,,,,,,,,,,,,,,,,,,,,,,,,,,,,,,,,,,,,,,,,,,,,,,,,,,,,,,,,,,,,
65,0,,,,,,,,,,,,,,,,,,,,,,,,,,,,,,,,,,,,,,,,,,,,,,,,,,,,,,,,,,,,,,,,,,,,,,,,,,,,,,,,,,,,,,,,,,,,,,,,,,,,
66,0,,,,,,,,,,,,,,,,,,,,,,,,,,,,,,,,,,,,,,,,,,,,,,,,,,,,,,,,,,,,,,,,,,,,,,,,,,,,,,,,,,,,,,,,,,,,,,,,,,,,
67,0,,,,,,,,,,,,,,,,,,,,,,,,,,,,,,,,,,,,,,,,,,,,,,,,,,,,,,,,,,,,,,,,,,,,,,,,,,,,,,,,,,,,,,,,,,,,,,,,,,,,
68,0,,,,,,,,,,,,,,,,,,,,,,,,,,,,,,,,,,,,,,,,,,,,,,,,,,,,,,,,,,,,,,,,,,,,,,,,,,,,,,,,,,,,,,,,,,,,,,,,,,,,
69,0,,,,,,,,,,,,,,,,,,,,,,,,,,,,,,,,,,,,,,,,,,,,,,,,,,,,,,,,,,,,,,,,,,,,,,,,,,,,,,,,,,,,,,,,,,,,,,,,,,,,
70,0,,,,,,,,,,,,,,,,,,,,,,,,,,,,,,,,,,,,,,,,,,,,,,,,,,,,,,,,,,,,,,,,,,,,,,,,,,,,,,,,,,,,,,,,,,,,,,,,,,,,
71,0,,,,,,,,,,,,,,,,,,,,,,,,,,,,,,,,,,,,,,,,,,,,,,,,,,,,,,,,,,,,,,,,,,,,,,,,,,,,,,,,,,,,,,,,,,,,,,,,,,,,
72,0,,,,,,,,,,,,,,,,,,,,,,,,,,,,,,,,,,,,,,,,,,,,,,,,,,,,,,,,,,,,,,,,,,,,,,,,,,,,,,,,,,,,,,,,,,,,,,,,,,,,
73,0,,,,,,,,,,,,,,,,,,,,,,,,,,,,,,,,,,,,,,,,,,,,,,,,,,,,,,,,,,,,,,,,,,,,,,,,,,,,,,,,,,,,,,,,,,,,,,,,,,,,
74,0,,,,,,,,,,,,,,,,,,,,,,,,,,,,,,,,,,,,,,,,,,,,,,,,,,,,,,,,,,,,,,,,,,,,,,,,,,,,,,,,,,,,,,,,,,,,,,,,,,,,
75,0,,,,,,,,,,,,,,,,,,,,,,,,,,,,,,,,,,,,,,,,,,,,,,,,,,,,,,,,,,,,,,,,,,,,,,,,,,,,,,,,,,,,,,,,,,,,,,,,,,,,
76,0,,,,,,,,,,,,,,,,,,,,,,,,,,,,,,,,,,,,,,,,,,,,,,,,,,,,,,,,,,,,,,,,,,,,,,,,,,,,,,,,,,,,,,,,,,,,,,,,,,,,
77,0,,,,,,,,,,,,,,,,,,,,,,,,,,,,,,,,,,,,,,,,,,,,,,,,,,,,,,,,,,,,,,,,,,,,,,,,,,,,,,,,,,,,,,,,,,,,,,,,,,,,
78,0,,,,,,,,,,,,,,,,,,,,,,,,,,,,,,,,,,,,,,,,,,,,,,,,,,,,,,,,,,,,,,,,,,,,,,,,,,,,,,,,,,,,,,,,,,,,,,,,,,,,
79,0,,,,,,,,,,,,,,,,,,,,,,,,,,,,,,,,,,,,,,,,,,,,,,,,,,,,,,,,,,,,,,,,,,,,,,,,,,,,,,,,,,,,,,,,,,,,,,,,,,,,
80,13,"Latex","Fire Shard","Ice Shard","Wind Shard","Earth Shard","Lightning Shard","Water Shard","Allagan Snail","Maple Sap","Maple Log","Cinnamon","Maple Branch","Beehive Chip",,,,,,,,,,,,,,,,,,,,,,,,,,,,,,,,,,,,,,,,,,,,,,,,,,,,,,,,,,,,,,,,,,,,,,,,,,,,,,,,,,,,,,,
81,9,"Cock Feather","Tinolqa Mistletoe","La Noscean Orange","La Noscean Orange Seeds","Ash Log","Kukuru Bean","Ash Branch","Cloves","Crow Feather",,,,,,,,,,,,,,,,,,,,,,,,,,,,,,,,,,,,,,,,,,,,,,,,,,,,,,,,,,,,,,,,,,,,,,,,,,,,,,,,,,,,,,,,,,,
82,2,"Elm Log","Gridanian Chestnut",,,,,,,,,,,,,,,,,,,,,,,,,,,,,,,,,,,,,,,,,,,,,,,,,,,,,,,,,,,,,,,,,,,,,,,,,,,,,,,,,,,,,,,,,,,,,,,,,,
83,8,"Faerie Apple","Faerie Apple Seeds","Sun Lemon","Sun Lemon Seeds","Nopales","Yew Log","Yew Branch","Grade 1 Carbonized Matter",,,,,,,,,,,,,,,,,,,,,,,,,,,,,,,,,,,,,,,,,,,,,,,,,,,,,,,,,,,,,,,,,,,,,,,,,,,,,,,,,,,,,,,,,,,,
84,3,"Gridanian Walnut","Matron's Mistletoe","Walnut Log",,,,,,,,,,,,,,,,,,,,,,,,,,,,,,,,,,,,,,,,,,,,,,,,,,,,,,,,,,,,,,,,,,,,,,,,,,,,,,,,,,,,,,,,,,,,,,,,,
85,15,"Fire Crystal","Ice Crystal","Wind Crystal","Earth Crystal","Lightning Crystal","Water Crystal","Blue Pigment","Red Pigment","Yellow Pigment","Grey Pigment","Brown Pigment","Green Pigment","Purple Pigment","Chocobo Feather","Alligator Pear",,,,,,,,,,,,,,,,,,,,,,,,,,,,,,,,,,,,,,,,,,,,,,,,,,,,,,,,,,,,,,,,,,,,,,,,,,,,,,,,,,,,,
86,3,"Oak Branch","Oak Log","Tarantula",,,,,,,,,,,,,,,,,,,,,,,,,,,,,,,,,,,,,,,,,,,,,,,,,,,,,,,,,,,,,,,,,,,,,,,,,,,,,,,,,,,,,,,,,,,,,,,,,
87,5,"Iron Acorn","Mahogany Log","Nutmeg","Almonds","Almond Seeds",,,,,,,,,,,,,,,,,,,,,,,,,,,,,,,,,,,,,,,,,,,,,,,,,,,,,,,,,,,,,,,,,,,,,,,,,,,,,,,,,,,,,,,,,,,,,,,
88,3,"Mirror Apple","Mirror Apple Seeds","Mistletoe",,,,,,,,,,,,,,,,,,,,,,,,,,,,,,,,,,,,,,,,,,,,,,,,,,,,,,,,,,,,,,,,,,,,,,,,,,,,,,,,,,,,,,,,,,,,,,,,,
89,25,"Rosewood Log","Rosewood Branch","Fire Cluster","Ice Cluster","Wind Cluster","Earth Cluster","Lightning Cluster","Water Cluster","Prickly Pineapple","Spruce Log","Thavnairian Mistletoe","Vampire Plant","Prickly Pineapple Seeds","Unaspected Crystal","Fragrant Log","Apricot","Blood Orange","Bamboo Stick","Redolent Log","Scarlet Sap","Dark Matter Cluster","Cypress Log","Cedar Log","Ebony Log","Cedar Branch",,,,,,,,,,,,,,,,,,,,,,,,,,,,,,,,,,,,,,,,,,,,,,,,,,,,,,,,,,,,,,,,,,,,,,,,,,,
90,5,"Porcini","Dark Chestnut Log","Dravanian Mistletoe","Dark Chestnut","Dark Chestnut Branch",,,,,,,,,,,,,,,,,,,,,,,,,,,,,,,,,,,,,,,,,,,,,,,,,,,,,,,,,,,,,,,,,,,,,,,,,,,,,,,,,,,,,,,,,,,,,,,
91,11,"Heavens Lemon","Wind Widow","Cloud Banana","Birch Log","Birch Branch","Abalathian Mistletoe","Morel","Birch Sap","Cloud Mushroom","Camphorwood Log","Camphorwood Branch",,,,,,,,,,,,,,,,,,,,,,,,,,,,,,,,,,,,,,,,,,,,,,,,,,,,,,,,,,,,,,,,,,,,,,,,,,,,,,,,,,,,,,,,,
92,10,"Loquat","Beech Log","Beech Branch","Bamboo Shoot","Larch Log","Pine Resin","Sparkstone","Shiitake Mushroom","Pine Log","Malleable Still Material",,,,,,,,,,,,,,,,,,,,,,,,,,,,,,,,,,,,,,,,,,,,,,,,,,,,,,,,,,,,,,,,,,,,,,,,,,,,,,,,,,,,,,,,,,
93,11,"Persimmon Leaf","Persimmon","Persimmon Log","Hard Place Furnishing Materials","Othardian Plum","Zelkova Log","Sturdy Vat Material","Raven Coal","Torreya Branch","Kholusian Miscellany","Yanxian Verbena",,,,,,,,,,,,,,,,,,,,,,,,,,,,,,,,,,,,,,,,,,,,,,,,,,,,,,,,,,,,,,,,,,,,,,,,,,,,,,,,,,,,,,,,,
94,12,"Pixie Apple","Frantoio","White Oak Log","White Oak Branch","Patient Necessity Materials","Miracle Apple Log","Weaving Paraphernalia","Rehabilitation Aid Materials","White Ash Log","Handpicked Ingredients","Gianthive Chip","High Tea Ingredients",,,,,,,,,,,,,,,,,,,,,,,,,,,,,,,,,,,,,,,,,,,,,,,,,,,,,,,,,,,,,,,,,,,,,,,,,,,,,,,,,,,,,,,,
95,5,"Amber Cloves","Sandteak Log","Harcot","Lemonette","Lignum Vitae Log",,,,,,,,,,,,,,,,,,,,,,,,,,,,,,,,,,,,,,,,,,,,,,,,,,,,,,,,,,,,,,,,,,,,,,,,,,,,,,,,,,,,,,,,,,,,,,,
96,6,"Horse Chestnut Log","Coconut","Palm Syrup","Palm Log","Garlean Staple","Red Pine Log",,,,,,,,,,,,,,,,,,,,,,,,,,,,,,,,,,,,,,,,,,,,,,,,,,,,,,,,,,,,,,,,,,,,,,,,,,,,,,,,,,,,,,,,,,,,,,
97,5,"Ironwood Log","Sykon","Elder Nutmeg Seeds","Integral Log","Palm Chippings",,,,,,,,,,,,,,,,,,,,,,,,,,,,,,,,,,,,,,,,,,,,,,,,,,,,,,,,,,,,,,,,,,,,,,,,,,,,,,,,,,,,,,,,,,,,,,,
98,0,,,,,,,,,,,,,,,,,,,,,,,,,,,,,,,,,,,,,,,,,,,,,,,,,,,,,,,,,,,,,,,,,,,,,,,,,,,,,,,,,,,,,,,,,,,,,,,,,,,,
99,0,,,,,,,,,,,,,,,,,,,,,,,,,,,,,,,,,,,,,,,,,,,,,,,,,,,,,,,,,,,,,,,,,,,,,,,,,,,,,,,,,,,,,,,,,,,,,,,,,,,,
100,0,,,,,,,,,,,,,,,,,,,,,,,,,,,,,,,,,,,,,,,,,,,,,,,,,,,,,,,,,,,,,,,,,,,,,,,,,,,,,,,,,,,,,,,,,,,,,,,,,,,,
101,0,,,,,,,,,,,,,,,,,,,,,,,,,,,,,,,,,,,,,,,,,,,,,,,,,,,,,,,,,,,,,,,,,,,,,,,,,,,,,,,,,,,,,,,,,,,,,,,,,,,,
102,0,,,,,,,,,,,,,,,,,,,,,,,,,,,,,,,,,,,,,,,,,,,,,,,,,,,,,,,,,,,,,,,,,,,,,,,,,,,,,,,,,,,,,,,,,,,,,,,,,,,,
103,0,,,,,,,,,,,,,,,,,,,,,,,,,,,,,,,,,,,,,,,,,,,,,,,,,,,,,,,,,,,,,,,,,,,,,,,,,,,,,,,,,,,,,,,,,,,,,,,,,,,,
104,0,,,,,,,,,,,,,,,,,,,,,,,,,,,,,,,,,,,,,,,,,,,,,,,,,,,,,,,,,,,,,,,,,,,,,,,,,,,,,,,,,,,,,,,,,,,,,,,,,,,,
105,0,,,,,,,,,,,,,,,,,,,,,,,,,,,,,,,,,,,,,,,,,,,,,,,,,,,,,,,,,,,,,,,,,,,,,,,,,,,,,,,,,,,,,,,,,,,,,,,,,,,,
106,0,,,,,,,,,,,,,,,,,,,,,,,,,,,,,,,,,,,,,,,,,,,,,,,,,,,,,,,,,,,,,,,,,,,,,,,,,,,,,,,,,,,,,,,,,,,,,,,,,,,,
107,0,,,,,,,,,,,,,,,,,,,,,,,,,,,,,,,,,,,,,,,,,,,,,,,,,,,,,,,,,,,,,,,,,,,,,,,,,,,,,,,,,,,,,,,,,,,,,,,,,,,,
108,0,,,,,,,,,,,,,,,,,,,,,,,,,,,,,,,,,,,,,,,,,,,,,,,,,,,,,,,,,,,,,,,,,,,,,,,,,,,,,,,,,,,,,,,,,,,,,,,,,,,,
109,0,,,,,,,,,,,,,,,,,,,,,,,,,,,,,,,,,,,,,,,,,,,,,,,,,,,,,,,,,,,,,,,,,,,,,,,,,,,,,,,,,,,,,,,,,,,,,,,,,,,,
110,0,,,,,,,,,,,,,,,,,,,,,,,,,,,,,,,,,,,,,,,,,,,,,,,,,,,,,,,,,,,,,,,,,,,,,,,,,,,,,,,,,,,,,,,,,,,,,,,,,,,,
111,0,,,,,,,,,,,,,,,,,,,,,,,,,,,,,,,,,,,,,,,,,,,,,,,,,,,,,,,,,,,,,,,,,,,,,,,,,,,,,,,,,,,,,,,,,,,,,,,,,,,,
112,0,,,,,,,,,,,,,,,,,,,,,,,,,,,,,,,,,,,,,,,,,,,,,,,,,,,,,,,,,,,,,,,,,,,,,,,,,,,,,,,,,,,,,,,,,,,,,,,,,,,,
113,0,,,,,,,,,,,,,,,,,,,,,,,,,,,,,,,,,,,,,,,,,,,,,,,,,,,,,,,,,,,,,,,,,,,,,,,,,,,,,,,,,,,,,,,,,,,,,,,,,,,,
114,0,,,,,,,,,,,,,,,,,,,,,,,,,,,,,,,,,,,,,,,,,,,,,,,,,,,,,,,,,,,,,,,,,,,,,,,,,,,,,,,,,,,,,,,,,,,,,,,,,,,,
115,0,,,,,,,,,,,,,,,,,,,,,,,,,,,,,,,,,,,,,,,,,,,,,,,,,,,,,,,,,,,,,,,,,,,,,,,,,,,,,,,,,,,,,,,,,,,,,,,,,,,,
116,0,,,,,,,,,,,,,,,,,,,,,,,,,,,,,,,,,,,,,,,,,,,,,,,,,,,,,,,,,,,,,,,,,,,,,,,,,,,,,,,,,,,,,,,,,,,,,,,,,,,,
117,0,,,,,,,,,,,,,,,,,,,,,,,,,,,,,,,,,,,,,,,,,,,,,,,,,,,,,,,,,,,,,,,,,,,,,,,,,,,,,,,,,,,,,,,,,,,,,,,,,,,,
118,0,,,,,,,,,,,,,,,,,,,,,,,,,,,,,,,,,,,,,,,,,,,,,,,,,,,,,,,,,,,,,,,,,,,,,,,,,,,,,,,,,,,,,,,,,,,,,,,,,,,,
119,0,,,,,,,,,,,,,,,,,,,,,,,,,,,,,,,,,,,,,,,,,,,,,,,,,,,,,,,,,,,,,,,,,,,,,,,,,,,,,,,,,,,,,,,,,,,,,,,,,,,,
120,12,"Fire Shard","Ice Shard","Wind Shard","Earth Shard","Lightning Shard","Water Shard","Firelight Seeds","Icelight Seeds","Windlight Seeds","Earthlight Seeds","Levinlight Seeds","Waterlight Seeds",,,,,,,,,,,,,,,,,,,,,,,,,,,,,,,,,,,,,,,,,,,,,,,,,,,,,,,,,,,,,,,,,,,,,,,,,,,,,,,,,,,,,,,,
121,0,,,,,,,,,,,,,,,,,,,,,,,,,,,,,,,,,,,,,,,,,,,,,,,,,,,,,,,,,,,,,,,,,,,,,,,,,,,,,,,,,,,,,,,,,,,,,,,,,,,,
122,34,"Lowland Grapes","Chanterelle","Rye","Sunset Wheat","Garlean Garlic","Tree Toad","Moko Grass","Yellow Ginseng","Lowland Grape Seeds","Garlic Cloves","Wild Onion","Buffalo Beans","Straw","Lavender","Grass Viper","Wild Onion Set","Lavender Seeds","Coerthan Carrot","Ogre Pumpkin","La Noscean Lettuce","Cinderfoot Olive","Humus","Carnation","Coerthan Carrot Seeds","La Noscean Lettuce Seeds","Olive Seeds","Cieldalaes Spinach","Black Pepper","Cotton Boll","Black Pepper Seeds","Ruby Tomato","Alpine Parsnip","Highland Parsley","Marjoram",,,,,,,,,,,,,,,,,,,,,,,,,,,,,,,,,,,,,,,,,,,,,,,,,,,,,,,,,,,,,,,,,,
123,12,"Paprika","Galago Mint","Paprika Seeds","Lalafellin Lentil","Popoto","Belladonna","Popoto Set","Gil Bun","Island Seedling","Shroud Seedling","Desert Seedling","White Scorpion",,,,,,,,,,,,,,,,,,,,,,,,,,,,,,,,,,,,,,,,,,,,,,,,,,,,,,,,,,,,,,,,,,,,,,,,,,,,,,,,,,,,,,,,
124,13,"Pixie Plums","Pixie Plum Seeds","Noble Grapes","Button Mushroom","Ala Mhigan Mustard","Ala Mhigan Mustard Seeds","Pearl Ginger","Chamomile","Pearl Ginger Root","Chamomile Seeds","Sticky Rice","Millioncorn","Millioncorn Seeds",,,,,,,,,,,,,,,,,,,,,,,,,,,,,,,,,,,,,,,,,,,,,,,,,,,,,,,,,,,,,,,,,,,,,,,,,,,,,,,,,,,,,,,
125,12,"Jade Peas","Fire Crystal","Ice Crystal","Wind Crystal","Earth Crystal","Lightning Crystal","Water Crystal","Wizard Eggplant","Wizard Eggplant Seeds","Midland Cabbage","Midland Cabbage Seeds","Moor Leech",,,,,,,,,,,,,,,,,,,,,,,,,,,,,,,,,,,,,,,,,,,,,,,,,,,,,,,,,,,,,,,,,,,,,,,,,,,,,,,,,,,,,,,,
126,15,"Flax","Yafaemi Wildgrass","Linseed","Aloe","Midland Basil","Midland Basil Seeds","White Truffle","Bloodgrass","Mandrake","Mandrake Seeds","Salt Leek","Laurel","Wildfowl Feather","Dragon Pepper","Desert Saffron",,,,,,,,,,,,,,,,,,,,,,,,,,,,,,,,,,,,,,,,,,,,,,,,,,,,,,,,,,,,,,,,,,,,,,,,,,,,,,,,,,,,,
127,6,"Blood Currants","Blood Currant Seeds","Mugwort","Maiden Artichoke","Ramhorn Zucchini","Thyme",,,,,,,,,,,,,,,,,,,,,,,,,,,,,,,,,,,,,,,,,,,,,,,,,,,,,,,,,,,,,,,,,,,,,,,,,,,,,,,,,,,,,,,,,,,,,,
128,5,"Sagolii Sage","Black Scorpion","Rolanberry","Rolanberry Seeds","Dart Frog",,,,,,,,,,,,,,,,,,,,,,,,,,,,,,,,,,,,,,,,,,,,,,,,,,,,,,,,,,,,,,,,,,,,,,,,,,,,,,,,,,,,,,,,,,,,,,,
129,25,"Thanalan Tea Leaves","Lava Toad","Maiden Grass","Ice Cluster","Wind Cluster","Earth Cluster","Dzemael Tomato","Honey Lemon","Black Truffle","Silkworm Cocoon","Trillium","Trillium Bulb","Kidragora","Dzemael Tomato Seeds","Honey Lemon Seeds","Unaspected Crystal","Mazlaya Greens","La Noscean Leek","Young Cieldalaes Spinach","Waterfowl Feather","Shroud Tea Leaves","Dark Matter Cluster","Old World Fig","Old World Fig Seeds","Rosemary",,,,,,,,,,,,,,,,,,,,,,,,,,,,,,,,,,,,,,,,,,,,,,,,,,,,,,,,,,,,,,,,,,,,,,,,,,,
130,12,"Rainbow Cotton Boll","Pearl Sprouts","Mist Dill","Pearl Sprout Seeds","Cyclops Onion","Highland Wheat","Coerthan Tea Leaves","Coerthan Tea Seeds","Stalk of Ramie","Magma Beet","Emerald Beans","Chives",,,,,,,,,,,,,,,,,,,,,,,,,,,,,,,,,,,,,,,,,,,,,,,,,,,,,,,,,,,,,,,,,,,,,,,,,,,,,,,,,,,,,,,,
131,33,"Highland Oregano","Pot Marjoram","Granular Clay","Coneflower","Sesame Seeds","Cow Bitter","Dated Radz-at-Han Coin","Furymint","Water Mint","Ice Stalagmite","Peat Moss","Rue","Duskfall Moss","Dandelion","Coriander","Chysahl Greens","Clary Sage","Wild Sage","Black Soil","Humic Soil","Gaelicatnip","Periwinkle","Glass Eye","Starcrack Sand","Shishu Koban","Cotter Dynasty Relic","Lover's Laurel","Whitefrost Cotton Boll","Rainbow Pigment","Peaks Pigment","Yellow Kudzu Root","Gyr Abanian Wheat","Bloodhemp",,,,,,,,,,,,,,,,,,,,,,,,,,,,,,,,,,,,,,,,,,,,,,,,,,,,,,,,,,,,,,,,,,,
132,17,"Pinch of Active Ingredients","Mountain Popoto","Buckwheat Kernels","Gem Algae","Harpoon Head","Ruby Cotton Boll","Holy Basil","Phial of Thermal Fluid","Sugar Beet","Green Leek","Soybeans","Ama Nori","Shisui Jewel","Kudzu Root","Cumin Seeds","Kudzu Vine","Cloudkin Feather",,,,,,,,,,,,,,,,,,,,,,,,,,,,,,,,,,,,,,,,,,,,,,,,,,,,,,,,,,,,,,,,,,,,,,,,,,,,,,,,,,,
133,25,"Daikon Radish","Gyr Abanian Carrot","Lotus Root","Sun Cabbage","Fennel","Doman Yellow","Windtea Leaves","Countess Tea Leaves","Strong Steppe Spice","Ruby Tide Kelp","Jhammel Ginger","Yanxian Parsley","Alyssum","Nagxian Cudweed","Chickweed","Nipplewort","Doman Eggplant","Twincoon","Amh Araeng Seasonings","Clinquant Stones","Animal Trace","Hallowed Basil","Airship Fitting Components","Yanxian Verbena","Night Pepper",,,,,,,,,,,,,,,,,,,,,,,,,,,,,,,,,,,,,,,,,,,,,,,,,,,,,,,,,,,,,,,,,,,,,,,,,,,
134,18,"Purple Carrot","Curly Parsley","Blood Tomato","Bright Flax","Gathering Tool Paraphernalia","Garden Beet","Broad Beans","Iridescent Cocoon","Medical Supply Materials","Upland Wheat","Crafting Tool Paraphernalia","Animal Droppings","Peppermint","Pixie Floss Boll","Royal Grapes","Creamtop Mushroom","Printing Paraphernalia","Megafauna Leftovers",,,,,,,,,,,,,,,,,,,,,,,,,,,,,,,,,,,,,,,,,,,,,,,,,,,,,,,,,,,,,,,,,,,,,,,,,,,,,,,,,,
135,16,"Russet Popoto","White Clay","Sweet Alyssum","Sweet Marjoram","Fernleaf Lavender","Art Supply Materials","Mist Spinach","Bomba Rice","Coffee Beans","Lime Basil","Megafauna Trace","Dwarven Cotton Boll","Tiger Lily","Light Gerbera","Bog Sage","Levin Mint",,,,,,,,,,,,,,,,,,,,,,,,,,,,,,,,,,,,,,,,,,,,,,,,,,,,,,,,,,,,,,,,,,,,,,,,,,,,,,,,,,,,
136,12,"Iceberg Lettuce","Dark Rye","Dark Hemp","Hannish Staple","Thavnairian Paprika","Thavnairian Perilla Leaf","Cucumber","Eblan Lentils","Beet","Snow Flax","Carrot of Happiness","Lunar Staple",,,,,,,,,,,,,,,,,,,,,,,,,,,,,,,,,,,,,,,,,,,,,,,,,,,,,,,,,,,,,,,,,,,,,,,,,,,,,,,,,,,,,,,,
137,7,"Scarlet Moko Grass","Ewer Clay","Giant Popoto","Sideritis Leaves","Elpis Staple","AR-Caean Cotton","Alien Onion",,,,,,,,,,,,,,,,,,,,,,,,,,,,,,,,,,,,,,,,,,,,,,,,,,,,,,,,,,,,,,,,,,,,,,,,,,,,,,,,,,,,,,,,,,,,,
138,0,,,,,,,,,,,,,,,,,,,,,,,,,,,,,,,,,,,,,,,,,,,,,,,,,,,,,,,,,,,,,,,,,,,,,,,,,,,,,,,,,,,,,,,,,,,,,,,,,,,,
139,0,,,,,,,,,,,,,,,,,,,,,,,,,,,,,,,,,,,,,,,,,,,,,,,,,,,,,,,,,,,,,,,,,,,,,,,,,,,,,,,,,,,,,,,,,,,,,,,,,,,,
140,0,,,,,,,,,,,,,,,,,,,,,,,,,,,,,,,,,,,,,,,,,,,,,,,,,,,,,,,,,,,,,,,,,,,,,,,,,,,,,,,,,,,,,,,,,,,,,,,,,,,,
141,0,,,,,,,,,,,,,,,,,,,,,,,,,,,,,,,,,,,,,,,,,,,,,,,,,,,,,,,,,,,,,,,,,,,,,,,,,,,,,,,,,,,,,,,,,,,,,,,,,,,,
142,0,,,,,,,,,,,,,,,,,,,,,,,,,,,,,,,,,,,,,,,,,,,,,,,,,,,,,,,,,,,,,,,,,,,,,,,,,,,,,,,,,,,,,,,,,,,,,,,,,,,,
143,0,,,,,,,,,,,,,,,,,,,,,,,,,,,,,,,,,,,,,,,,,,,,,,,,,,,,,,,,,,,,,,,,,,,,,,,,,,,,,,,,,,,,,,,,,,,,,,,,,,,,
144,0,,,,,,,,,,,,,,,,,,,,,,,,,,,,,,,,,,,,,,,,,,,,,,,,,,,,,,,,,,,,,,,,,,,,,,,,,,,,,,,,,,,,,,,,,,,,,,,,,,,,
145,0,,,,,,,,,,,,,,,,,,,,,,,,,,,,,,,,,,,,,,,,,,,,,,,,,,,,,,,,,,,,,,,,,,,,,,,,,,,,,,,,,,,,,,,,,,,,,,,,,,,,
146,0,,,,,,,,,,,,,,,,,,,,,,,,,,,,,,,,,,,,,,,,,,,,,,,,,,,,,,,,,,,,,,,,,,,,,,,,,,,,,,,,,,,,,,,,,,,,,,,,,,,,
147,0,,,,,,,,,,,,,,,,,,,,,,,,,,,,,,,,,,,,,,,,,,,,,,,,,,,,,,,,,,,,,,,,,,,,,,,,,,,,,,,,,,,,,,,,,,,,,,,,,,,,
148,0,,,,,,,,,,,,,,,,,,,,,,,,,,,,,,,,,,,,,,,,,,,,,,,,,,,,,,,,,,,,,,,,,,,,,,,,,,,,,,,,,,,,,,,,,,,,,,,,,,,,
149,0,,,,,,,,,,,,,,,,,,,,,,,,,,,,,,,,,,,,,,,,,,,,,,,,,,,,,,,,,,,,,,,,,,,,,,,,,,,,,,,,,,,,,,,,,,,,,,,,,,,,
150,0,,,,,,,,,,,,,,,,,,,,,,,,,,,,,,,,,,,,,,,,,,,,,,,,,,,,,,,,,,,,,,,,,,,,,,,,,,,,,,,,,,,,,,,,,,,,,,,,,,,,
151,0,,,,,,,,,,,,,,,,,,,,,,,,,,,,,,,,,,,,,,,,,,,,,,,,,,,,,,,,,,,,,,,,,,,,,,,,,,,,,,,,,,,,,,,,,,,,,,,,,,,,
152,0,,,,,,,,,,,,,,,,,,,,,,,,,,,,,,,,,,,,,,,,,,,,,,,,,,,,,,,,,,,,,,,,,,,,,,,,,,,,,,,,,,,,,,,,,,,,,,,,,,,,
153,0,,,,,,,,,,,,,,,,,,,,,,,,,,,,,,,,,,,,,,,,,,,,,,,,,,,,,,,,,,,,,,,,,,,,,,,,,,,,,,,,,,,,,,,,,,,,,,,,,,,,
154,0,,,,,,,,,,,,,,,,,,,,,,,,,,,,,,,,,,,,,,,,,,,,,,,,,,,,,,,,,,,,,,,,,,,,,,,,,,,,,,,,,,,,,,,,,,,,,,,,,,,,
155,0,,,,,,,,,,,,,,,,,,,,,,,,,,,,,,,,,,,,,,,,,,,,,,,,,,,,,,,,,,,,,,,,,,,,,,,,,,,,,,,,,,,,,,,,,,,,,,,,,,,,
156,0,,,,,,,,,,,,,,,,,,,,,,,,,,,,,,,,,,,,,,,,,,,,,,,,,,,,,,,,,,,,,,,,,,,,,,,,,,,,,,,,,,,,,,,,,,,,,,,,,,,,
157,0,,,,,,,,,,,,,,,,,,,,,,,,,,,,,,,,,,,,,,,,,,,,,,,,,,,,,,,,,,,,,,,,,,,,,,,,,,,,,,,,,,,,,,,,,,,,,,,,,,,,
158,0,,,,,,,,,,,,,,,,,,,,,,,,,,,,,,,,,,,,,,,,,,,,,,,,,,,,,,,,,,,,,,,,,,,,,,,,,,,,,,,,,,,,,,,,,,,,,,,,,,,,
159,0,,,,,,,,,,,,,,,,,,,,,,,,,,,,,,,,,,,,,,,,,,,,,,,,,,,,,,,,,,,,,,,,,,,,,,,,,,,,,,,,,,,,,,,,,,,,,,,,,,,,
160,0,,,,,,,,,,,,,,,,,,,,,,,,,,,,,,,,,,,,,,,,,,,,,,,,,,,,,,,,,,,,,,,,,,,,,,,,,,,,,,,,,,,,,,,,,,,,,,,,,,,,
161,0,,,,,,,,,,,,,,,,,,,,,,,,,,,,,,,,,,,,,,,,,,,,,,,,,,,,,,,,,,,,,,,,,,,,,,,,,,,,,,,,,,,,,,,,,,,,,,,,,,,,
162,0,,,,,,,,,,,,,,,,,,,,,,,,,,,,,,,,,,,,,,,,,,,,,,,,,,,,,,,,,,,,,,,,,,,,,,,,,,,,,,,,,,,,,,,,,,,,,,,,,,,,
163,0,,,,,,,,,,,,,,,,,,,,,,,,,,,,,,,,,,,,,,,,,,,,,,,,,,,,,,,,,,,,,,,,,,,,,,,,,,,,,,,,,,,,,,,,,,,,,,,,,,,,
164,0,,,,,,,,,,,,,,,,,,,,,,,,,,,,,,,,,,,,,,,,,,,,,,,,,,,,,,,,,,,,,,,,,,,,,,,,,,,,,,,,,,,,,,,,,,,,,,,,,,,,
165,0,,,,,,,,,,,,,,,,,,,,,,,,,,,,,,,,,,,,,,,,,,,,,,,,,,,,,,,,,,,,,,,,,,,,,,,,,,,,,,,,,,,,,,,,,,,,,,,,,,,,
166,0,,,,,,,,,,,,,,,,,,,,,,,,,,,,,,,,,,,,,,,,,,,,,,,,,,,,,,,,,,,,,,,,,,,,,,,,,,,,,,,,,,,,,,,,,,,,,,,,,,,,
167,0,,,,,,,,,,,,,,,,,,,,,,,,,,,,,,,,,,,,,,,,,,,,,,,,,,,,,,,,,,,,,,,,,,,,,,,,,,,,,,,,,,,,,,,,,,,,,,,,,,,,
168,0,,,,,,,,,,,,,,,,,,,,,,,,,,,,,,,,,,,,,,,,,,,,,,,,,,,,,,,,,,,,,,,,,,,,,,,,,,,,,,,,,,,,,,,,,,,,,,,,,,,,
169,0,,,,,,,,,,,,,,,,,,,,,,,,,,,,,,,,,,,,,,,,,,,,,,,,,,,,,,,,,,,,,,,,,,,,,,,,,,,,,,,,,,,,,,,,,,,,,,,,,,,,
170,0,,,,,,,,,,,,,,,,,,,,,,,,,,,,,,,,,,,,,,,,,,,,,,,,,,,,,,,,,,,,,,,,,,,,,,,,,,,,,,,,,,,,,,,,,,,,,,,,,,,,
171,0,,,,,,,,,,,,,,,,,,,,,,,,,,,,,,,,,,,,,,,,,,,,,,,,,,,,,,,,,,,,,,,,,,,,,,,,,,,,,,,,,,,,,,,,,,,,,,,,,,,,
172,0,,,,,,,,,,,,,,,,,,,,,,,,,,,,,,,,,,,,,,,,,,,,,,,,,,,,,,,,,,,,,,,,,,,,,,,,,,,,,,,,,,,,,,,,,,,,,,,,,,,,
173,0,,,,,,,,,,,,,,,,,,,,,,,,,,,,,,,,,,,,,,,,,,,,,,,,,,,,,,,,,,,,,,,,,,,,,,,,,,,,,,,,,,,,,,,,,,,,,,,,,,,,
174,0,,,,,,,,,,,,,,,,,,,,,,,,,,,,,,,,,,,,,,,,,,,,,,,,,,,,,,,,,,,,,,,,,,,,,,,,,,,,,,,,,,,,,,,,,,,,,,,,,,,,
175,0,,,,,,,,,,,,,,,,,,,,,,,,,,,,,,,,,,,,,,,,,,,,,,,,,,,,,,,,,,,,,,,,,,,,,,,,,,,,,,,,,,,,,,,,,,,,,,,,,,,,
176,0,,,,,,,,,,,,,,,,,,,,,,,,,,,,,,,,,,,,,,,,,,,,,,,,,,,,,,,,,,,,,,,,,,,,,,,,,,,,,,,,,,,,,,,,,,,,,,,,,,,,
177,0,,,,,,,,,,,,,,,,,,,,,,,,,,,,,,,,,,,,,,,,,,,,,,,,,,,,,,,,,,,,,,,,,,,,,,,,,,,,,,,,,,,,,,,,,,,,,,,,,,,,
178,0,,,,,,,,,,,,,,,,,,,,,,,,,,,,,,,,,,,,,,,,,,,,,,,,,,,,,,,,,,,,,,,,,,,,,,,,,,,,,,,,,,,,,,,,,,,,,,,,,,,,
179,0,,,,,,,,,,,,,,,,,,,,,,,,,,,,,,,,,,,,,,,,,,,,,,,,,,,,,,,,,,,,,,,,,,,,,,,,,,,,,,,,,,,,,,,,,,,,,,,,,,,,
180,0,,,,,,,,,,,,,,,,,,,,,,,,,,,,,,,,,,,,,,,,,,,,,,,,,,,,,,,,,,,,,,,,,,,,,,,,,,,,,,,,,,,,,,,,,,,,,,,,,,,,
181,0,,,,,,,,,,,,,,,,,,,,,,,,,,,,,,,,,,,,,,,,,,,,,,,,,,,,,,,,,,,,,,,,,,,,,,,,,,,,,,,,,,,,,,,,,,,,,,,,,,,,
182,0,,,,,,,,,,,,,,,,,,,,,,,,,,,,,,,,,,,,,,,,,,,,,,,,,,,,,,,,,,,,,,,,,,,,,,,,,,,,,,,,,,,,,,,,,,,,,,,,,,,,
183,0,,,,,,,,,,,,,,,,,,,,,,,,,,,,,,,,,,,,,,,,,,,,,,,,,,,,,,,,,,,,,,,,,,,,,,,,,,,,,,,,,,,,,,,,,,,,,,,,,,,,
184,0,,,,,,,,,,,,,,,,,,,,,,,,,,,,,,,,,,,,,,,,,,,,,,,,,,,,,,,,,,,,,,,,,,,,,,,,,,,,,,,,,,,,,,,,,,,,,,,,,,,,
185,0,,,,,,,,,,,,,,,,,,,,,,,,,,,,,,,,,,,,,,,,,,,,,,,,,,,,,,,,,,,,,,,,,,,,,,,,,,,,,,,,,,,,,,,,,,,,,,,,,,,,
186,0,,,,,,,,,,,,,,,,,,,,,,,,,,,,,,,,,,,,,,,,,,,,,,,,,,,,,,,,,,,,,,,,,,,,,,,,,,,,,,,,,,,,,,,,,,,,,,,,,,,,
187,0,,,,,,,,,,,,,,,,,,,,,,,,,,,,,,,,,,,,,,,,,,,,,,,,,,,,,,,,,,,,,,,,,,,,,,,,,,,,,,,,,,,,,,,,,,,,,,,,,,,,
188,0,,,,,,,,,,,,,,,,,,,,,,,,,,,,,,,,,,,,,,,,,,,,,,,,,,,,,,,,,,,,,,,,,,,,,,,,,,,,,,,,,,,,,,,,,,,,,,,,,,,,
189,0,,,,,,,,,,,,,,,,,,,,,,,,,,,,,,,,,,,,,,,,,,,,,,,,,,,,,,,,,,,,,,,,,,,,,,,,,,,,,,,,,,,,,,,,,,,,,,,,,,,,
190,0,,,,,,,,,,,,,,,,,,,,,,,,,,,,,,,,,,,,,,,,,,,,,,,,,,,,,,,,,,,,,,,,,,,,,,,,,,,,,,,,,,,,,,,,,,,,,,,,,,,,
191,0,,,,,,,,,,,,,,,,,,,,,,,,,,,,,,,,,,,,,,,,,,,,,,,,,,,,,,,,,,,,,,,,,,,,,,,,,,,,,,,,,,,,,,,,,,,,,,,,,,,,
192,0,,,,,,,,,,,,,,,,,,,,,,,,,,,,,,,,,,,,,,,,,,,,,,,,,,,,,,,,,,,,,,,,,,,,,,,,,,,,,,,,,,,,,,,,,,,,,,,,,,,,
193,0,,,,,,,,,,,,,,,,,,,,,,,,,,,,,,,,,,,,,,,,,,,,,,,,,,,,,,,,,,,,,,,,,,,,,,,,,,,,,,,,,,,,,,,,,,,,,,,,,,,,
194,0,,,,,,,,,,,,,,,,,,,,,,,,,,,,,,,,,,,,,,,,,,,,,,,,,,,,,,,,,,,,,,,,,,,,,,,,,,,,,,,,,,,,,,,,,,,,,,,,,,,,
195,0,,,,,,,,,,,,,,,,,,,,,,,,,,,,,,,,,,,,,,,,,,,,,,,,,,,,,,,,,,,,,,,,,,,,,,,,,,,,,,,,,,,,,,,,,,,,,,,,,,,,
196,0,,,,,,,,,,,,,,,,,,,,,,,,,,,,,,,,,,,,,,,,,,,,,,,,,,,,,,,,,,,,,,,,,,,,,,,,,,,,,,,,,,,,,,,,,,,,,,,,,,,,
197,0,,,,,,,,,,,,,,,,,,,,,,,,,,,,,,,,,,,,,,,,,,,,,,,,,,,,,,,,,,,,,,,,,,,,,,,,,,,,,,,,,,,,,,,,,,,,,,,,,,,,
198,0,,,,,,,,,,,,,,,,,,,,,,,,,,,,,,,,,,,,,,,,,,,,,,,,,,,,,,,,,,,,,,,,,,,,,,,,,,,,,,,,,,,,,,,,,,,,,,,,,,,,
199,0,,,,,,,,,,,,,,,,,,,,,,,,,,,,,,,,,,,,,,,,,,,,,,,,,,,,,,,,,,,,,,,,,,,,,,,,,,,,,,,,,,,,,,,,,,,,,,,,,,,,
200,0,,,,,,,,,,,,,,,,,,,,,,,,,,,,,,,,,,,,,,,,,,,,,,,,,,,,,,,,,,,,,,,,,,,,,,,,,,,,,,,,,,,,,,,,,,,,,,,,,,,,
201,0,,,,,,,,,,,,,,,,,,,,,,,,,,,,,,,,,,,,,,,,,,,,,,,,,,,,,,,,,,,,,,,,,,,,,,,,,,,,,,,,,,,,,,,,,,,,,,,,,,,,
202,0,,,,,,,,,,,,,,,,,,,,,,,,,,,,,,,,,,,,,,,,,,,,,,,,,,,,,,,,,,,,,,,,,,,,,,,,,,,,,,,,,,,,,,,,,,,,,,,,,,,,
203,0,,,,,,,,,,,,,,,,,,,,,,,,,,,,,,,,,,,,,,,,,,,,,,,,,,,,,,,,,,,,,,,,,,,,,,,,,,,,,,,,,,,,,,,,,,,,,,,,,,,,
204,0,,,,,,,,,,,,,,,,,,,,,,,,,,,,,,,,,,,,,,,,,,,,,,,,,,,,,,,,,,,,,,,,,,,,,,,,,,,,,,,,,,,,,,,,,,,,,,,,,,,,
205,0,,,,,,,,,,,,,,,,,,,,,,,,,,,,,,,,,,,,,,,,,,,,,,,,,,,,,,,,,,,,,,,,,,,,,,,,,,,,,,,,,,,,,,,,,,,,,,,,,,,,
206,0,,,,,,,,,,,,,,,,,,,,,,,,,,,,,,,,,,,,,,,,,,,,,,,,,,,,,,,,,,,,,,,,,,,,,,,,,,,,,,,,,,,,,,,,,,,,,,,,,,,,
207,0,,,,,,,,,,,,,,,,,,,,,,,,,,,,,,,,,,,,,,,,,,,,,,,,,,,,,,,,,,,,,,,,,,,,,,,,,,,,,,,,,,,,,,,,,,,,,,,,,,,,
208,0,,,,,,,,,,,,,,,,,,,,,,,,,,,,,,,,,,,,,,,,,,,,,,,,,,,,,,,,,,,,,,,,,,,,,,,,,,,,,,,,,,,,,,,,,,,,,,,,,,,,
209,0,,,,,,,,,,,,,,,,,,,,,,,,,,,,,,,,,,,,,,,,,,,,,,,,,,,,,,,,,,,,,,,,,,,,,,,,,,,,,,,,,,,,,,,,,,,,,,,,,,,,
210,0,,,,,,,,,,,,,,,,,,,,,,,,,,,,,,,,,,,,,,,,,,,,,,,,,,,,,,,,,,,,,,,,,,,,,,,,,,,,,,,,,,,,,,,,,,,,,,,,,,,,
211,0,,,,,,,,,,,,,,,,,,,,,,,,,,,,,,,,,,,,,,,,,,,,,,,,,,,,,,,,,,,,,,,,,,,,,,,,,,,,,,,,,,,,,,,,,,,,,,,,,,,,
212,0,,,,,,,,,,,,,,,,,,,,,,,,,,,,,,,,,,,,,,,,,,,,,,,,,,,,,,,,,,,,,,,,,,,,,,,,,,,,,,,,,,,,,,,,,,,,,,,,,,,,
213,0,,,,,,,,,,,,,,,,,,,,,,,,,,,,,,,,,,,,,,,,,,,,,,,,,,,,,,,,,,,,,,,,,,,,,,,,,,,,,,,,,,,,,,,,,,,,,,,,,,,,
214,0,,,,,,,,,,,,,,,,,,,,,,,,,,,,,,,,,,,,,,,,,,,,,,,,,,,,,,,,,,,,,,,,,,,,,,,,,,,,,,,,,,,,,,,,,,,,,,,,,,,,
215,0,,,,,,,,,,,,,,,,,,,,,,,,,,,,,,,,,,,,,,,,,,,,,,,,,,,,,,,,,,,,,,,,,,,,,,,,,,,,,,,,,,,,,,,,,,,,,,,,,,,,
216,0,,,,,,,,,,,,,,,,,,,,,,,,,,,,,,,,,,,,,,,,,,,,,,,,,,,,,,,,,,,,,,,,,,,,,,,,,,,,,,,,,,,,,,,,,,,,,,,,,,,,
217,0,,,,,,,,,,,,,,,,,,,,,,,,,,,,,,,,,,,,,,,,,,,,,,,,,,,,,,,,,,,,,,,,,,,,,,,,,,,,,,,,,,,,,,,,,,,,,,,,,,,,
218,0,,,,,,,,,,,,,,,,,,,,,,,,,,,,,,,,,,,,,,,,,,,,,,,,,,,,,,,,,,,,,,,,,,,,,,,,,,,,,,,,,,,,,,,,,,,,,,,,,,,,
219,0,,,,,,,,,,,,,,,,,,,,,,,,,,,,,,,,,,,,,,,,,,,,,,,,,,,,,,,,,,,,,,,,,,,,,,,,,,,,,,,,,,,,,,,,,,,,,,,,,,,,
220,0,,,,,,,,,,,,,,,,,,,,,,,,,,,,,,,,,,,,,,,,,,,,,,,,,,,,,,,,,,,,,,,,,,,,,,,,,,,,,,,,,,,,,,,,,,,,,,,,,,,,
221,0,,,,,,,,,,,,,,,,,,,,,,,,,,,,,,,,,,,,,,,,,,,,,,,,,,,,,,,,,,,,,,,,,,,,,,,,,,,,,,,,,,,,,,,,,,,,,,,,,,,,
222,0,,,,,,,,,,,,,,,,,,,,,,,,,,,,,,,,,,,,,,,,,,,,,,,,,,,,,,,,,,,,,,,,,,,,,,,,,,,,,,,,,,,,,,,,,,,,,,,,,,,,
223,0,,,,,,,,,,,,,,,,,,,,,,,,,,,,,,,,,,,,,,,,,,,,,,,,,,,,,,,,,,,,,,,,,,,,,,,,,,,,,,,,,,,,,,,,,,,,,,,,,,,,
224,0,,,,,,,,,,,,,,,,,,,,,,,,,,,,,,,,,,,,,,,,,,,,,,,,,,,,,,,,,,,,,,,,,,,,,,,,,,,,,,,,,,,,,,,,,,,,,,,,,,,,
225,0,,,,,,,,,,,,,,,,,,,,,,,,,,,,,,,,,,,,,,,,,,,,,,,,,,,,,,,,,,,,,,,,,,,,,,,,,,,,,,,,,,,,,,,,,,,,,,,,,,,,
226,0,,,,,,,,,,,,,,,,,,,,,,,,,,,,,,,,,,,,,,,,,,,,,,,,,,,,,,,,,,,,,,,,,,,,,,,,,,,,,,,,,,,,,,,,,,,,,,,,,,,,
227,0,,,,,,,,,,,,,,,,,,,,,,,,,,,,,,,,,,,,,,,,,,,,,,,,,,,,,,,,,,,,,,,,,,,,,,,,,,,,,,,,,,,,,,,,,,,,,,,,,,,,
228,0,,,,,,,,,,,,,,,,,,,,,,,,,,,,,,,,,,,,,,,,,,,,,,,,,,,,,,,,,,,,,,,,,,,,,,,,,,,,,,,,,,,,,,,,,,,,,,,,,,,,
229,0,,,,,,,,,,,,,,,,,,,,,,,,,,,,,,,,,,,,,,,,,,,,,,,,,,,,,,,,,,,,,,,,,,,,,,,,,,,,,,,,,,,,,,,,,,,,,,,,,,,,
230,0,,,,,,,,,,,,,,,,,,,,,,,,,,,,,,,,,,,,,,,,,,,,,,,,,,,,,,,,,,,,,,,,,,,,,,,,,,,,,,,,,,,,,,,,,,,,,,,,,,,,
231,0,,,,,,,,,,,,,,,,,,,,,,,,,,,,,,,,,,,,,,,,,,,,,,,,,,,,,,,,,,,,,,,,,,,,,,,,,,,,,,,,,,,,,,,,,,,,,,,,,,,,
232,0,,,,,,,,,,,,,,,,,,,,,,,,,,,,,,,,,,,,,,,,,,,,,,,,,,,,,,,,,,,,,,,,,,,,,,,,,,,,,,,,,,,,,,,,,,,,,,,,,,,,
233,0,,,,,,,,,,,,,,,,,,,,,,,,,,,,,,,,,,,,,,,,,,,,,,,,,,,,,,,,,,,,,,,,,,,,,,,,,,,,,,,,,,,,,,,,,,,,,,,,,,,,
234,0,,,,,,,,,,,,,,,,,,,,,,,,,,,,,,,,,,,,,,,,,,,,,,,,,,,,,,,,,,,,,,,,,,,,,,,,,,,,,,,,,,,,,,,,,,,,,,,,,,,,
235,0,,,,,,,,,,,,,,,,,,,,,,,,,,,,,,,,,,,,,,,,,,,,,,,,,,,,,,,,,,,,,,,,,,,,,,,,,,,,,,,,,,,,,,,,,,,,,,,,,,,,
236,0,,,,,,,,,,,,,,,,,,,,,,,,,,,,,,,,,,,,,,,,,,,,,,,,,,,,,,,,,,,,,,,,,,,,,,,,,,,,,,,,,,,,,,,,,,,,,,,,,,,,
237,0,,,,,,,,,,,,,,,,,,,,,,,,,,,,,,,,,,,,,,,,,,,,,,,,,,,,,,,,,,,,,,,,,,,,,,,,,,,,,,,,,,,,,,,,,,,,,,,,,,,,
238,0,,,,,,,,,,,,,,,,,,,,,,,,,,,,,,,,,,,,,,,,,,,,,,,,,,,,,,,,,,,,,,,,,,,,,,,,,,,,,,,,,,,,,,,,,,,,,,,,,,,,
239,0,,,,,,,,,,,,,,,,,,,,,,,,,,,,,,,,,,,,,,,,,,,,,,,,,,,,,,,,,,,,,,,,,,,,,,,,,,,,,,,,,,,,,,,,,,,,,,,,,,,,
2000,1,"Tungstite",,,,,,,,,,,,,,,,,,,,,,,,,,,,,,,,,,,,,,,,,,,,,,,,,,,,,,,,,,,,,,,,,,,,,,,,,,,,,,,,,,,,,,,,,,,,,,,,,,,
2001,2,"Violet Quartz","Astral Moraine",,,,,,,,,,,,,,,,,,,,,,,,,,,,,,,,,,,,,,,,,,,,,,,,,,,,,,,,,,,,,,,,,,,,,,,,,,,,,,,,,,,,,,,,,,,,,,,,,,
2003,3,"Dravanian Paprika","Vanilla Beans","Frost Cotton Boll",,,,,,,,,,,,,,,,,,,,,,,,,,,,,,,,,,,,,,,,,,,,,,,,,,,,,,,,,,,,,,,,,,,,,,,,,,,,,,,,,,,,,,,,,,,,,,,,,
2004,2,"Aurum Regis Ore","Lumythrite Ore",,,,,,,,,,,,,,,,,,,,,,,,,,,,,,,,,,,,,,,,,,,,,,,,,,,,,,,,,,,,,,,,,,,,,,,,,,,,,,,,,,,,,,,,,,,,,,,,,,
2005,2,"Blue Quartz","Zeolite Ore",,,,,,,,,,,,,,,,,,,,,,,,,,,,,,,,,,,,,,,,,,,,,,,,,,,,,,,,,,,,,,,,,,,,,,,,,,,,,,,,,,,,,,,,,,,,,,,,,,
2006,4,"Old-growth Camphorwood Log","Crystallized Sap","Brown Mushroom","Teak Log",,,,,,,,,,,,,,,,,,,,,,,,,,,,,,,,,,,,,,,,,,,,,,,,,,,,,,,,,,,,,,,,,,,,,,,,,,,,,,,,,,,,,,,,,,,,,,,,
2007,3,"Snurbleberry","Seventh Heaven","Noble Sage",,,,,,,,,,,,,,,,,,,,,,,,,,,,,,,,,,,,,,,,,,,,,,,,,,,,,,,,,,,,,,,,,,,,,,,,,,,,,,,,,,,,,,,,,,,,,,,,,
2008,4,"Red Alumen","Smithsonite Ore","Meteorite","Luminium Ore",,,,,,,,,,,,,,,,,,,,,,,,,,,,,,,,,,,,,,,,,,,,,,,,,,,,,,,,,,,,,,,,,,,,,,,,,,,,,,,,,,,,,,,,,,,,,,,,
2009,1,"Sun Mica",,,,,,,,,,,,,,,,,,,,,,,,,,,,,,,,,,,,,,,,,,,,,,,,,,,,,,,,,,,,,,,,,,,,,,,,,,,,,,,,,,,,,,,,,,,,,,,,,,,
2010,2,"Honeydew Almonds","Wattle Bark",,,,,,,,,,,,,,,,,,,,,,,,,,,,,,,,,,,,,,,,,,,,,,,,,,,,,,,,,,,,,,,,,,,,,,,,,,,,,,,,,,,,,,,,,,,,,,,,,,
2011,1,"Star Cotton Boll",,,,,,,,,,,,,,,,,,,,,,,,,,,,,,,,,,,,,,,,,,,,,,,,,,,,,,,,,,,,,,,,,,,,,,,,,,,,,,,,,,,,,,,,,,,,,,,,,,,
2012,4,"Chromite Ore","Gyr Abanian Spring Water","Gyr Abanian Ore","Evergleam Ore",,,,,,,,,,,,,,,,,,,,,,,,,,,,,,,,,,,,,,,,,,,,,,,,,,,,,,,,,,,,,,,,,,,,,,,,,,,,,,,,,,,,,,,,,,,,,,,,
2014,4,"Torreya Log","Black Willow Log","Hardened Veteran Tree Sap","Urunday Log",,,,,,,,,,,,,,,,,,,,,,,,,,,,,,,,,,,,,,,,,,,,,,,,,,,,,,,,,,,,,,,,,,,,,,,,,,,,,,,,,,,,,,,,,,,,,,,,
2015,1,"Hingan Flax",,,,,,,,,,,,,,,,,,,,,,,,,,,,,,,,,,,,,,,,,,,,,,,,,,,,,,,,,,,,,,,,,,,,,,,,,,,,,,,,,,,,,,,,,,,,,,,,,,,
2016,5,"Palladium Ore","Nightsteel Ore","Silvergrace Ore","Hawk's Eye","Azim Spring Water",,,,,,,,,,,,,,,,,,,,,,,,,,,,,,,,,,,,,,,,,,,,,,,,,,,,,,,,,,,,,,,,,,,,,,,,,,,,,,,,,,,,,,,,,,,,,,,
2019,3,"Rhea","Azim Cotton Boll","Yanxian Cotton Boll",,,,,,,,,,,,,,,,,,,,,,,,,,,,,,,,,,,,,,,,,,,,,,,,,,,,,,,,,,,,,,,,,,,,,,,,,,,,,,,,,,,,,,,,,,,,,,,,,
2020,7,"Tungsten Ore","Prismstone","Beryllium Ore","Fireheart Cobalt","Brashgold Ore","Dolomite","Hard Water",,,,,,,,,,,,,,,,,,,,,,,,,,,,,,,,,,,,,,,,,,,,,,,,,,,,,,,,,,,,,,,,,,,,,,,,,,,,,,,,,,,,,,,,,,,,,
2021,3,"Purpure Shell Chip","Ashen Alumen","Solstice Stone",,,,,,,,,,,,,,,,,,,,,,,,,,,,,,,,,,,,,,,,,,,,,,,,,,,,,,,,,,,,,,,,,,,,,,,,,,,,,,,,,,,,,,,,,,,,,,,,,
2022,5,"Sandalwood Log","Sandalwood Sap","Merbau Log","Silver Beech Log","Wattle Petribark",,,,,,,,,,,,,,,,,,,,,,,,,,,,,,,,,,,,,,,,,,,,,,,,,,,,,,,,,,,,,,,,,,,,,,,,,,,,,,,,,,,,,,,,,,,,,,,
2023,5,"Ethereal Cocoon","Duskblooms","Imperial Fern","Tender Dill","Raindrop Cotton Boll",,,,,,,,,,,,,,,,,,,,,,,,,,,,,,,,,,,,,,,,,,,,,,,,,,,,,,,,,,,,,,,,,,,,,,,,,,,,,,,,,,,,,,,,,,,,,,,
2024,2,"Stonehard Water","Rime Dolomite",,,,,,,,,,,,,,,,,,,,,,,,,,,,,,,,,,,,,,,,,,,,,,,,,,,,,,,,,,,,,,,,,,,,,,,,,,,,,,,,,,,,,,,,,,,,,,,,,,
2027,2,"Potent Spice","Golden Cocoon",,,,,,,,,,,,,,,,,,,,,,,,,,,,,,,,,,,,,,,,,,,,,,,,,,,,,,,,,,,,,,,,,,,,,,,,,,,,,,,,,,,,,,,,,,,,,,,,,,
2029,2,"Stonehard Water","Lunar Adamantite Ore",,,,,,,,,,,,,,,,,,,,,,,,,,,,,,,,,,,,,,,,,,,,,,,,,,,,,,,,,,,,,,,,,,,,,,,,,,,,,,,,,,,,,,,,,,,,,,,,,,
2031,2,"Potent Spice","Double-edged Herb",,,,,,,,,,,,,,,,,,,,,,,,,,,,,,,,,,,,,,,,,,,,,,,,,,,,,,,,,,,,,,,,,,,,,,,,,,,,,,,,,,,,,,,,,,,,,,,,,,
2033,2,"Stonehard Water","Rhodium Sand",,,,,,,,,,,,,,,,,,,,,,,,,,,,,,,,,,,,,,,,,,,,,,,,,,,,,,,,,,,,,,,,,,,,,,,,,,,,,,,,,,,,,,,,,,,,,,,,,,
2034,2,"Potent Spice","Mempisang Log",,,,,,,,,,,,,,,,,,,,,,,,,,,,,,,,,,,,,,,,,,,,,,,,,,,,,,,,,,,,,,,,,,,,,,,,,,,,,,,,,,,,,,,,,,,,,,,,,,
2200,14,"Skybuilders' Iron Ore","Skybuilders' Electrum Ore","Skybuilders' Rock Salt","Skybuilders' Spring Water","Skybuilders' Dravanian Spring Water","Skybuilders' Hardsilver Ore","Skybuilders' Nightsteel Ore","Skybuilders' Ruby Sea Water","Skybuilders' Molybdenum Ore","Skybuilders' Ala Mhigan Rock Salt","Skybuilders' Truegold Ore","Skybuilders' Highland Spring Water","Skybuilders' Reef Rock","Skybuilders' Sea Salt",,,,,,,,,,,,,,,,,,,,,,,,,,,,,,,,,,,,,,,,,,,,,,,,,,,,,,,,,,,,,,,,,,,,,,,,,,,,,,,,,,,,,,
2201,5,"Skybuilders' Fine Sand","Skybuilders' Iron Sand","Skybuilders' Mythrite Sand","Skybuilders' Durium Sand","Skybuilders' Truegold Sand",,,,,,,,,,,,,,,,,,,,,,,,,,,,,,,,,,,,,,,,,,,,,,,,,,,,,,,,,,,,,,,,,,,,,,,,,,,,,,,,,,,,,,,,,,,,,,,
2202,6,"Skybuilders' Yew Log","Skybuilders' Ash Log","Skybuilders' Camphorwood Log","Skybuilders' Urunday Log","Skybuilders' White Ash Log","Skybuilders' Resin",,,,,,,,,,,,,,,,,,,,,,,,,,,,,,,,,,,,,,,,,,,,,,,,,,,,,,,,,,,,,,,,,,,,,,,,,,,,,,,,,,,,,,,,,,,,,,
2203,12,"Skybuilders' Hemp","Skybuilders' Toad","Skybuilders' Flax","Skybuilders' Tea Leaves","Skybuilders' Straw","Skybuilders' Vine","Skybuilders' Cocoon","Skybuilders' Adder","Skybuilders' Horsetail","Skybuilders' Cotton Boll","Skybuilders' Wheat","Skybuilders' Dawn Lizard",,,,,,,,,,,,,,,,,,,,,,,,,,,,,,,,,,,,,,,,,,,,,,,,,,,,,,,,,,,,,,,,,,,,,,,,,,,,,,,,,,,,,,,,
2204,16,"Grade 2 Skybuilders' Ore","Grade 2 Skybuilders' Zinc Ore","Grade 2 Skybuilders' Rock Salt","Grade 2 Skybuilders' Cobalt Ore","Grade 2 Skybuilders' Asphaltum","Grade 2 Skybuilders' Pigment","Grade 2 Skybuilders' Mythrite Ore","Grade 2 Skybuilders' Spring Water","Grade 2 Skybuilders' Alumen","Grade 2 Skybuilders' Darksteel Ore","Grade 2 Skybuilders' Crystal-clear Rock Salt","Grade 2 Skybuilders' Cloud Drop Water","Grade 2 Artisanal Skybuilders' Cloudstone","Grade 2 Skybuilders' Umbral Flarestone","Grade 2 Artisanal Skybuilders' Rock Salt","Grade 2 Artisanal Skybuilders' Spring Water",,,,,,,,,,,,,,,,,,,,,,,,,,,,,,,,,,,,,,,,,,,,,,,,,,,,,,,,,,,,,,,,,,,,,,,,,,,,,,,,,,,,
2205,11,"Grade 2 Skybuilders' Copper Sand","Grade 2 Skybuilders' Iron Sand","Grade 2 Skybuilders' Mythril Sand","Grade 2 Skybuilders' Mica","Grade 2 Skybuilders' Rock","Grade 2 Skybuilders' Silex","Grade 2 Skybuilders' Lutinite","Grade 2 Skybuilders' Basalt","Grade 2 Artisanal Skybuilders' Aurum Regis Sand","Grade 2 Artisanal Skybuilders' Jade","Grade 2 Skybuilders' Umbral Levinshard",,,,,,,,,,,,,,,,,,,,,,,,,,,,,,,,,,,,,,,,,,,,,,,,,,,,,,,,,,,,,,,,,,,,,,,,,,,,,,,,,,,,,,,,,
2206,13,"Grade 2 Skybuilders' Switch","Grade 2 Skybuilders' Maple Log","Grade 2 Skybuilders' Maple Sap","Grade 2 Skybuilders' Teak Log","Grade 2 Skybuilders' Mistletoe","Grade 2 Skybuilders' Beehive","Grade 2 Skybuilders' Oak Log","Grade 2 Skybuilders' Feather","Grade 2 Skybuilders' Walnut Log","Grade 2 Skybuilders' Resin","Grade 2 Artisanal Skybuilders' Log","Grade 2 Skybuilders' Umbral Galewood Log","Grade 2 Artisanal Skybuilders' Hardened Sap",,,,,,,,,,,,,,,,,,,,,,,,,,,,,,,,,,,,,,,,,,,,,,,,,,,,,,,,,,,,,,,,,,,,,,,,,,,,,,,,,,,,,,,
2207,14,"Grade 2 Skybuilders' Hemp","Grade 2 Skybuilders' Flax","Grade 2 Skybuilders' Tea Leaves","Grade 2 Skybuilders' Straw","Grade 2 Skybuilders' Vine","Grade 2 Skybuilders' Toad","Grade 2 Skybuilders' Barbgrass","Grade 2 Skybuilders' Wheat","Grade 2 Skybuilders' Cotton Boll","Grade 2 Skybuilders' Adder","Grade 2 Artisanal Skybuilders' Wheat","Grade 2 Skybuilders' Umbral Earthcap","Grade 2 Artisanal Skybuilders' Cotton Boll","Grade 2 Artisanal Skybuilders' Dawn Lizard",,,,,,,,,,,,,,,,,,,,,,,,,,,,,,,,,,,,,,,,,,,,,,,,,,,,,,,,,,,,,,,,,,,,,,,,,,,,,,,,,,,,,,
2208,4,"Oddly Specific Obsidian","Oddly Specific Mineral Sand","Oddly Specific Dark Matter","Oddly Specific Striking Stone",,,,,,,,,,,,,,,,,,,,,,,,,,,,,,,,,,,,,,,,,,,,,,,,,,,,,,,,,,,,,,,,,,,,,,,,,,,,,,,,,,,,,,,,,,,,,,,,
2209,2,"Oddly Specific Dark Matter","Oddly Specific Striking Stone",,,,,,,,,,,,,,,,,,,,,,,,,,,,,,,,,,,,,,,,,,,,,,,,,,,,,,,,,,,,,,,,,,,,,,,,,,,,,,,,,,,,,,,,,,,,,,,,,,
2210,4,"Oddly Specific Latex","Oddly Specific Fossil Dust","Oddly Specific Amber","Oddly Specific Bauble",,,,,,,,,,,,,,,,,,,,,,,,,,,,,,,,,,,,,,,,,,,,,,,,,,,,,,,,,,,,,,,,,,,,,,,,,,,,,,,,,,,,,,,,,,,,,,,,
2211,4,"Oddly Specific Latex","Oddly Specific Fossil Dust","Oddly Specific Amber","Oddly Specific Bauble",,,,,,,,,,,,,,,,,,,,,,,,,,,,,,,,,,,,,,,,,,,,,,,,,,,,,,,,,,,,,,,,,,,,,,,,,,,,,,,,,,,,,,,,,,,,,,,,
2212,17,"Grade 3 Skybuilders' Ore","Grade 3 Skybuilders' Titanium Ore","Grade 3 Skybuilders' Rock Salt","Grade 3 Skybuilders' Diadem Iron Ore","Grade 3 Skybuilders' Alumen","Grade 3 Skybuilders' Spring Water","Grade 3 Skybuilders' Aurum Regis Ore","Grade 3 Skybuilders' Finest Rock Salt","Grade 3 Skybuilders' Truespring Water","Grade 2 Artisanal Skybuilders' Cloudstone","Grade 2 Skybuilders' Umbral Flarestone","Grade 2 Artisanal Skybuilders' Rock Salt","Grade 2 Artisanal Skybuilders' Spring Water","Grade 3 Artisanal Skybuilders' Cloudstone","Grade 3 Artisanal Skybuilders' Basilisk Egg","Grade 3 Skybuilders' Umbral Magma Shard","Grade 3 Artisanal Skybuilders' Alumen",,,,,,,,,,,,,,,,,,,,,,,,,,,,,,,,,,,,,,,,,,,,,,,,,,,,,,,,,,,,,,,,,,,,,,,,,,,,,,,,,,,
2213,12,"Grade 3 Skybuilders' Bomb Ash","Grade 3 Skybuilders' Hardsilver Sand","Grade 3 Skybuilders' Diadem Iron Sand","Grade 3 Skybuilders' Siltstone","Grade 3 Skybuilders' Fossil Dust","Grade 3 Skybuilders' Hard Mudstone","Grade 2 Artisanal Skybuilders' Aurum Regis Sand","Grade 2 Artisanal Skybuilders' Jade","Grade 2 Skybuilders' Umbral Levinshard","Grade 3 Artisanal Skybuilders' Clay","Grade 3 Artisanal Skybuilders' Granite","Grade 3 Skybuilders' Umbral Levinite",,,,,,,,,,,,,,,,,,,,,,,,,,,,,,,,,,,,,,,,,,,,,,,,,,,,,,,,,,,,,,,,,,,,,,,,,,,,,,,,,,,,,,,,
2214,12,"Grade 3 Skybuilders' Switch","Grade 3 Skybuilders' Ebony Log","Grade 3 Skybuilders' Lauan Log","Grade 3 Skybuilders' Mistletoe","Grade 3 Skybuilders' Cedar Log","Grade 3 Skybuilders' Resin","Grade 2 Artisanal Skybuilders' Log","Grade 2 Skybuilders' Umbral Galewood Log","Grade 2 Artisanal Skybuilders' Hardened Sap","Grade 3 Artisanal Skybuilders' Amber","Grade 3 Artisanal Skybuilders' Log","Grade 3 Skybuilders' Umbral Galewood Sap",,,,,,,,,,,,,,,,,,,,,,,,,,,,,,,,,,,,,,,,,,,,,,,,,,,,,,,,,,,,,,,,,,,,,,,,,,,,,,,,,,,,,,,,
2215,17,"Grade 3 Skybuilders' Hemp","Grade 3 Skybuilders' Cotton Boll","Grade 3 Skybuilders' Sesame","Grade 3 Skybuilders' Tea Leaves","Grade 3 Skybuilders' Vine","Grade 3 Skybuilders' Toad","Grade 3 Skybuilders' Wheat","Grade 3 Skybuilders' Gossamer Cotton Boll","Grade 3 Skybuilders' Adder","Grade 2 Artisanal Skybuilders' Wheat","Grade 2 Skybuilders' Umbral Earthcap","Grade 2 Artisanal Skybuilders' Cotton Boll","Grade 2 Artisanal Skybuilders' Dawn Lizard","Grade 3 Artisanal Skybuilders' Rice","Grade 3 Artisanal Skybuilders' Cotton Boll","Grade 3 Artisanal Skybuilders' Vine","Grade 3 Skybuilders' Umbral Tortoise",,,,,,,,,,,,,,,,,,,,,,,,,,,,,,,,,,,,,,,,,,,,,,,,,,,,,,,,,,,,,,,,,,,,,,,,,,,,,,,,,,,
2216,4,"Oddly Specific Schorl","Oddly Specific Landborne Aethersand","Oddly Specific Primordial Ore","Oddly Specific Primordial Asphaltum",,,,,,,,,,,,,,,,,,,,,,,,,,,,,,,,,,,,,,,,,,,,,,,,,,,,,,,,,,,,,,,,,,,,,,,,,,,,,,,,,,,,,,,,,,,,,,,,
2218,4,"Oddly Specific Dark Chestnut Log","Oddly Specific Leafborne Aethersand","Oddly Specific Primordial Log","Oddly Specific Primordial Resin",,,,,,,,,,,,,,,,,,,,,,,,,,,,,,,,,,,,,,,,,,,,,,,,,,,,,,,,,,,,,,,,,,,,,,,,,,,,,,,,,,,,,,,,,,,,,,,,
2220,3,"Rarefied Pyrite","Rarefied Chalcocite","Rarefied Limonite",,,,,,,,,,,,,,,,,,,,,,,,,,,,,,,,,,,,,,,,,,,,,,,,,,,,,,,,,,,,,,,,,,,,,,,,,,,,,,,,,,,,,,,,,,,,,,,,,
2221,1,"Rarefied Mythrite Sand",,,,,,,,,,,,,,,,,,,,,,,,,,,,,,,,,,,,,,,,,,,,,,,,,,,,,,,,,,,,,,,,,,,,,,,,,,,,,,,,,,,,,,,,,,,,,,,,,,,
2222,3,"Rarefied Dark Chestnut Sap","Rarefied Dark Chestnut Log","Rarefied Dark Chestnut Branch",,,,,,,,,,,,,,,,,,,,,,,,,,,,,,,,,,,,,,,,,,,,,,,,,,,,,,,,,,,,,,,,,,,,,,,,,,,,,,,,,,,,,,,,,,,,,,,,,
2223,1,"Rarefied Rainbow Cotton Boll",,,,,,,,,,,,,,,,,,,,,,,,,,,,,,,,,,,,,,,,,,,,,,,,,,,,,,,,,,,,,,,,,,,,,,,,,,,,,,,,,,,,,,,,,,,,,,,,,,,
2224,2,"Rarefied Abalathian Spring Water","Rarefied Aurum Regis Sand",,,,,,,,,,,,,,,,,,,,,,,,,,,,,,,,,,,,,,,,,,,,,,,,,,,,,,,,,,,,,,,,,,,,,,,,,,,,,,,,,,,,,,,,,,,,,,,,,,
2226,2,"Rarefied Dark Chestnut","Rarefied Dark Chestnut Resin",,,,,,,,,,,,,,,,,,,,,,,,,,,,,,,,,,,,,,,,,,,,,,,,,,,,,,,,,,,,,,,,,,,,,,,,,,,,,,,,,,,,,,,,,,,,,,,,,,
2228,4,"Rarefied Raw Triphane","Rarefied Gyr Abanian Mineral Water","Rarefied Raw Star Spinel","Rarefied Raw Kyanite",,,,,,,,,,,,,,,,,,,,,,,,,,,,,,,,,,,,,,,,,,,,,,,,,,,,,,,,,,,,,,,,,,,,,,,,,,,,,,,,,,,,,,,,,,,,,,,,
2230,3,"Rarefied Larch Log","Rarefied Shiitake Mushroom","Rarefied Larch Sap",,,,,,,,,,,,,,,,,,,,,,,,,,,,,,,,,,,,,,,,,,,,,,,,,,,,,,,,,,,,,,,,,,,,,,,,,,,,,,,,,,,,,,,,,,,,,,,,,
2231,1,"Rarefied Bloodhemp",,,,,,,,,,,,,,,,,,,,,,,,,,,,,,,,,,,,,,,,,,,,,,,,,,,,,,,,,,,,,,,,,,,,,,,,,,,,,,,,,,,,,,,,,,,,,,,,,,,
2232,2,"Rarefied Raw Azurite","Rarefied Silvergrace Ore",,,,,,,,,,,,,,,,,,,,,,,,,,,,,,,,,,,,,,,,,,,,,,,,,,,,,,,,,,,,,,,,,,,,,,,,,,,,,,,,,,,,,,,,,,,,,,,,,,
2234,2,"Rarefied Pine Resin","Rarefied Pine Log",,,,,,,,,,,,,,,,,,,,,,,,,,,,,,,,,,,,,,,,,,,,,,,,,,,,,,,,,,,,,,,,,,,,,,,,,,,,,,,,,,,,,,,,,,,,,,,,,,
2236,4,"Rarefied Titancopper Ore","Rarefied Bluespirit Ore","Rarefied Raw Lazurite","Rarefied Raw Petalite",,,,,,,,,,,,,,,,,,,,,,,,,,,,,,,,,,,,,,,,,,,,,,,,,,,,,,,,,,,,,,,,,,,,,,,,,,,,,,,,,,,,,,,,,,,,,,,,
2238,3,"Rarefied Pixie Apple","Rarefied White Oak Log","Rarefied Miracle Apple Log",,,,,,,,,,,,,,,,,,,,,,,,,,,,,,,,,,,,,,,,,,,,,,,,,,,,,,,,,,,,,,,,,,,,,,,,,,,,,,,,,,,,,,,,,,,,,,,,,
2239,1,"Rarefied Bright Flax",,,,,,,,,,,,,,,,,,,,,,,,,,,,,,,,,,,,,,,,,,,,,,,,,,,,,,,,,,,,,,,,,,,,,,,,,,,,,,,,,,,,,,,,,,,,,,,,,,,
2240,5,"Rarefied Sea Salt","Rarefied Reef Rock","Rarefied Raw Onyx","Rarefied Tungsten Ore","Rarefied Gyr Abanian Alumen",,,,,,,,,,,,,,,,,,,,,,,,,,,,,,,,,,,,,,,,,,,,,,,,,,,,,,,,,,,,,,,,,,,,,,,,,,,,,,,,,,,,,,,,,,,,,,,
2241,1,"Rarefied Manasilver Sand",,,,,,,,,,,,,,,,,,,,,,,,,,,,,,,,,,,,,,,,,,,,,,,,,,,,,,,,,,,,,,,,,,,,,,,,,,,,,,,,,,,,,,,,,,,,,,,,,,,
2242,5,"Rarefied Sandteak Log","Rarefied Kelp","Rarefied Amber Cloves","Rarefied Coral","Rarefied Urunday Log",,,,,,,,,,,,,,,,,,,,,,,,,,,,,,,,,,,,,,,,,,,,,,,,,,,,,,,,,,,,,,,,,,,,,,,,,,,,,,,,,,,,,,,,,,,,,,,
2243,1,"Rarefied Night Pepper",,,,,,,,,,,,,,,,,,,,,,,,,,,,,,,,,,,,,,,,,,,,,,,,,,,,,,,,,,,,,,,,,,,,,,,,,,,,,,,,,,,,,,,,,,,,,,,,,,,
2244,4,"Rarefied High Durium Ore","Rarefied Raw Ametrine","Rarefied Bismuth Ore","Rarefied Sharlayan Rock Salt",,,,,,,,,,,,,,,,,,,,,,,,,,,,,,,,,,,,,,,,,,,,,,,,,,,,,,,,,,,,,,,,,,,,,,,,,,,,,,,,,,,,,,,,,,,,,,,,
2246,3,"Rarefied Palm Log","Rarefied Red Pine Log","Rarefied Coconut",,,,,,,,,,,,,,,,,,,,,,,,,,,,,,,,,,,,,,,,,,,,,,,,,,,,,,,,,,,,,,,,,,,,,,,,,,,,,,,,,,,,,,,,,,,,,,,,,
2247,1,"Rarefied Thavnairian Perilla Leaf",,,,,,,,,,,,,,,,,,,,,,,,,,,,,,,,,,,,,,,,,,,,,,,,,,,,,,,,,,,,,,,,,,,,,,,,,,,,,,,,,,,,,,,,,,,,,,,,,,,
2248,21,"Grade 4 Skybuilders' Iron Ore","Grade 4 Skybuilders' Ore","Grade 4 Skybuilders' Rock Salt","Grade 4 Skybuilders' Electrum Ore","Grade 4 Skybuilders' Alumen","Grade 4 Skybuilders' Spring Water","Grade 4 Skybuilders' Gold Ore","Grade 4 Skybuilders' Finest Rock Salt","Grade 4 Skybuilders' Truespring Water","Grade 2 Artisanal Skybuilders' Cloudstone","Grade 2 Skybuilders' Umbral Flarestone","Grade 2 Artisanal Skybuilders' Rock Salt","Grade 2 Artisanal Skybuilders' Spring Water","Grade 3 Artisanal Skybuilders' Cloudstone","Grade 3 Artisanal Skybuilders' Basilisk Egg","Grade 3 Skybuilders' Umbral Magma Shard","Grade 3 Artisanal Skybuilders' Alumen","Grade 4 Artisanal Skybuilders' Cloudstone","Grade 4 Skybuilders' Umbral Flarerock","Grade 4 Artisanal Skybuilders' Spring Water","Grade 4 Artisanal Skybuilders' Ice Stalagmite",,,,,,,,,,,,,,,,,,,,,,,,,,,,,,,,,,,,,,,,,,,,,,,,,,,,,,,,,,,,,,,,,,,,,,,,,,,,,,,
2249,15,"Grade 4 Skybuilders' Iron Sand","Grade 4 Skybuilders' Mythrite Sand","Grade 4 Skybuilders' Gold Sand","Grade 4 Skybuilders' Ragstone","Grade 4 Skybuilders' Mineral Sand","Grade 4 Skybuilders' Bluespirit Ore","Grade 2 Artisanal Skybuilders' Aurum Regis Sand","Grade 2 Artisanal Skybuilders' Jade","Grade 2 Skybuilders' Umbral Levinshard","Grade 3 Artisanal Skybuilders' Clay","Grade 3 Artisanal Skybuilders' Granite","Grade 3 Skybuilders' Umbral Levinite","Grade 4 Artisanal Skybuilders' Silex","Grade 4 Artisanal Skybuilders' Prismstone","Grade 4 Skybuilders' Umbral Levinsand",,,,,,,,,,,,,,,,,,,,,,,,,,,,,,,,,,,,,,,,,,,,,,,,,,,,,,,,,,,,,,,,,,,,,,,,,,,,,,,,,,,,,
2250,15,"Grade 4 Skybuilders' Switch","Grade 4 Skybuilders' Mahogany Log","Grade 4 Skybuilders' Spruce Log","Grade 4 Skybuilders' Mistletoe","Grade 4 Skybuilders' White Cedar Log","Grade 4 Skybuilders' Primordial Resin","Grade 2 Artisanal Skybuilders' Log","Grade 2 Skybuilders' Umbral Galewood Log","Grade 2 Artisanal Skybuilders' Hardened Sap","Grade 3 Artisanal Skybuilders' Amber","Grade 3 Artisanal Skybuilders' Log","Grade 3 Skybuilders' Umbral Galewood Sap","Grade 4 Artisanal Skybuilders' Raspberry","Grade 4 Artisanal Skybuilders' Log","Grade 4 Skybuilders' Umbral Galewood Branch",,,,,,,,,,,,,,,,,,,,,,,,,,,,,,,,,,,,,,,,,,,,,,,,,,,,,,,,,,,,,,,,,,,,,,,,,,,,,,,,,,,,,
2251,21,"Grade 4 Skybuilders' Hemp","Grade 4 Skybuilders' Cotton Boll","Grade 4 Skybuilders' Sesame","Grade 4 Skybuilders' Tea Leaves","Grade 4 Skybuilders' Vine","Grade 4 Skybuilders' Toad","Grade 4 Skybuilders' Wheat","Grade 4 Skybuilders' Gossamer Cotton Boll","Grade 4 Skybuilders' Tortoise","Grade 2 Artisanal Skybuilders' Wheat","Grade 2 Skybuilders' Umbral Earthcap","Grade 2 Artisanal Skybuilders' Cotton Boll","Grade 2 Artisanal Skybuilders' Dawn Lizard","Grade 3 Artisanal Skybuilders' Rice","Grade 3 Artisanal Skybuilders' Cotton Boll","Grade 3 Artisanal Skybuilders' Vine","Grade 3 Skybuilders' Umbral Tortoise","Grade 4 Artisanal Skybuilders' Cocoon","Grade 4 Artisanal Skybuilders' Caiman","Grade 4 Artisanal Skybuilders' Barbgrass","Grade 4 Skybuilders' Umbral Dirtleaf",,,,,,,,,,,,,,,,,,,,,,,,,,,,,,,,,,,,,,,,,,,,,,,,,,,,,,,,,,,,,,,,,,,,,,,,,,,,,,,
2252,2,"Oddly Delicate Adamantite Ore","Oddly Delicate Raw Jade",,,,,,,,,,,,,,,,,,,,,,,,,,,,,,,,,,,,,,,,,,,,,,,,,,,,,,,,,,,,,,,,,,,,,,,,,,,,,,,,,,,,,,,,,,,,,,,,,,
2254,2,"Oddly Delicate Birch Log","Oddly Delicate Feather",,,,,,,,,,,,,,,,,,,,,,,,,,,,,,,,,,,,,,,,,,,,,,,,,,,,,,,,,,,,,,,,,,,,,,,,,,,,,,,,,,,,,,,,,,,,,,,,,,
2257,6,"Rarefied Phrygian Ore","Rarefied Blue Zircon","Rarefied Chloroschist","Rarefied Eblan Alumen","Rarefied Annite","Rarefied Pewter Ore",,,,,,,,,,,,,,,,,,,,,,,,,,,,,,,,,,,,,,,,,,,,,,,,,,,,,,,,,,,,,,,,,,,,,,,,,,,,,,,,,,,,,,,,,,,,,,
2258,3,"Rarefied Sykon","Rarefied Ironwood Log","Rarefied Elder Nutmeg",,,,,,,,,,,,,,,,,,,,,,,,,,,,,,,,,,,,,,,,,,,,,,,,,,,,,,,,,,,,,,,,,,,,,,,,,,,,,,,,,,,,,,,,,,,,,,,,,
2259,3,"Rarefied Dark Rye","Rarefied Iceberg Lettuce","Rarefied AR-Caean Cotton Boll",,,,,,,,,,,,,,,,,,,,,,,,,,,,,,,,,,,,,,,,,,,,,,,,,,,,,,,,,,,,,,,,,,,,,,,,,,,,,,,,,,,,,,,,,,,,,,,,,
