key,0,1,2,3,4,5,6,7,8,9,10,11,12
#,Reward{Type}[0],Reward{Item}[0],Reward{HQ}[0],Reward{Quantity}[0],Reward{Option}[0],Reward{Type}[1],Reward{Item}[1],Reward{HQ}[1],Reward{Quantity}[1],Reward{Option}[1],Reward{Item}[2],Reward{HQ}[2],Reward{Quantity}[2]
int32,byte,Row,bit&01,uint16,WeeklyBingoRewardData,byte,Row,bool,uint16,WeeklyBingoRewardData,Item,bool,uint16
0,0,,False,0,"WeeklyBingoRewardData#0",0,,False,0,"WeeklyBingoRewardData#0","",False,0
1,1,"Allagan Platinum Piece",False,1,"WeeklyBingoRewardData#0",0,,False,0,"WeeklyBingoRewardData#0","",False,0
2,1,"Allagan Platinum Piece",False,1,"WeeklyBingoRewardData#0",2,"Allagan Tomestone of Poetics",False,500,"WeeklyBingoRewardData#1","Timeworn Zonureskin Map",False,1
3,1,"Allagan Platinum Piece",False,1,"WeeklyBingoRewardData#0",2,"Allagan Tomestone of Poetics",False,500,"WeeklyBingoRewardData#1","Timeworn Zonureskin Map",False,1
4,1,"Allagan Platinum Piece",False,1,"WeeklyBingoRewardData#0",2,"Allagan Tomestone of Poetics",False,500,"WeeklyBingoRewardData#1","Timeworn Zonureskin Map",False,1
5,1,"Allagan Platinum Piece",False,1,"WeeklyBingoRewardData#0",2,"Allagan Tomestone of Poetics",False,500,"WeeklyBingoRewardData#1","Timeworn Zonureskin Map",False,1
6,1,"Allagan Platinum Piece",False,1,"WeeklyBingoRewardData#0",2,"Allagan Tomestone of Poetics",False,500,"WeeklyBingoRewardData#1","Timeworn Zonureskin Map",False,1
7,1,"Allagan Platinum Piece",False,1,"WeeklyBingoRewardData#0",2,"Allagan Tomestone of Poetics",False,500,"WeeklyBingoRewardData#1","Timeworn Zonureskin Map",False,1
8,1,"Allagan Platinum Piece",False,1,"WeeklyBingoRewardData#0",2,"Allagan Tomestone of Poetics",False,500,"WeeklyBingoRewardData#1","Timeworn Zonureskin Map",False,1
9,1,"Allagan Platinum Piece",False,1,"WeeklyBingoRewardData#0",2,"Allagan Tomestone of Poetics",False,500,"WeeklyBingoRewardData#1","Timeworn Zonureskin Map",False,1
10,1,"Allagan Platinum Piece",False,1,"WeeklyBingoRewardData#0",2,"Allagan Tomestone of Poetics",False,500,"WeeklyBingoRewardData#1","Timeworn Zonureskin Map",False,1
11,1,"Allagan Platinum Piece",False,1,"WeeklyBingoRewardData#0",2,"Allagan Tomestone of Poetics",False,500,"WeeklyBingoRewardData#1","Timeworn Zonureskin Map",False,1
12,1,"Allagan Platinum Piece",False,1,"WeeklyBingoRewardData#0",2,"Allagan Tomestone of Poetics",False,500,"WeeklyBingoRewardData#1","Timeworn Zonureskin Map",False,1
13,1,"Allagan Platinum Piece",False,1,"WeeklyBingoRewardData#0",2,"Allagan Tomestone of Poetics",False,500,"WeeklyBingoRewardData#1","Timeworn Zonureskin Map",False,1
14,1,"Allagan Platinum Piece",False,1,"WeeklyBingoRewardData#0",2,"Allagan Tomestone of Poetics",False,500,"WeeklyBingoRewardData#1","Timeworn Zonureskin Map",False,1
15,1,"Allagan Platinum Piece",False,1,"WeeklyBingoRewardData#0",2,"Allagan Tomestone of Poetics",False,500,"WeeklyBingoRewardData#1","Timeworn Zonureskin Map",False,1
16,1,"Allagan Platinum Piece",False,1,"WeeklyBingoRewardData#0",2,"Allagan Tomestone of Poetics",False,500,"WeeklyBingoRewardData#1","Timeworn Zonureskin Map",False,1
17,1,"Allagan Platinum Piece",False,1,"WeeklyBingoRewardData#0",2,"Allagan Tomestone of Poetics",False,500,"WeeklyBingoRewardData#1","Timeworn Zonureskin Map",False,1
18,1,"Allagan Platinum Piece",False,1,"WeeklyBingoRewardData#0",2,"Allagan Tomestone of Poetics",False,500,"WeeklyBingoRewardData#1","Timeworn Zonureskin Map",False,1
19,1,"Allagan Platinum Piece",False,1,"WeeklyBingoRewardData#0",2,"Allagan Tomestone of Poetics",False,500,"WeeklyBingoRewardData#1","Timeworn Zonureskin Map",False,1
20,1,"Allagan Platinum Piece",False,1,"WeeklyBingoRewardData#0",2,"Allagan Tomestone of Poetics",False,500,"WeeklyBingoRewardData#1","Timeworn Zonureskin Map",False,1
21,1,"Allagan Platinum Piece",False,1,"WeeklyBingoRewardData#0",2,"Allagan Tomestone of Poetics",False,500,"WeeklyBingoRewardData#1","Timeworn Zonureskin Map",False,1
22,1,"Allagan Platinum Piece",False,1,"WeeklyBingoRewardData#0",2,"Allagan Tomestone of Poetics",False,500,"WeeklyBingoRewardData#1","Timeworn Zonureskin Map",False,1
23,1,"Allagan Platinum Piece",False,1,"WeeklyBingoRewardData#0",2,"Allagan Tomestone of Poetics",False,500,"WeeklyBingoRewardData#1","Timeworn Zonureskin Map",False,1
24,1,"Allagan Platinum Piece",False,1,"WeeklyBingoRewardData#0",2,"Allagan Tomestone of Poetics",False,500,"WeeklyBingoRewardData#1","Timeworn Zonureskin Map",False,1
25,1,"Allagan Platinum Piece",False,1,"WeeklyBingoRewardData#0",2,"Allagan Tomestone of Poetics",False,500,"WeeklyBingoRewardData#1","Timeworn Zonureskin Map",False,1
26,1,"Allagan Platinum Piece",False,1,"WeeklyBingoRewardData#0",2,"Allagan Tomestone of Poetics",False,500,"WeeklyBingoRewardData#1","Timeworn Zonureskin Map",False,1
27,1,"Allagan Platinum Piece",False,1,"WeeklyBingoRewardData#0",2,"Allagan Tomestone of Poetics",False,500,"WeeklyBingoRewardData#1","Timeworn Zonureskin Map",False,1
28,1,"Allagan Platinum Piece",False,1,"WeeklyBingoRewardData#0",2,"Allagan Tomestone of Poetics",False,500,"WeeklyBingoRewardData#1","Timeworn Zonureskin Map",False,1
29,1,"Allagan Platinum Piece",False,1,"WeeklyBingoRewardData#0",2,"Allagan Tomestone of Poetics",False,500,"WeeklyBingoRewardData#1","Timeworn Zonureskin Map",False,1
30,1,"Allagan Platinum Piece",False,1,"WeeklyBingoRewardData#0",2,"Allagan Tomestone of Poetics",False,500,"WeeklyBingoRewardData#1","Timeworn Zonureskin Map",False,1
31,1,"Allagan Platinum Piece",False,1,"WeeklyBingoRewardData#0",2,"Allagan Tomestone of Poetics",False,500,"WeeklyBingoRewardData#1","Timeworn Zonureskin Map",False,1
32,1,"MGP Platinum Card",False,20,"WeeklyBingoRewardData#0",1,"Khloe's Silver Certificate of Commendation",False,3,"WeeklyBingoRewardData#1","Khloe's Gold Certificate of Commendation",False,1
33,1,"MGP Platinum Card",False,20,"WeeklyBingoRewardData#0",1,"Khloe's Silver Certificate of Commendation",False,3,"WeeklyBingoRewardData#1","Khloe's Gold Certificate of Commendation",False,1
34,1,"MGP Platinum Card",False,20,"WeeklyBingoRewardData#0",1,"Khloe's Silver Certificate of Commendation",False,3,"WeeklyBingoRewardData#1","Khloe's Gold Certificate of Commendation",False,1
35,1,"MGP Platinum Card",False,20,"WeeklyBingoRewardData#0",1,"Khloe's Silver Certificate of Commendation",False,3,"WeeklyBingoRewardData#1","Khloe's Gold Certificate of Commendation",False,1
36,1,"MGP Platinum Card",False,20,"WeeklyBingoRewardData#0",1,"Khloe's Silver Certificate of Commendation",False,3,"WeeklyBingoRewardData#1","Khloe's Gold Certificate of Commendation",False,1
37,1,"MGP Platinum Card",False,20,"WeeklyBingoRewardData#0",1,"Khloe's Silver Certificate of Commendation",False,3,"WeeklyBingoRewardData#1","Khloe's Gold Certificate of Commendation",False,1
38,1,"MGP Platinum Card",False,20,"WeeklyBingoRewardData#0",1,"Khloe's Silver Certificate of Commendation",False,3,"WeeklyBingoRewardData#1","Khloe's Gold Certificate of Commendation",False,1
39,1,"MGP Platinum Card",False,20,"WeeklyBingoRewardData#0",1,"Khloe's Silver Certificate of Commendation",False,3,"WeeklyBingoRewardData#1","Khloe's Gold Certificate of Commendation",False,1
40,1,"MGP Platinum Card",False,20,"WeeklyBingoRewardData#0",1,"Khloe's Silver Certificate of Commendation",False,3,"WeeklyBingoRewardData#1","Khloe's Gold Certificate of Commendation",False,1
41,1,"MGP Platinum Card",False,20,"WeeklyBingoRewardData#0",1,"Khloe's Silver Certificate of Commendation",False,3,"WeeklyBingoRewardData#1","Khloe's Gold Certificate of Commendation",False,1
42,1,"MGP Platinum Card",False,20,"WeeklyBingoRewardData#0",1,"Khloe's Silver Certificate of Commendation",False,3,"WeeklyBingoRewardData#1","Khloe's Gold Certificate of Commendation",False,1
43,1,"MGP Platinum Card",False,20,"WeeklyBingoRewardData#0",1,"Khloe's Silver Certificate of Commendation",False,3,"WeeklyBingoRewardData#1","Khloe's Gold Certificate of Commendation",False,1
44,1,"MGP Platinum Card",False,20,"WeeklyBingoRewardData#0",1,"Khloe's Silver Certificate of Commendation",False,3,"WeeklyBingoRewardData#1","Khloe's Gold Certificate of Commendation",False,1
45,1,"MGP Platinum Card",False,20,"WeeklyBingoRewardData#0",1,"Khloe's Silver Certificate of Commendation",False,3,"WeeklyBingoRewardData#1","Khloe's Gold Certificate of Commendation",False,1
46,1,"MGP Platinum Card",False,20,"WeeklyBingoRewardData#0",1,"Khloe's Silver Certificate of Commendation",False,3,"WeeklyBingoRewardData#1","Khloe's Gold Certificate of Commendation",False,1
47,1,"MGP Platinum Card",False,20,"WeeklyBingoRewardData#0",1,"Khloe's Silver Certificate of Commendation",False,3,"WeeklyBingoRewardData#1","Khloe's Gold Certificate of Commendation",False,1
48,1,"MGP Platinum Card",False,20,"WeeklyBingoRewardData#0",1,"Khloe's Silver Certificate of Commendation",False,3,"WeeklyBingoRewardData#1","Khloe's Gold Certificate of Commendation",False,1
49,1,"MGP Platinum Card",False,20,"WeeklyBingoRewardData#0",1,"Khloe's Silver Certificate of Commendation",False,3,"WeeklyBingoRewardData#1","Khloe's Gold Certificate of Commendation",False,1
50,1,"MGP Platinum Card",False,20,"WeeklyBingoRewardData#0",1,"Khloe's Silver Certificate of Commendation",False,3,"WeeklyBingoRewardData#1","Khloe's Gold Certificate of Commendation",False,1
51,1,"MGP Platinum Card",False,20,"WeeklyBingoRewardData#0",1,"Khloe's Silver Certificate of Commendation",False,3,"WeeklyBingoRewardData#1","Khloe's Gold Certificate of Commendation",False,1
52,1,"MGP Platinum Card",False,20,"WeeklyBingoRewardData#0",1,"Khloe's Silver Certificate of Commendation",False,3,"WeeklyBingoRewardData#1","Khloe's Gold Certificate of Commendation",False,1
53,1,"MGP Platinum Card",False,20,"WeeklyBingoRewardData#0",1,"Khloe's Silver Certificate of Commendation",False,3,"WeeklyBingoRewardData#1","Khloe's Gold Certificate of Commendation",False,1
54,1,"MGP Platinum Card",False,20,"WeeklyBingoRewardData#0",1,"Khloe's Silver Certificate of Commendation",False,3,"WeeklyBingoRewardData#1","Khloe's Gold Certificate of Commendation",False,1
55,1,"MGP Platinum Card",False,20,"WeeklyBingoRewardData#0",1,"Khloe's Silver Certificate of Commendation",False,3,"WeeklyBingoRewardData#1","Khloe's Gold Certificate of Commendation",False,1
56,1,"MGP Platinum Card",False,20,"WeeklyBingoRewardData#0",1,"Khloe's Silver Certificate of Commendation",False,3,"WeeklyBingoRewardData#1","Khloe's Gold Certificate of Commendation",False,1
57,1,"MGP Platinum Card",False,20,"WeeklyBingoRewardData#0",1,"Khloe's Silver Certificate of Commendation",False,3,"WeeklyBingoRewardData#1","Khloe's Gold Certificate of Commendation",False,1
58,1,"MGP Platinum Card",False,20,"WeeklyBingoRewardData#0",1,"Khloe's Silver Certificate of Commendation",False,3,"WeeklyBingoRewardData#1","Khloe's Gold Certificate of Commendation",False,1
59,1,"MGP Platinum Card",False,20,"WeeklyBingoRewardData#0",1,"Khloe's Silver Certificate of Commendation",False,3,"WeeklyBingoRewardData#1","Khloe's Gold Certificate of Commendation",False,1
60,1,"MGP Platinum Card",False,20,"WeeklyBingoRewardData#0",1,"Khloe's Silver Certificate of Commendation",False,3,"WeeklyBingoRewardData#1","Khloe's Gold Certificate of Commendation",False,1
61,1,"MGP Platinum Card",False,20,"WeeklyBingoRewardData#0",1,"Khloe's Silver Certificate of Commendation",False,3,"WeeklyBingoRewardData#1","Khloe's Gold Certificate of Commendation",False,1
62,1,"MGP Platinum Card",False,2,"WeeklyBingoRewardData#0",1,"Khloe's Silver Certificate of Commendation",False,1,"WeeklyBingoRewardData#2","Allagan Tomestone of Aphorism",False,500
63,1,"MGP Platinum Card",False,2,"WeeklyBingoRewardData#0",1,"Khloe's Silver Certificate of Commendation",False,1,"WeeklyBingoRewardData#2","Allagan Tomestone of Aphorism",False,500
64,1,"MGP Platinum Card",False,2,"WeeklyBingoRewardData#0",1,"Khloe's Silver Certificate of Commendation",False,1,"WeeklyBingoRewardData#2","Allagan Tomestone of Aphorism",False,500
65,1,"MGP Platinum Card",False,2,"WeeklyBingoRewardData#0",1,"Khloe's Silver Certificate of Commendation",False,1,"WeeklyBingoRewardData#2","Allagan Tomestone of Aphorism",False,500
66,1,"MGP Platinum Card",False,2,"WeeklyBingoRewardData#0",1,"Khloe's Silver Certificate of Commendation",False,1,"WeeklyBingoRewardData#2","Allagan Tomestone of Aphorism",False,500
67,1,"MGP Platinum Card",False,2,"WeeklyBingoRewardData#0",1,"Khloe's Silver Certificate of Commendation",False,1,"WeeklyBingoRewardData#2","Allagan Tomestone of Aphorism",False,500
68,1,"MGP Platinum Card",False,2,"WeeklyBingoRewardData#0",1,"Khloe's Silver Certificate of Commendation",False,1,"WeeklyBingoRewardData#2","Allagan Tomestone of Aphorism",False,500
69,1,"MGP Platinum Card",False,2,"WeeklyBingoRewardData#0",1,"Khloe's Silver Certificate of Commendation",False,1,"WeeklyBingoRewardData#2","Allagan Tomestone of Aphorism",False,500
70,1,"MGP Platinum Card",False,2,"WeeklyBingoRewardData#0",1,"Khloe's Silver Certificate of Commendation",False,1,"WeeklyBingoRewardData#2","Allagan Tomestone of Aphorism",False,500
71,1,"MGP Platinum Card",False,2,"WeeklyBingoRewardData#0",1,"Khloe's Silver Certificate of Commendation",False,1,"WeeklyBingoRewardData#2","Allagan Tomestone of Aphorism",False,500
72,1,"MGP Platinum Card",False,2,"WeeklyBingoRewardData#0",1,"Khloe's Silver Certificate of Commendation",False,1,"WeeklyBingoRewardData#2","Allagan Tomestone of Aphorism",False,500
73,1,"MGP Platinum Card",False,2,"WeeklyBingoRewardData#0",1,"Khloe's Silver Certificate of Commendation",False,1,"WeeklyBingoRewardData#2","Allagan Tomestone of Aphorism",False,500
74,1,"MGP Platinum Card",False,2,"WeeklyBingoRewardData#0",1,"Khloe's Silver Certificate of Commendation",False,1,"WeeklyBingoRewardData#2","Allagan Tomestone of Aphorism",False,500
75,1,"MGP Platinum Card",False,2,"WeeklyBingoRewardData#0",1,"Khloe's Silver Certificate of Commendation",False,1,"WeeklyBingoRewardData#2","Allagan Tomestone of Aphorism",False,500
76,1,"MGP Platinum Card",False,2,"WeeklyBingoRewardData#0",1,"Khloe's Silver Certificate of Commendation",False,1,"WeeklyBingoRewardData#2","Allagan Tomestone of Aphorism",False,500
77,1,"MGP Platinum Card",False,2,"WeeklyBingoRewardData#0",1,"Khloe's Silver Certificate of Commendation",False,1,"WeeklyBingoRewardData#2","Allagan Tomestone of Aphorism",False,500
78,1,"MGP Platinum Card",False,2,"WeeklyBingoRewardData#0",1,"Khloe's Silver Certificate of Commendation",False,1,"WeeklyBingoRewardData#2","Allagan Tomestone of Aphorism",False,500
79,1,"MGP Platinum Card",False,2,"WeeklyBingoRewardData#0",1,"Khloe's Silver Certificate of Commendation",False,1,"WeeklyBingoRewardData#2","Allagan Tomestone of Aphorism",False,500
80,1,"MGP Platinum Card",False,2,"WeeklyBingoRewardData#0",1,"Khloe's Silver Certificate of Commendation",False,1,"WeeklyBingoRewardData#2","Allagan Tomestone of Aphorism",False,500
81,1,"MGP Platinum Card",False,2,"WeeklyBingoRewardData#0",1,"Khloe's Silver Certificate of Commendation",False,1,"WeeklyBingoRewardData#2","Allagan Tomestone of Aphorism",False,500
82,1,"MGP Platinum Card",False,2,"WeeklyBingoRewardData#0",1,"Khloe's Silver Certificate of Commendation",False,1,"WeeklyBingoRewardData#2","Allagan Tomestone of Aphorism",False,500
83,1,"MGP Platinum Card",False,2,"WeeklyBingoRewardData#0",1,"Khloe's Silver Certificate of Commendation",False,1,"WeeklyBingoRewardData#2","Allagan Tomestone of Aphorism",False,500
84,1,"MGP Platinum Card",False,2,"WeeklyBingoRewardData#0",1,"Khloe's Silver Certificate of Commendation",False,1,"WeeklyBingoRewardData#2","Allagan Tomestone of Aphorism",False,500
85,1,"MGP Platinum Card",False,2,"WeeklyBingoRewardData#0",1,"Khloe's Silver Certificate of Commendation",False,1,"WeeklyBingoRewardData#2","Allagan Tomestone of Aphorism",False,500
86,1,"MGP Platinum Card",False,2,"WeeklyBingoRewardData#0",1,"Khloe's Silver Certificate of Commendation",False,1,"WeeklyBingoRewardData#2","Allagan Tomestone of Aphorism",False,500
87,1,"MGP Platinum Card",False,2,"WeeklyBingoRewardData#0",1,"Khloe's Silver Certificate of Commendation",False,1,"WeeklyBingoRewardData#2","Allagan Tomestone of Aphorism",False,500
88,1,"MGP Platinum Card",False,2,"WeeklyBingoRewardData#0",1,"Khloe's Silver Certificate of Commendation",False,1,"WeeklyBingoRewardData#2","Allagan Tomestone of Aphorism",False,500
89,1,"MGP Platinum Card",False,2,"WeeklyBingoRewardData#0",1,"Khloe's Silver Certificate of Commendation",False,1,"WeeklyBingoRewardData#2","Allagan Tomestone of Aphorism",False,500
90,1,"MGP Platinum Card",False,2,"WeeklyBingoRewardData#0",1,"Khloe's Silver Certificate of Commendation",False,1,"WeeklyBingoRewardData#2","Allagan Tomestone of Aphorism",False,500
91,1,"MGP Platinum Card",False,2,"WeeklyBingoRewardData#0",1,"Khloe's Silver Certificate of Commendation",False,1,"WeeklyBingoRewardData#2","Allagan Tomestone of Aphorism",False,500
92,1,"MGP Gold Card",False,1,"WeeklyBingoRewardData#0",1,"Khloe's Bronze Certificate of Commendation",False,1,"WeeklyBingoRewardData#2","Ice Shard",False,50
93,1,"MGP Gold Card",False,1,"WeeklyBingoRewardData#0",1,"Khloe's Bronze Certificate of Commendation",False,1,"WeeklyBingoRewardData#2","Ice Shard",False,50
94,1,"MGP Gold Card",False,1,"WeeklyBingoRewardData#0",1,"Khloe's Bronze Certificate of Commendation",False,1,"WeeklyBingoRewardData#2","Ice Shard",False,50
95,1,"MGP Gold Card",False,1,"WeeklyBingoRewardData#0",1,"Khloe's Bronze Certificate of Commendation",False,1,"WeeklyBingoRewardData#2","Ice Shard",False,50
96,1,"MGP Gold Card",False,1,"WeeklyBingoRewardData#0",1,"Khloe's Bronze Certificate of Commendation",False,1,"WeeklyBingoRewardData#2","Ice Shard",False,50
97,1,"MGP Gold Card",False,1,"WeeklyBingoRewardData#0",1,"Khloe's Bronze Certificate of Commendation",False,1,"WeeklyBingoRewardData#2","Ice Shard",False,50
98,1,"MGP Gold Card",False,1,"WeeklyBingoRewardData#0",1,"Khloe's Bronze Certificate of Commendation",False,1,"WeeklyBingoRewardData#2","Ice Shard",False,50
99,1,"MGP Gold Card",False,1,"WeeklyBingoRewardData#0",1,"Khloe's Bronze Certificate of Commendation",False,1,"WeeklyBingoRewardData#2","Ice Shard",False,50
100,1,"MGP Gold Card",False,1,"WeeklyBingoRewardData#0",1,"Khloe's Bronze Certificate of Commendation",False,1,"WeeklyBingoRewardData#2","Ice Shard",False,50
101,1,"MGP Gold Card",False,1,"WeeklyBingoRewardData#0",1,"Khloe's Bronze Certificate of Commendation",False,1,"WeeklyBingoRewardData#2","Ice Shard",False,50
102,1,"MGP Gold Card",False,1,"WeeklyBingoRewardData#0",1,"Khloe's Bronze Certificate of Commendation",False,1,"WeeklyBingoRewardData#2","Ice Shard",False,50
103,1,"MGP Gold Card",False,1,"WeeklyBingoRewardData#0",1,"Khloe's Bronze Certificate of Commendation",False,1,"WeeklyBingoRewardData#2","Ice Shard",False,50
104,1,"MGP Gold Card",False,1,"WeeklyBingoRewardData#0",1,"Khloe's Bronze Certificate of Commendation",False,1,"WeeklyBingoRewardData#2","Ice Shard",False,50
105,1,"MGP Gold Card",False,1,"WeeklyBingoRewardData#0",1,"Khloe's Bronze Certificate of Commendation",False,1,"WeeklyBingoRewardData#2","Ice Shard",False,50
106,1,"MGP Gold Card",False,1,"WeeklyBingoRewardData#0",1,"Khloe's Bronze Certificate of Commendation",False,1,"WeeklyBingoRewardData#2","Ice Shard",False,50
107,1,"MGP Gold Card",False,1,"WeeklyBingoRewardData#0",1,"Khloe's Bronze Certificate of Commendation",False,1,"WeeklyBingoRewardData#2","Ice Shard",False,50
108,1,"MGP Gold Card",False,1,"WeeklyBingoRewardData#0",1,"Khloe's Bronze Certificate of Commendation",False,1,"WeeklyBingoRewardData#2","Ice Shard",False,50
109,1,"MGP Gold Card",False,1,"WeeklyBingoRewardData#0",1,"Khloe's Bronze Certificate of Commendation",False,1,"WeeklyBingoRewardData#2","Ice Shard",False,50
110,1,"MGP Gold Card",False,1,"WeeklyBingoRewardData#0",1,"Khloe's Bronze Certificate of Commendation",False,1,"WeeklyBingoRewardData#2","Ice Shard",False,50
111,1,"MGP Gold Card",False,1,"WeeklyBingoRewardData#0",1,"Khloe's Bronze Certificate of Commendation",False,1,"WeeklyBingoRewardData#2","Ice Shard",False,50
112,1,"MGP Gold Card",False,1,"WeeklyBingoRewardData#0",1,"Khloe's Bronze Certificate of Commendation",False,1,"WeeklyBingoRewardData#2","Ice Shard",False,50
113,1,"MGP Gold Card",False,1,"WeeklyBingoRewardData#0",1,"Khloe's Bronze Certificate of Commendation",False,1,"WeeklyBingoRewardData#2","Ice Shard",False,50
114,1,"MGP Gold Card",False,1,"WeeklyBingoRewardData#0",1,"Khloe's Bronze Certificate of Commendation",False,1,"WeeklyBingoRewardData#2","Ice Shard",False,50
115,1,"MGP Gold Card",False,1,"WeeklyBingoRewardData#0",1,"Khloe's Bronze Certificate of Commendation",False,1,"WeeklyBingoRewardData#2","Ice Shard",False,50
116,1,"MGP Gold Card",False,1,"WeeklyBingoRewardData#0",1,"Khloe's Bronze Certificate of Commendation",False,1,"WeeklyBingoRewardData#2","Ice Shard",False,50
117,1,"MGP Gold Card",False,1,"WeeklyBingoRewardData#0",1,"Khloe's Bronze Certificate of Commendation",False,1,"WeeklyBingoRewardData#2","Ice Shard",False,50
118,1,"MGP Gold Card",False,1,"WeeklyBingoRewardData#0",1,"Khloe's Bronze Certificate of Commendation",False,1,"WeeklyBingoRewardData#2","Ice Shard",False,50
119,1,"MGP Gold Card",False,1,"WeeklyBingoRewardData#0",1,"Khloe's Bronze Certificate of Commendation",False,1,"WeeklyBingoRewardData#2","Ice Shard",False,50
120,1,"MGP Gold Card",False,1,"WeeklyBingoRewardData#0",1,"Khloe's Bronze Certificate of Commendation",False,1,"WeeklyBingoRewardData#2","Ice Shard",False,50
121,1,"MGP Gold Card",False,1,"WeeklyBingoRewardData#0",1,"Khloe's Bronze Certificate of Commendation",False,1,"WeeklyBingoRewardData#2","Ice Shard",False,50
122,1,"Allagan Platinum Piece",False,1,"WeeklyBingoRewardData#0",2,"Allagan Tomestone of Poetics",False,500,"WeeklyBingoRewardData#1","Timeworn Zonureskin Map",False,1
123,1,"Allagan Platinum Piece",False,1,"WeeklyBingoRewardData#0",2,"Allagan Tomestone of Poetics",False,500,"WeeklyBingoRewardData#1","Timeworn Zonureskin Map",False,1
124,1,"Allagan Platinum Piece",False,1,"WeeklyBingoRewardData#0",2,"Allagan Tomestone of Poetics",False,500,"WeeklyBingoRewardData#1","Timeworn Zonureskin Map",False,1
125,1,"Allagan Platinum Piece",False,1,"WeeklyBingoRewardData#0",2,"Allagan Tomestone of Poetics",False,500,"WeeklyBingoRewardData#1","Timeworn Zonureskin Map",False,1
126,1,"Allagan Platinum Piece",False,1,"WeeklyBingoRewardData#0",2,"Allagan Tomestone of Poetics",False,500,"WeeklyBingoRewardData#1","Timeworn Zonureskin Map",False,1
127,1,"MGP Platinum Card",False,20,"WeeklyBingoRewardData#0",1,"Khloe's Silver Certificate of Commendation",False,3,"WeeklyBingoRewardData#1","Khloe's Gold Certificate of Commendation",False,1
128,1,"MGP Platinum Card",False,20,"WeeklyBingoRewardData#0",1,"Khloe's Silver Certificate of Commendation",False,3,"WeeklyBingoRewardData#1","Khloe's Gold Certificate of Commendation",False,1
129,1,"MGP Platinum Card",False,20,"WeeklyBingoRewardData#0",1,"Khloe's Silver Certificate of Commendation",False,3,"WeeklyBingoRewardData#1","Khloe's Gold Certificate of Commendation",False,1
130,1,"MGP Platinum Card",False,20,"WeeklyBingoRewardData#0",1,"Khloe's Silver Certificate of Commendation",False,3,"WeeklyBingoRewardData#1","Khloe's Gold Certificate of Commendation",False,1
131,1,"MGP Platinum Card",False,20,"WeeklyBingoRewardData#0",1,"Khloe's Silver Certificate of Commendation",False,3,"WeeklyBingoRewardData#1","Khloe's Gold Certificate of Commendation",False,1
132,1,"MGP Platinum Card",False,2,"WeeklyBingoRewardData#0",1,"Khloe's Silver Certificate of Commendation",False,1,"WeeklyBingoRewardData#2","Allagan Tomestone of Poetics",False,1000
133,1,"MGP Platinum Card",False,2,"WeeklyBingoRewardData#0",1,"Khloe's Silver Certificate of Commendation",False,1,"WeeklyBingoRewardData#2","Allagan Tomestone of Poetics",False,1000
134,1,"MGP Platinum Card",False,2,"WeeklyBingoRewardData#0",1,"Khloe's Silver Certificate of Commendation",False,1,"WeeklyBingoRewardData#2","Allagan Tomestone of Poetics",False,1000
135,1,"MGP Platinum Card",False,2,"WeeklyBingoRewardData#0",1,"Khloe's Silver Certificate of Commendation",False,1,"WeeklyBingoRewardData#2","Allagan Tomestone of Poetics",False,1000
136,1,"MGP Platinum Card",False,2,"WeeklyBingoRewardData#0",1,"Khloe's Silver Certificate of Commendation",False,1,"WeeklyBingoRewardData#2","Allagan Tomestone of Poetics",False,1000
137,1,"MGP Gold Card",False,1,"WeeklyBingoRewardData#0",1,"Khloe's Bronze Certificate of Commendation",False,1,"WeeklyBingoRewardData#2","Allagan Tomestone of Poetics",False,700
138,1,"MGP Gold Card",False,1,"WeeklyBingoRewardData#0",1,"Khloe's Bronze Certificate of Commendation",False,1,"WeeklyBingoRewardData#2","Allagan Tomestone of Poetics",False,700
139,1,"MGP Gold Card",False,1,"WeeklyBingoRewardData#0",1,"Khloe's Bronze Certificate of Commendation",False,1,"WeeklyBingoRewardData#2","Allagan Tomestone of Poetics",False,700
140,1,"MGP Gold Card",False,1,"WeeklyBingoRewardData#0",1,"Khloe's Bronze Certificate of Commendation",False,1,"WeeklyBingoRewardData#2","Allagan Tomestone of Poetics",False,700
141,1,"MGP Gold Card",False,1,"WeeklyBingoRewardData#0",1,"Khloe's Bronze Certificate of Commendation",False,1,"WeeklyBingoRewardData#2","Allagan Tomestone of Poetics",False,700
142,1,"Allagan Platinum Piece",False,1,"WeeklyBingoRewardData#0",2,"Allagan Tomestone of Poetics",False,500,"WeeklyBingoRewardData#1","Timeworn Zonureskin Map",False,1
143,1,"Allagan Platinum Piece",False,1,"WeeklyBingoRewardData#0",2,"Allagan Tomestone of Poetics",False,500,"WeeklyBingoRewardData#1","Timeworn Kumbhiraskin Map",False,1
144,1,"Allagan Platinum Piece",False,1,"WeeklyBingoRewardData#0",2,"Allagan Tomestone of Poetics",False,500,"WeeklyBingoRewardData#1","Timeworn Kumbhiraskin Map",False,1
145,1,"Allagan Platinum Piece",False,1,"WeeklyBingoRewardData#0",2,"Allagan Tomestone of Poetics",False,500,"WeeklyBingoRewardData#1","Timeworn Kumbhiraskin Map",False,1
146,1,"Allagan Platinum Piece",False,1,"WeeklyBingoRewardData#0",2,"Allagan Tomestone of Poetics",False,500,"WeeklyBingoRewardData#1","Timeworn Kumbhiraskin Map",False,1
147,1,"Allagan Platinum Piece",False,1,"WeeklyBingoRewardData#0",2,"Allagan Tomestone of Poetics",False,500,"WeeklyBingoRewardData#1","Timeworn Kumbhiraskin Map",False,1
148,1,"Allagan Platinum Piece",False,1,"WeeklyBingoRewardData#0",2,"Allagan Tomestone of Poetics",False,500,"WeeklyBingoRewardData#1","Timeworn Kumbhiraskin Map",False,1
149,1,"Allagan Platinum Piece",False,1,"WeeklyBingoRewardData#0",2,"Allagan Tomestone of Poetics",False,500,"WeeklyBingoRewardData#1","Timeworn Kumbhiraskin Map",False,1
150,1,"Allagan Platinum Piece",False,1,"WeeklyBingoRewardData#0",2,"Allagan Tomestone of Poetics",False,500,"WeeklyBingoRewardData#1","Timeworn Kumbhiraskin Map",False,1
151,1,"Allagan Platinum Piece",False,1,"WeeklyBingoRewardData#0",2,"Allagan Tomestone of Poetics",False,500,"WeeklyBingoRewardData#1","Timeworn Kumbhiraskin Map",False,1
152,1,"Allagan Platinum Piece",False,1,"WeeklyBingoRewardData#0",2,"Allagan Tomestone of Poetics",False,500,"WeeklyBingoRewardData#1","Timeworn Kumbhiraskin Map",False,1
153,1,"Allagan Platinum Piece",False,1,"WeeklyBingoRewardData#0",2,"Allagan Tomestone of Poetics",False,500,"WeeklyBingoRewardData#1","Timeworn Kumbhiraskin Map",False,1
154,1,"Allagan Platinum Piece",False,1,"WeeklyBingoRewardData#0",2,"Allagan Tomestone of Poetics",False,500,"WeeklyBingoRewardData#1","Timeworn Kumbhiraskin Map",False,1
155,1,"Allagan Platinum Piece",False,1,"WeeklyBingoRewardData#0",2,"Allagan Tomestone of Poetics",False,500,"WeeklyBingoRewardData#1","Timeworn Kumbhiraskin Map",False,1
156,1,"Allagan Platinum Piece",False,1,"WeeklyBingoRewardData#0",2,"Allagan Tomestone of Poetics",False,500,"WeeklyBingoRewardData#1","Timeworn Kumbhiraskin Map",False,1
157,1,"Allagan Platinum Piece",False,1,"WeeklyBingoRewardData#0",2,"Allagan Tomestone of Poetics",False,500,"WeeklyBingoRewardData#1","Timeworn Kumbhiraskin Map",False,1
158,1,"Allagan Platinum Piece",False,1,"WeeklyBingoRewardData#0",2,"Allagan Tomestone of Poetics",False,500,"WeeklyBingoRewardData#1","Timeworn Kumbhiraskin Map",False,1
159,1,"Allagan Platinum Piece",False,1,"WeeklyBingoRewardData#0",2,"Allagan Tomestone of Poetics",False,500,"WeeklyBingoRewardData#1","Timeworn Kumbhiraskin Map",False,1
160,1,"Allagan Platinum Piece",False,1,"WeeklyBingoRewardData#0",2,"Allagan Tomestone of Poetics",False,500,"WeeklyBingoRewardData#1","Timeworn Kumbhiraskin Map",False,1
161,1,"Allagan Platinum Piece",False,1,"WeeklyBingoRewardData#0",2,"Allagan Tomestone of Poetics",False,500,"WeeklyBingoRewardData#1","Timeworn Kumbhiraskin Map",False,1
162,1,"Allagan Platinum Piece",False,1,"WeeklyBingoRewardData#0",2,"Allagan Tomestone of Poetics",False,500,"WeeklyBingoRewardData#1","Timeworn Kumbhiraskin Map",False,1
163,1,"Allagan Platinum Piece",False,1,"WeeklyBingoRewardData#0",2,"Allagan Tomestone of Poetics",False,500,"WeeklyBingoRewardData#1","Timeworn Kumbhiraskin Map",False,1
164,1,"Allagan Platinum Piece",False,1,"WeeklyBingoRewardData#0",2,"Allagan Tomestone of Poetics",False,500,"WeeklyBingoRewardData#1","Timeworn Kumbhiraskin Map",False,1
165,1,"Allagan Platinum Piece",False,1,"WeeklyBingoRewardData#0",2,"Allagan Tomestone of Poetics",False,500,"WeeklyBingoRewardData#1","Timeworn Kumbhiraskin Map",False,1
166,1,"Allagan Platinum Piece",False,1,"WeeklyBingoRewardData#0",2,"Allagan Tomestone of Poetics",False,500,"WeeklyBingoRewardData#1","Timeworn Kumbhiraskin Map",False,1
167,1,"Allagan Platinum Piece",False,1,"WeeklyBingoRewardData#0",2,"Allagan Tomestone of Poetics",False,500,"WeeklyBingoRewardData#1","Timeworn Kumbhiraskin Map",False,1
168,1,"Allagan Platinum Piece",False,1,"WeeklyBingoRewardData#0",2,"Allagan Tomestone of Poetics",False,500,"WeeklyBingoRewardData#1","Timeworn Kumbhiraskin Map",False,1
169,1,"Allagan Platinum Piece",False,1,"WeeklyBingoRewardData#0",2,"Allagan Tomestone of Poetics",False,500,"WeeklyBingoRewardData#1","Timeworn Kumbhiraskin Map",False,1
170,1,"MGP Platinum Card",False,20,"WeeklyBingoRewardData#0",1,"Khloe's Silver Certificate of Commendation",False,3,"WeeklyBingoRewardData#1","Khloe's Gold Certificate of Commendation",False,1
171,1,"MGP Platinum Card",False,20,"WeeklyBingoRewardData#0",1,"Khloe's Silver Certificate of Commendation",False,3,"WeeklyBingoRewardData#1","Khloe's Gold Certificate of Commendation",False,1
172,1,"MGP Platinum Card",False,20,"WeeklyBingoRewardData#0",1,"Khloe's Silver Certificate of Commendation",False,3,"WeeklyBingoRewardData#1","Khloe's Gold Certificate of Commendation",False,1
173,1,"MGP Platinum Card",False,20,"WeeklyBingoRewardData#0",1,"Khloe's Silver Certificate of Commendation",False,3,"WeeklyBingoRewardData#1","Khloe's Gold Certificate of Commendation",False,1
174,1,"MGP Platinum Card",False,20,"WeeklyBingoRewardData#0",1,"Khloe's Silver Certificate of Commendation",False,3,"WeeklyBingoRewardData#1","Khloe's Gold Certificate of Commendation",False,1
175,1,"MGP Platinum Card",False,20,"WeeklyBingoRewardData#0",1,"Khloe's Silver Certificate of Commendation",False,3,"WeeklyBingoRewardData#1","Khloe's Gold Certificate of Commendation",False,1
176,1,"MGP Platinum Card",False,20,"WeeklyBingoRewardData#0",1,"Khloe's Silver Certificate of Commendation",False,3,"WeeklyBingoRewardData#1","Khloe's Gold Certificate of Commendation",False,1
177,1,"MGP Platinum Card",False,20,"WeeklyBingoRewardData#0",1,"Khloe's Silver Certificate of Commendation",False,3,"WeeklyBingoRewardData#1","Khloe's Gold Certificate of Commendation",False,1
178,1,"MGP Platinum Card",False,20,"WeeklyBingoRewardData#0",1,"Khloe's Silver Certificate of Commendation",False,3,"WeeklyBingoRewardData#1","Khloe's Gold Certificate of Commendation",False,1
179,1,"MGP Platinum Card",False,20,"WeeklyBingoRewardData#0",1,"Khloe's Silver Certificate of Commendation",False,3,"WeeklyBingoRewardData#1","Khloe's Gold Certificate of Commendation",False,1
180,1,"MGP Platinum Card",False,20,"WeeklyBingoRewardData#0",1,"Khloe's Silver Certificate of Commendation",False,3,"WeeklyBingoRewardData#1","Khloe's Gold Certificate of Commendation",False,1
181,1,"MGP Platinum Card",False,20,"WeeklyBingoRewardData#0",1,"Khloe's Silver Certificate of Commendation",False,3,"WeeklyBingoRewardData#1","Khloe's Gold Certificate of Commendation",False,1
182,1,"MGP Platinum Card",False,20,"WeeklyBingoRewardData#0",1,"Khloe's Silver Certificate of Commendation",False,3,"WeeklyBingoRewardData#1","Khloe's Gold Certificate of Commendation",False,1
183,1,"MGP Platinum Card",False,20,"WeeklyBingoRewardData#0",1,"Khloe's Silver Certificate of Commendation",False,3,"WeeklyBingoRewardData#1","Khloe's Gold Certificate of Commendation",False,1
184,1,"MGP Platinum Card",False,20,"WeeklyBingoRewardData#0",1,"Khloe's Silver Certificate of Commendation",False,3,"WeeklyBingoRewardData#1","Khloe's Gold Certificate of Commendation",False,1
185,1,"MGP Platinum Card",False,20,"WeeklyBingoRewardData#0",1,"Khloe's Silver Certificate of Commendation",False,3,"WeeklyBingoRewardData#1","Khloe's Gold Certificate of Commendation",False,1
186,1,"MGP Platinum Card",False,20,"WeeklyBingoRewardData#0",1,"Khloe's Silver Certificate of Commendation",False,3,"WeeklyBingoRewardData#1","Khloe's Gold Certificate of Commendation",False,1
187,1,"MGP Platinum Card",False,20,"WeeklyBingoRewardData#0",1,"Khloe's Silver Certificate of Commendation",False,3,"WeeklyBingoRewardData#1","Khloe's Gold Certificate of Commendation",False,1
188,1,"MGP Platinum Card",False,20,"WeeklyBingoRewardData#0",1,"Khloe's Silver Certificate of Commendation",False,3,"WeeklyBingoRewardData#1","Khloe's Gold Certificate of Commendation",False,1
189,1,"MGP Platinum Card",False,20,"WeeklyBingoRewardData#0",1,"Khloe's Silver Certificate of Commendation",False,3,"WeeklyBingoRewardData#1","Khloe's Gold Certificate of Commendation",False,1
190,1,"MGP Platinum Card",False,20,"WeeklyBingoRewardData#0",1,"Khloe's Silver Certificate of Commendation",False,3,"WeeklyBingoRewardData#1","Khloe's Gold Certificate of Commendation",False,1
191,1,"MGP Platinum Card",False,20,"WeeklyBingoRewardData#0",1,"Khloe's Silver Certificate of Commendation",False,3,"WeeklyBingoRewardData#1","Khloe's Gold Certificate of Commendation",False,1
192,1,"MGP Platinum Card",False,20,"WeeklyBingoRewardData#0",1,"Khloe's Silver Certificate of Commendation",False,3,"WeeklyBingoRewardData#1","Khloe's Gold Certificate of Commendation",False,1
193,1,"MGP Platinum Card",False,20,"WeeklyBingoRewardData#0",1,"Khloe's Silver Certificate of Commendation",False,3,"WeeklyBingoRewardData#1","Khloe's Gold Certificate of Commendation",False,1
194,1,"MGP Platinum Card",False,20,"WeeklyBingoRewardData#0",1,"Khloe's Silver Certificate of Commendation",False,3,"WeeklyBingoRewardData#1","Khloe's Gold Certificate of Commendation",False,1
195,1,"MGP Platinum Card",False,20,"WeeklyBingoRewardData#0",1,"Khloe's Silver Certificate of Commendation",False,3,"WeeklyBingoRewardData#1","Khloe's Gold Certificate of Commendation",False,1
196,1,"MGP Platinum Card",False,20,"WeeklyBingoRewardData#0",1,"Khloe's Silver Certificate of Commendation",False,3,"WeeklyBingoRewardData#1","Khloe's Gold Certificate of Commendation",False,1
197,1,"MGP Platinum Card",False,20,"WeeklyBingoRewardData#0",1,"Khloe's Silver Certificate of Commendation",False,3,"WeeklyBingoRewardData#1","Khloe's Gold Certificate of Commendation",False,1
198,1,"MGP Platinum Card",False,2,"WeeklyBingoRewardData#0",1,"Khloe's Silver Certificate of Commendation",False,1,"WeeklyBingoRewardData#2","Allagan Tomestone of Poetics",False,1000
199,1,"MGP Platinum Card",False,2,"WeeklyBingoRewardData#0",1,"Khloe's Silver Certificate of Commendation",False,1,"WeeklyBingoRewardData#1","Cracked Dendrocluster",False,8
200,1,"MGP Platinum Card",False,2,"WeeklyBingoRewardData#0",1,"Khloe's Silver Certificate of Commendation",False,1,"WeeklyBingoRewardData#1","Cracked Dendrocluster",False,8
201,1,"MGP Platinum Card",False,2,"WeeklyBingoRewardData#0",1,"Khloe's Silver Certificate of Commendation",False,1,"WeeklyBingoRewardData#2","Allagan Tomestone of Aphorism",False,500
202,1,"MGP Platinum Card",False,2,"WeeklyBingoRewardData#0",1,"Khloe's Silver Certificate of Commendation",False,1,"WeeklyBingoRewardData#2","Allagan Tomestone of Aphorism",False,500
203,1,"MGP Platinum Card",False,2,"WeeklyBingoRewardData#0",1,"Khloe's Silver Certificate of Commendation",False,1,"WeeklyBingoRewardData#2","Allagan Tomestone of Aphorism",False,500
204,1,"MGP Platinum Card",False,2,"WeeklyBingoRewardData#0",1,"Khloe's Silver Certificate of Commendation",False,1,"WeeklyBingoRewardData#2","Allagan Tomestone of Aphorism",False,500
205,1,"MGP Platinum Card",False,2,"WeeklyBingoRewardData#0",1,"Khloe's Silver Certificate of Commendation",False,1,"WeeklyBingoRewardData#2","Allagan Tomestone of Aphorism",False,500
206,1,"MGP Platinum Card",False,2,"WeeklyBingoRewardData#0",1,"Khloe's Silver Certificate of Commendation",False,1,"WeeklyBingoRewardData#2","Allagan Tomestone of Aphorism",False,500
207,1,"MGP Platinum Card",False,2,"WeeklyBingoRewardData#0",1,"Khloe's Silver Certificate of Commendation",False,1,"WeeklyBingoRewardData#2","Allagan Tomestone of Aphorism",False,500
208,1,"MGP Platinum Card",False,2,"WeeklyBingoRewardData#0",1,"Khloe's Silver Certificate of Commendation",False,1,"WeeklyBingoRewardData#2","Allagan Tomestone of Aphorism",False,500
209,1,"MGP Platinum Card",False,2,"WeeklyBingoRewardData#0",1,"Khloe's Silver Certificate of Commendation",False,1,"WeeklyBingoRewardData#2","Allagan Tomestone of Aphorism",False,500
210,1,"MGP Platinum Card",False,2,"WeeklyBingoRewardData#0",1,"Khloe's Silver Certificate of Commendation",False,1,"WeeklyBingoRewardData#2","Allagan Tomestone of Aphorism",False,500
211,1,"MGP Platinum Card",False,2,"WeeklyBingoRewardData#0",1,"Khloe's Silver Certificate of Commendation",False,1,"WeeklyBingoRewardData#2","Allagan Tomestone of Aphorism",False,500
212,1,"MGP Platinum Card",False,2,"WeeklyBingoRewardData#0",1,"Khloe's Silver Certificate of Commendation",False,1,"WeeklyBingoRewardData#2","Allagan Tomestone of Aphorism",False,500
213,1,"MGP Platinum Card",False,2,"WeeklyBingoRewardData#0",1,"Khloe's Silver Certificate of Commendation",False,1,"WeeklyBingoRewardData#2","Allagan Tomestone of Aphorism",False,500
214,1,"MGP Platinum Card",False,2,"WeeklyBingoRewardData#0",1,"Khloe's Silver Certificate of Commendation",False,1,"WeeklyBingoRewardData#2","Allagan Tomestone of Aphorism",False,500
215,1,"MGP Platinum Card",False,2,"WeeklyBingoRewardData#0",1,"Khloe's Silver Certificate of Commendation",False,1,"WeeklyBingoRewardData#2","Allagan Tomestone of Aphorism",False,500
216,1,"MGP Platinum Card",False,2,"WeeklyBingoRewardData#0",1,"Khloe's Silver Certificate of Commendation",False,1,"WeeklyBingoRewardData#2","Allagan Tomestone of Aphorism",False,500
217,1,"MGP Platinum Card",False,2,"WeeklyBingoRewardData#0",1,"Khloe's Silver Certificate of Commendation",False,1,"WeeklyBingoRewardData#2","Allagan Tomestone of Aphorism",False,500
218,1,"MGP Platinum Card",False,2,"WeeklyBingoRewardData#0",1,"Khloe's Silver Certificate of Commendation",False,1,"WeeklyBingoRewardData#2","Allagan Tomestone of Aphorism",False,500
219,1,"MGP Platinum Card",False,2,"WeeklyBingoRewardData#0",1,"Khloe's Silver Certificate of Commendation",False,1,"WeeklyBingoRewardData#2","Allagan Tomestone of Aphorism",False,500
220,1,"MGP Platinum Card",False,2,"WeeklyBingoRewardData#0",1,"Khloe's Silver Certificate of Commendation",False,1,"WeeklyBingoRewardData#2","Allagan Tomestone of Aphorism",False,500
221,1,"MGP Platinum Card",False,2,"WeeklyBingoRewardData#0",1,"Khloe's Silver Certificate of Commendation",False,1,"WeeklyBingoRewardData#2","Allagan Tomestone of Aphorism",False,500
222,1,"MGP Platinum Card",False,2,"WeeklyBingoRewardData#0",1,"Khloe's Silver Certificate of Commendation",False,1,"WeeklyBingoRewardData#2","Allagan Tomestone of Aphorism",False,500
223,1,"MGP Platinum Card",False,2,"WeeklyBingoRewardData#0",1,"Khloe's Silver Certificate of Commendation",False,1,"WeeklyBingoRewardData#2","Allagan Tomestone of Aphorism",False,500
224,1,"MGP Platinum Card",False,2,"WeeklyBingoRewardData#0",1,"Khloe's Silver Certificate of Commendation",False,1,"WeeklyBingoRewardData#2","Allagan Tomestone of Aphorism",False,500
225,1,"MGP Platinum Card",False,2,"WeeklyBingoRewardData#0",1,"Khloe's Silver Certificate of Commendation",False,1,"WeeklyBingoRewardData#2","Allagan Tomestone of Aphorism",False,500
226,1,"MGP Gold Card",False,1,"WeeklyBingoRewardData#0",1,"Khloe's Bronze Certificate of Commendation",False,1,"WeeklyBingoRewardData#2","Allagan Tomestone of Poetics",False,700
227,1,"MGP Gold Card",False,1,"WeeklyBingoRewardData#0",1,"Khloe's Bronze Certificate of Commendation",False,1,"WeeklyBingoRewardData#2","Allagan Tomestone of Poetics",False,700
228,1,"MGP Gold Card",False,1,"WeeklyBingoRewardData#0",1,"Khloe's Bronze Certificate of Commendation",False,1,"WeeklyBingoRewardData#2","Allagan Tomestone of Poetics",False,700
229,1,"MGP Gold Card",False,1,"WeeklyBingoRewardData#0",1,"Khloe's Bronze Certificate of Commendation",False,1,"WeeklyBingoRewardData#2","Allagan Tomestone of Aphorism",False,200
230,1,"MGP Gold Card",False,1,"WeeklyBingoRewardData#0",1,"Khloe's Bronze Certificate of Commendation",False,1,"WeeklyBingoRewardData#2","Allagan Tomestone of Aphorism",False,200
231,1,"MGP Gold Card",False,1,"WeeklyBingoRewardData#0",1,"Khloe's Bronze Certificate of Commendation",False,1,"WeeklyBingoRewardData#2","Ice Shard",False,50
232,1,"MGP Gold Card",False,1,"WeeklyBingoRewardData#0",1,"Khloe's Bronze Certificate of Commendation",False,1,"WeeklyBingoRewardData#2","Ice Shard",False,50
233,1,"MGP Gold Card",False,1,"WeeklyBingoRewardData#0",1,"Khloe's Bronze Certificate of Commendation",False,1,"WeeklyBingoRewardData#2","Ice Shard",False,50
234,1,"MGP Gold Card",False,1,"WeeklyBingoRewardData#0",1,"Khloe's Bronze Certificate of Commendation",False,1,"WeeklyBingoRewardData#2","Ice Shard",False,50
235,1,"MGP Gold Card",False,1,"WeeklyBingoRewardData#0",1,"Khloe's Bronze Certificate of Commendation",False,1,"WeeklyBingoRewardData#2","Ice Shard",False,50
236,1,"MGP Gold Card",False,1,"WeeklyBingoRewardData#0",1,"Khloe's Bronze Certificate of Commendation",False,1,"WeeklyBingoRewardData#2","Ice Shard",False,50
237,1,"MGP Gold Card",False,1,"WeeklyBingoRewardData#0",1,"Khloe's Bronze Certificate of Commendation",False,1,"WeeklyBingoRewardData#2","Ice Shard",False,50
238,1,"MGP Gold Card",False,1,"WeeklyBingoRewardData#0",1,"Khloe's Bronze Certificate of Commendation",False,1,"WeeklyBingoRewardData#2","Ice Shard",False,50
239,1,"MGP Gold Card",False,1,"WeeklyBingoRewardData#0",1,"Khloe's Bronze Certificate of Commendation",False,1,"WeeklyBingoRewardData#2","Ice Shard",False,50
240,1,"MGP Gold Card",False,1,"WeeklyBingoRewardData#0",1,"Khloe's Bronze Certificate of Commendation",False,1,"WeeklyBingoRewardData#2","Ice Shard",False,50
241,1,"MGP Gold Card",False,1,"WeeklyBingoRewardData#0",1,"Khloe's Bronze Certificate of Commendation",False,1,"WeeklyBingoRewardData#2","Ice Shard",False,50
242,1,"MGP Gold Card",False,1,"WeeklyBingoRewardData#0",1,"Khloe's Bronze Certificate of Commendation",False,1,"WeeklyBingoRewardData#2","Ice Shard",False,50
243,1,"MGP Gold Card",False,1,"WeeklyBingoRewardData#0",1,"Khloe's Bronze Certificate of Commendation",False,1,"WeeklyBingoRewardData#2","Ice Shard",False,50
244,1,"MGP Gold Card",False,1,"WeeklyBingoRewardData#0",1,"Khloe's Bronze Certificate of Commendation",False,1,"WeeklyBingoRewardData#2","Ice Shard",False,50
245,1,"MGP Gold Card",False,1,"WeeklyBingoRewardData#0",1,"Khloe's Bronze Certificate of Commendation",False,1,"WeeklyBingoRewardData#2","Ice Shard",False,50
246,1,"MGP Gold Card",False,1,"WeeklyBingoRewardData#0",1,"Khloe's Bronze Certificate of Commendation",False,1,"WeeklyBingoRewardData#2","Ice Shard",False,50
247,1,"MGP Gold Card",False,1,"WeeklyBingoRewardData#0",1,"Khloe's Bronze Certificate of Commendation",False,1,"WeeklyBingoRewardData#2","Ice Shard",False,50
248,1,"MGP Gold Card",False,1,"WeeklyBingoRewardData#0",1,"Khloe's Bronze Certificate of Commendation",False,1,"WeeklyBingoRewardData#2","Ice Shard",False,50
249,1,"MGP Gold Card",False,1,"WeeklyBingoRewardData#0",1,"Khloe's Bronze Certificate of Commendation",False,1,"WeeklyBingoRewardData#2","Ice Shard",False,50
250,1,"MGP Gold Card",False,1,"WeeklyBingoRewardData#0",1,"Khloe's Bronze Certificate of Commendation",False,1,"WeeklyBingoRewardData#2","Ice Shard",False,50
251,1,"MGP Gold Card",False,1,"WeeklyBingoRewardData#0",1,"Khloe's Bronze Certificate of Commendation",False,1,"WeeklyBingoRewardData#2","Ice Shard",False,50
252,1,"MGP Gold Card",False,1,"WeeklyBingoRewardData#0",1,"Khloe's Bronze Certificate of Commendation",False,1,"WeeklyBingoRewardData#2","Ice Shard",False,50
253,1,"MGP Gold Card",False,1,"WeeklyBingoRewardData#0",1,"Khloe's Bronze Certificate of Commendation",False,1,"WeeklyBingoRewardData#2","Ice Shard",False,50
254,0,,False,0,"WeeklyBingoRewardData#0",0,,False,0,"WeeklyBingoRewardData#0","",False,0
255,0,,False,0,"WeeklyBingoRewardData#0",0,,False,0,"WeeklyBingoRewardData#0","",False,0
