key,0,1,2,3,4,5,6,7,8,9,10
#,Type,AdditionalData,AcceptClassJobCategory,Category,UnlockCondition,,,SortKey,Icon,Name,
int32,byte,Row,ClassJobCategory,byte,BannerCondition,uint16,uint16,uint16,Image,int32,str
0,0,,"All Classes",0,"BannerCondition#0",0,0,0,,0,"未設定"
1,20,"normal/idle","All Classes",3,"BannerCondition#1",0,0,0,"ui/icon/000000/000001.tex",82083,"Standing 1"
2,11,"","All Classes",3,"BannerCondition#1",0,0,0,"ui/icon/000000/000002.tex",82083,"Standing 2"
3,11,"","All Classes",3,"BannerCondition#1",0,0,0,"ui/icon/000000/000003.tex",82083,"Standing 3"
4,11,"","All Classes",3,"BannerCondition#1",0,0,0,"ui/icon/000000/000004.tex",82083,"Standing 4"
5,11,"","All Classes",3,"BannerCondition#1",0,0,0,"ui/icon/000000/000005.tex",82083,"Standing 5"
6,11,"Change Pose","All Classes",3,"BannerCondition#1",0,0,0,"ui/icon/000000/000006.tex",82083,"Standing 6"
7,11,"Change Pose","All Classes",3,"BannerCondition#1",0,0,0,"ui/icon/000000/000007.tex",82083,"Standing 7"
8,20,"battle/idle","All Classes",3,"BannerCondition#1",0,0,0,"ui/icon/000000/000008.tex",82083,"Standing 8"
9,11,"","All Classes",3,"BannerCondition#1",0,0,0,"ui/icon/000000/000009.tex",82083,"Standing 9"
10,11,"Bow","All Classes",1,"BannerCondition#1",0,0,0,"ui/icon/001000/001000.tex",64005,""
11,11,"Eastern Bow","All Classes",1,"BannerCondition#6",0,0,0,"ui/icon/001000/001001.tex",64340,""
12,0,,"",0,"BannerCondition#0",0,0,0,,0,""
13,11,"Welcome","All Classes",1,"BannerCondition#1",0,0,0,"ui/icon/001000/001003.tex",64041,""
14,11,"Greeting","All Classes",1,"BannerCondition#7",0,0,0,"ui/icon/001000/001004.tex",64361,""
15,11,"Goodbye","All Classes",1,"BannerCondition#1",0,0,0,"ui/icon/001000/001005.tex",64015,""
16,11,"Wave","All Classes",1,"BannerCondition#1",0,0,0,"ui/icon/001000/001006.tex",64016,""
17,11,"Kneel","All Classes",1,"BannerCondition#1",0,0,0,"ui/icon/001000/001007.tex",64019,""
18,11,"Salute","All Classes",1,"BannerCondition#1",0,0,0,"ui/icon/001000/001008.tex",64031,""
19,0,,"",0,"BannerCondition#0",0,0,0,,0,""
20,0,,"",0,"BannerCondition#0",0,0,0,,0,""
21,0,,"",0,"BannerCondition#0",0,0,0,,0,""
22,11,"Imperial Salute","All Classes",1,"BannerCondition#8",0,0,0,"ui/icon/001000/001009.tex",64066,""
23,11,"Eastern Greeting","All Classes",1,"BannerCondition#46",0,0,0,"ui/icon/001000/001010.tex",64088,""
24,11,"Lali-ho","All Classes",1,"BannerCondition#9",0,0,0,"ui/icon/001000/001011.tex",64383,""
25,11,"Chuckle","All Classes",1,"BannerCondition#1",0,0,0,"ui/icon/001000/001101.tex",64020,""
26,11,"Laugh","All Classes",1,"BannerCondition#1",0,0,0,"ui/icon/001000/001102.tex",64021,""
27,11,"Joy","All Classes",1,"BannerCondition#1",0,0,0,"ui/icon/001000/001103.tex",64018,""
28,11,"Happy","All Classes",1,"BannerCondition#1",0,0,0,"ui/icon/001000/001104.tex",64052,""
29,11,"Rally","All Classes",1,"BannerCondition#1",0,0,0,"ui/icon/001000/001105.tex",64034,""
30,11,"Soothe","All Classes",1,"BannerCondition#1",0,0,0,"ui/icon/001000/001106.tex",64035,""
31,11,"Blush","All Classes",1,"BannerCondition#1",0,0,0,"ui/icon/001000/001107.tex",64004,""
32,11,"Comfort","All Classes",1,"BannerCondition#1",0,0,0,"ui/icon/001000/001108.tex",64009,""
33,11,"Psych","All Classes",1,"BannerCondition#1",0,0,0,"ui/icon/001000/001109.tex",64030,""
34,11,"Pray","All Classes",1,"BannerCondition#1",0,0,0,"ui/icon/001000/001110.tex",64064,""
35,11,"Pay Respects","All Classes",1,"BannerCondition#1",0,0,0,"ui/icon/001000/001111.tex",64329,""
36,11,"Blow Kiss","All Classes",1,"BannerCondition#1",0,0,0,"ui/icon/001000/001113.tex",64049,""
37,11,"Dote","All Classes",1,"BannerCondition#47",0,0,0,"ui/icon/001000/001114.tex",64334,""
38,11,"Dance","All Classes",1,"BannerCondition#1",0,0,0,"ui/icon/001000/001115.tex",64011,""
39,11,"Yes","All Classes",1,"BannerCondition#1",0,0,0,,64042,""
40,11,"Thumbs Up","All Classes",1,"BannerCondition#1",0,0,0,,64043,""
41,11,"Clap","All Classes",1,"BannerCondition#1",0,0,0,,64007,""
42,11,"Congratulate","All Classes",1,"BannerCondition#1",0,0,0,,64029,""
43,11,"Cheer","All Classes",1,"BannerCondition#1",0,0,0,,64006,""
44,11,"Determined","All Classes",1,"BannerCondition#120",0,0,0,,64419,""
45,11,"Huzzah","All Classes",1,"BannerCondition#48",0,0,0,,64075,""
46,11,"Hug","All Classes",1,"BannerCondition#1",0,0,0,,64077,""
47,11,"Embrace","All Classes",1,"BannerCondition#28",0,0,0,,64078,""
48,11,"Pet","All Classes",1,"BannerCondition#1",0,0,0,,64067,""
49,11,"Fist Bump","All Classes",1,"BannerCondition#112",0,0,0,,64080,""
50,11,"Battle Stance","All Classes",1,"BannerCondition#10",0,0,0,,64085,""
51,11,"Victory","All Classes",1,"BannerCondition#11",0,0,0,,64086,""
52,11,"Eureka","All Classes",1,"BannerCondition#49",0,0,0,,64089,""
53,11,"Haurchefant","All Classes",1,"BannerCondition#12",0,0,0,,64091,""
54,0,,"",0,"BannerCondition#0",0,0,0,,0,""
55,11,"Fist Pump","All Classes",1,"BannerCondition#95",0,0,0,,64379,""
56,11,"Senor Sabotender","All Classes",1,"BannerCondition#50",0,0,0,,64381,""
57,11,"Toast","All Classes",1,"BannerCondition#51",0,0,0,,64386,""
58,11,"Snap","All Classes",1,"BannerCondition#52",0,0,0,,64389,""
59,0,,"",0,"BannerCondition#0",0,0,0,,0,""
60,11,"Paint It Black","All Classes",1,"BannerCondition#98",0,0,0,,64406,"Paint It"
61,0,,"",0,"BannerCondition#0",0,0,0,,0,""
62,0,,"",0,"BannerCondition#0",0,0,0,,0,""
63,0,,"",0,"BannerCondition#0",0,0,0,,0,""
64,11,"No","All Classes",1,"BannerCondition#1",0,0,0,"ui/icon/001000/001500.tex",64024,""
65,11,"Deny","All Classes",1,"BannerCondition#1",0,0,0,"ui/icon/001000/001501.tex",64025,""
66,11,"Cry","All Classes",1,"BannerCondition#1",0,0,0,"ui/icon/001000/001502.tex",64010,""
67,11,"Furious","All Classes",1,"BannerCondition#1",0,0,0,"ui/icon/001000/001503.tex",64003,""
68,11,"Fume","All Classes",1,"BannerCondition#1",0,0,0,"ui/icon/001000/001504.tex",64014,""
69,11,"Panic","All Classes",1,"BannerCondition#1",0,0,0,"ui/icon/001000/001505.tex",64026,""
70,11,"Upset","All Classes",1,"BannerCondition#1",0,0,0,"ui/icon/001000/001506.tex",64040,""
71,11,"Disappointed","All Classes",1,"BannerCondition#1",0,0,0,"ui/icon/001000/001507.tex",64053,""
72,11,"Sulk","All Classes",1,"BannerCondition#1",0,0,0,"ui/icon/001000/001508.tex",64038,""
73,11,"Angry","All Classes",1,"BannerCondition#1",0,0,0,"ui/icon/001000/001509.tex",64002,""
74,11,"Huh","All Classes",1,"BannerCondition#1",0,0,0,"ui/icon/001000/001511.tex",64017,""
75,11,"Shocked","All Classes",1,"BannerCondition#1",0,0,0,"ui/icon/001000/001512.tex",64032,""
76,11,"Shrug","All Classes",1,"BannerCondition#1",0,0,0,"ui/icon/001000/001513.tex",64033,""
77,11,"Stagger","All Classes",1,"BannerCondition#1",0,0,0,"ui/icon/001000/001514.tex",64036,""
78,11,"Surprised","All Classes",1,"BannerCondition#1",0,0,0,"ui/icon/001000/001515.tex",64001,""
79,11,"Doubt","All Classes",1,"BannerCondition#1",0,0,0,"ui/icon/001000/001517.tex",64012,""
80,11,"Grovel","All Classes",1,"BannerCondition#1",0,0,0,"ui/icon/001000/001518.tex",64051,""
81,11,"Slap","All Classes",1,"BannerCondition#1",0,0,0,"ui/icon/001000/001519.tex",64076,""
82,11,"Facepalm","All Classes",1,"BannerCondition#1",0,0,0,"ui/icon/001000/001520.tex",64326,""
83,11,"Clutch Head","All Classes",1,"BannerCondition#1",0,0,0,"ui/icon/001000/001521.tex",64416,""
84,11,"Aback","All Classes",1,"BannerCondition#42",0,0,0,"ui/icon/001000/001522.tex",64360,""
85,11,"Headache","All Classes",1,"BannerCondition#32",0,0,0,"ui/icon/001000/001523.tex",64387,""
86,11,"Vexed","All Classes",1,"BannerCondition#54",0,0,0,"ui/icon/001000/001524.tex",64411,""
87,11,"Pose","All Classes",1,"BannerCondition#1",0,0,0,"ui/icon/001000/001600.tex",64045,""
88,11,"Flex","All Classes",1,"BannerCondition#1",0,0,0,"ui/icon/001000/001601.tex",64328,""
89,11,"Beckon","All Classes",1,"BannerCondition#1",0,0,0,"ui/icon/001000/001603.tex",64008,""
90,11,"Throw","All Classes",1,"BannerCondition#14",0,0,0,"ui/icon/001000/001604.tex",64050,""
91,11,"Hand Over","All Classes",1,"BannerCondition#1",0,0,0,"ui/icon/001000/001605.tex",64073,""
92,11,"Think","All Classes",1,"BannerCondition#1",0,0,0,"ui/icon/001000/001606.tex",64039,""
93,11,"Examine Self","All Classes",1,"BannerCondition#1",0,0,0,"ui/icon/001000/001607.tex",64044,""
94,11,"Doze","All Classes",1,"BannerCondition#1",0,0,0,"ui/icon/001000/001608.tex",64013,""
95,11,"Point","All Classes",1,"BannerCondition#1",0,0,0,"ui/icon/001000/001609.tex",64027,""
96,11,"Poke","All Classes",1,"BannerCondition#1",0,0,0,"ui/icon/001000/001610.tex",64028,""
97,11,"Stretch","All Classes",1,"BannerCondition#1",0,0,0,"ui/icon/001000/001611.tex",64037,""
98,11,"Lookout","All Classes",1,"BannerCondition#1",0,0,0,"ui/icon/001000/001612.tex",64022,""
99,11,"Air Quotes","All Classes",1,"BannerCondition#1",0,0,0,"ui/icon/001000/001613.tex",64063,""
100,11,"Me","All Classes",1,"BannerCondition#1",0,0,0,"ui/icon/001000/001614.tex",64023,""
101,11,"Backflip","All Classes",1,"BannerCondition#56",0,0,0,"ui/icon/001000/001700.tex",64087,""
102,11,"Eastern Stretch","All Classes",1,"BannerCondition#57",0,0,0,"ui/icon/001000/001701.tex",64092,""
103,11,"Pretty Please","All Classes",1,"BannerCondition#58",0,0,0,"ui/icon/001000/001702.tex",64330,""
104,11,"Spectacles","All Classes",1,"BannerCondition#15",0,0,0,"ui/icon/001000/001703.tex",64335,""
105,11,"Power Up","All Classes",1,"BannerCondition#59",0,0,0,"ui/icon/001000/001704.tex",64339,""
106,11,"Converse","All Classes",1,"BannerCondition#1",0,0,0,"ui/icon/001000/001705.tex",64345,""
107,11,"Elucidate","All Classes",1,"BannerCondition#119",0,0,0,"ui/icon/001000/001706.tex",64369,""
108,11,"Shush","All Classes",1,"BannerCondition#16",0,0,0,"ui/icon/001000/001707.tex",64412,""
109,11,"Crimson Lotus","All Classes",1,"BannerCondition#60",0,0,0,"ui/icon/001000/001708.tex",64353,""
110,11,"Tomestone","All Classes",1,"BannerCondition#55",233,234,792,"ui/icon/001000/001710.tex",64375,""
111,11,"Insist","All Classes",1,"BannerCondition#35",0,0,0,"ui/icon/001000/001711.tex",64393,""
112,11,"Break Fast","All Classes",1,"BannerCondition#36",0,0,0,"ui/icon/001000/001712.tex",64390,""
113,11,"Eat Rice Ball","All Classes",1,"BannerCondition#37",0,0,0,"ui/icon/001000/001713.tex",64402,""
114,11,"Eat Apple","All Classes",1,"BannerCondition#103",0,0,0,"ui/icon/001000/001714.tex",64403,""
115,11,"Eat Pizza","All Classes",1,"BannerCondition#61",0,0,0,"ui/icon/001000/001715.tex",64413,""
116,11,"Eat Egg","All Classes",1,"BannerCondition#62",0,0,0,"ui/icon/001000/001716.tex",64417,""
117,11,"Drink Tea","All Classes",1,"BannerCondition#63",0,0,0,"ui/icon/001000/001720.tex",64418,""
118,11,"Read","All Classes",1,"BannerCondition#38",0,0,0,"ui/icon/001000/001760.tex",64391,""
119,11,"Consider","All Classes",1,"BannerCondition#64",0,0,0,"ui/icon/001000/001762.tex",64392,""
120,11,"High Five","All Classes",1,"BannerCondition#39",0,0,0,"ui/icon/001000/001770.tex",64397,""
121,11,"Pantomime","All Classes",1,"BannerCondition#65",0,0,0,"ui/icon/001000/001771.tex",64410,""
122,11,"Draw Weapon","All Classes",1,"BannerCondition#121",0,0,0,"ui/icon/001000/001800.tex",64423,""
123,11,"Sheathe Weapon","All Classes",1,"BannerCondition#122",0,0,0,"ui/icon/001000/001801.tex",64422,""
124,11,"Step Dance","All Classes",1,"BannerCondition#17",0,0,0,,64069,""
125,11,"Harvest Dance","All Classes",1,"BannerCondition#18",0,0,0,,64070,""
126,11,"Ball Dance","All Classes",1,"BannerCondition#19",0,0,0,,64071,""
127,11,"Manderville Dance","All Classes",1,"BannerCondition#20",0,0,0,,64072,""
128,11,"Bomb Dance","All Classes",1,"BannerCondition#66",0,0,0,,64074,""
129,10,,"All Classes",1,"BannerCondition#21",0,0,0,,64079,""
130,11,"Thavnairian Dance","All Classes",1,"BannerCondition#29",0,0,0,,64082,""
131,11,"Gold Dance","All Classes",1,"BannerCondition#30",0,0,0,,64083,""
132,11,"Sundrop Dance","All Classes",1,"BannerCondition#22",0,0,0,,64084,""
133,11,"Moonlift Dance","All Classes",1,"BannerCondition#23",0,0,0,,64333,""
134,11,"Moogle Dance","All Classes",1,"BannerCondition#24",0,0,0,,64090,""
135,10,,"All Classes",1,"BannerCondition#67",0,0,0,,64094,""
136,10,,"All Classes",1,"BannerCondition#68",0,0,0,,64097,""
137,10,,"All Classes",1,"BannerCondition#69",0,0,0,,64095,""
138,10,,"All Classes",1,"BannerCondition#70",0,0,0,,64098,""
139,10,,"All Classes",1,"BannerCondition#71",0,0,0,,64096,""
140,10,,"All Classes",1,"BannerCondition#72",0,0,0,,64099,""
141,11,"Eastern Dance","All Classes",1,"BannerCondition#73",0,0,0,,64093,""
142,11,"Songbird","All Classes",1,"BannerCondition#74",0,0,0,,64336,""
143,11,"Ritual Prayer","All Classes",1,"BannerCondition#105",0,0,0,,64349,""
144,11,"Charmed","All Classes",1,"BannerCondition#106",0,0,0,,64354,""
145,0,,"",0,"BannerCondition#0",0,0,0,,0,""
146,0,,"",0,"BannerCondition#0",0,0,0,,0,""
147,0,,"",0,"BannerCondition#0",0,0,0,,0,""
148,11,"Yol Dance","All Classes",1,"BannerCondition#107",0,0,0,,64365,""
149,11,"Box Step","All Classes",1,"BannerCondition#78",0,0,0,,64362,""
150,11,"Side Step","All Classes",1,"BannerCondition#79",0,0,0,,64363,""
151,11,"Get Fantasy","All Classes",1,"BannerCondition#80",0,0,0,,64370,""
152,11,"Popoto Step","All Classes",1,"BannerCondition#81",0,0,0,,64371,""
153,11,"Heel Toe","All Classes",1,"BannerCondition#82",0,0,0,,64376,""
154,11,"Goobbue Do","All Classes",1,"BannerCondition#83",0,0,0,,64377,""
155,11,"Hum","All Classes",1,"BannerCondition#25",0,0,0,,64372,""
156,11,"Manderville Mambo","All Classes",1,"BannerCondition#26",0,0,0,,64382,""
157,11,"Wasshoi","All Classes",1,"BannerCondition#84",0,0,0,,64394,""
158,11,"Flame Dance","All Classes",1,"BannerCondition#85",0,0,0,,64396,""
159,11,"Bee's Knees","All Classes",1,"BannerCondition#31",0,0,0,,64400,""
160,11,"Lali Hop","All Classes",1,"BannerCondition#108",0,0,0,,64401,""
161,11,"Squats","All Classes",1,"BannerCondition#113",0,0,0,,64341,""
162,11,"Push-ups","All Classes",1,"BannerCondition#114",0,0,0,,64342,""
163,11,"Sit-ups","All Classes",1,"BannerCondition#115",0,0,0,,64343,""
164,11,"Breath Control","All Classes",1,"BannerCondition#116",0,0,0,,64344,""
165,11,"Attention","All Classes",1,"BannerCondition#117",0,0,0,,64346,""
166,11,"At Ease","All Classes",1,"BannerCondition#118",0,0,0,,64347,""
167,11,"Box","All Classes",1,"BannerCondition#27",0,0,0,,64348,""
168,11,"Sweat","All Classes",1,"BannerCondition#43",0,0,0,,64367,""
169,11,"Shiver","All Classes",1,"BannerCondition#96",0,0,0,,64368,""
170,11,"Tremble","All Classes",1,"BannerCondition#33",0,0,0,,64358,""
171,11,"Winded","All Classes",1,"BannerCondition#34",0,0,0,,64359,""
172,11,"Confirm","All Classes",1,"BannerCondition#102",0,0,0,,64373,""
173,11,"Scheme","All Classes",1,"BannerCondition#97",0,0,0,,64374,""
174,11,"Reprimand","All Classes",1,"BannerCondition#123",0,0,0,,64380,""
175,0,,"",0,"BannerCondition#0",0,0,0,,0,""
176,11,"Lean","All Classes",1,"BannerCondition#40",0,0,0,,64388,""
177,11,"Guard","All Classes",1,"BannerCondition#44",0,0,0,,64398,""
178,11,"Malevolence","All Classes",1,"BannerCondition#45",0,0,0,,64399,""
179,11,"Wring Hands","All Classes",1,"BannerCondition#104",0,0,0,,64404,""
180,11,"Sweep Up","All Classes",1,"BannerCondition#41",0,0,0,,64405,""
181,11,"Show Right","All Classes",1,"BannerCondition#87",0,0,0,,64420,""
182,11,"Show Left","All Classes",1,"BannerCondition#88",0,0,0,,64421,""
183,11,"Zantetsuken","All Classes",1,"BannerCondition#89",0,0,0,,64327,""
184,11,"Diamond Dust","All Classes",1,"BannerCondition#90",0,0,0,,64332,""
185,11,"Megaflare","All Classes",1,"BannerCondition#91",0,0,0,,64352,""
186,11,"Ultima","All Classes",1,"BannerCondition#92",0,0,0,,64364,""
187,0,,"",0,"BannerCondition#0",0,0,0,,0,""
188,0,,"",0,"BannerCondition#0",0,0,0,,0,""
189,0,,"",0,"BannerCondition#0",0,0,0,,0,""
190,0,,"",0,"BannerCondition#0",0,0,0,,0,""
191,0,,"",0,"BannerCondition#0",0,0,0,,0,""
192,0,,"",0,"BannerCondition#0",0,0,0,,0,""
193,0,,"",0,"BannerCondition#0",0,0,0,,0,""
194,0,,"",0,"BannerCondition#0",0,0,0,,0,""
195,0,,"",0,"BannerCondition#0",0,0,0,,0,""
196,0,,"",0,"BannerCondition#0",0,0,0,,0,""
197,0,,"",0,"BannerCondition#0",0,0,0,,0,""
198,0,,"",0,"BannerCondition#0",0,0,0,,0,""
199,0,,"",0,"BannerCondition#0",0,0,0,,0,""
200,0,,"",0,"BannerCondition#0",0,0,0,,0,""
201,0,,"",0,"BannerCondition#0",0,0,0,,0,""
202,0,,"",0,"BannerCondition#0",0,0,0,,0,""
203,0,,"",0,"BannerCondition#0",0,0,0,,0,""
204,0,,"",0,"BannerCondition#0",0,0,0,,0,""
205,0,,"",0,"BannerCondition#0",0,0,0,,0,""
206,0,,"",0,"BannerCondition#0",0,0,0,,0,""
207,0,,"",0,"BannerCondition#0",0,0,0,,0,""
208,0,,"",0,"BannerCondition#0",0,0,0,,0,""
209,0,,"",0,"BannerCondition#0",0,0,0,,0,""
210,0,,"",0,"BannerCondition#0",0,0,0,,0,""
211,0,,"",0,"BannerCondition#0",0,0,0,,0,""
212,20,"gather/idle","MIN, BTN",3,"BannerCondition#1",0,0,0,"ui/icon/006000/006100.tex",82096,"Ready to Gather"
213,0,,"",0,"BannerCondition#0",0,0,0,,0,""
214,0,,"",0,"BannerCondition#0",0,0,0,,0,""
215,0,,"",0,"BannerCondition#0",0,0,0,,0,""
216,0,,"",0,"BannerCondition#0",0,0,0,,0,""
217,0,,"",0,"BannerCondition#0",0,0,0,,0,""
218,20,"fishing/idle","FSH",3,"BannerCondition#1",0,0,0,"ui/icon/006000/006200.tex",62118,"Tackle in Hand"
219,20,"fishing/retrieve_idle","FSH",3,"BannerCondition#1",0,0,0,"ui/icon/006000/006201.tex",62118,"Ready to Reel"
220,0,,"",0,"BannerCondition#0",0,0,0,,0,""
221,0,,"",0,"BannerCondition#0",0,0,0,,0,""
222,0,,"",0,"BannerCondition#0",0,0,0,,0,""
223,0,,"",0,"BannerCondition#0",0,0,0,,0,""
224,0,,"",0,"BannerCondition#0",0,0,0,,0,""
225,0,,"",0,"BannerCondition#0",0,0,0,,0,""
226,0,,"",0,"BannerCondition#0",0,0,0,,0,""
227,0,,"",0,"BannerCondition#0",0,0,0,,0,""
228,0,,"",0,"BannerCondition#0",0,0,0,,0,""
229,0,,"",0,"BannerCondition#0",0,0,0,,0,""
230,0,,"",0,"BannerCondition#0",0,0,0,,0,""
231,0,,"",0,"BannerCondition#0",0,0,0,,0,""
232,0,,"",0,"BannerCondition#0",0,0,0,,0,""
233,0,,"",0,"BannerCondition#0",0,0,0,,0,""
234,0,,"",0,"BannerCondition#0",0,0,0,,0,""
235,0,,"",0,"BannerCondition#0",0,0,0,,0,""
236,0,,"",0,"BannerCondition#0",0,0,0,,0,""
237,0,,"",0,"BannerCondition#0",0,0,0,,0,""
238,0,,"",0,"BannerCondition#0",0,0,0,,0,""
239,0,,"",0,"BannerCondition#0",0,0,0,,0,""
240,0,,"",0,"BannerCondition#0",0,0,0,,0,""
241,0,,"",0,"BannerCondition#0",0,0,0,,0,""
242,2,"Phalanx","PLD",2,"BannerCondition#124",0,0,0,"ui/icon/004000/004000.tex",62119,""
243,2,"Primal Scream","WAR",2,"BannerCondition#125",0,0,0,"ui/icon/004000/004010.tex",62121,""
244,2,"Eventide","DRK",2,"BannerCondition#126",0,0,0,"ui/icon/004000/004020.tex",62132,""
245,2,"Terminal Trigger","GNB",2,"BannerCondition#127",0,0,0,"ui/icon/004000/004032.tex",62137,""
246,2,"Afflatus Purgation","WHM",2,"BannerCondition#128",0,0,0,"ui/icon/004000/004040.tex",62124,""
247,2,"Summon Seraph","SCH",2,"BannerCondition#129",0,0,0,"ui/icon/004000/004050.tex",62128,""
248,2,"Celestial River","AST",2,"BannerCondition#130",0,0,0,"ui/icon/004000/004060.tex",62133,""
249,2,"Mesotes","SGE",2,"BannerCondition#131",0,0,0,"ui/icon/004000/004070.tex",62140,""
250,2,"Meteodrive","MNK",2,"BannerCondition#132",0,0,0,"ui/icon/004000/004080.tex",62120,""
251,2,"Sky Shatter","DRG",2,"BannerCondition#133",0,0,0,"ui/icon/004000/004100.tex",62122,""
252,20,"ability/pvp_common/abl040","NIN",2,"BannerCondition#134",0,0,0,"ui/icon/004000/004110.tex",62130,"Seiton Tenchu"
253,20,"ability/pvp_common/abl039","SAM",2,"BannerCondition#135",0,0,0,"ui/icon/004000/004120.tex",62134,"Zantetsuken"
254,20,"ability/pvp_common/abl038","RPR",2,"BannerCondition#136",0,0,0,"ui/icon/004000/004130.tex",62139,"Tenebrae Lemurum"
255,2,"Final Fantasia","BRD",2,"BannerCondition#137",0,0,0,"ui/icon/004000/004140.tex",62123,""
256,2,"Marksman's Spite","MCH",2,"BannerCondition#138",0,0,0,"ui/icon/004000/004150.tex",62131,""
257,2,"Contradance","DNC",2,"BannerCondition#139",0,0,0,"ui/icon/004000/004160.tex",62138,""
258,2,"Soul Resonance","BLM",2,"BannerCondition#140",0,0,0,"ui/icon/004000/004170.tex",62125,""
259,2,"Summon Bahamut","SMN",2,"BannerCondition#141",0,0,0,"ui/icon/004000/004180.tex",62127,""
260,2,"Summon Phoenix","SMN",2,"BannerCondition#141",0,0,0,"ui/icon/004000/004181.tex",62127,""
261,2,"Southern Cross","RDM",2,"BannerCondition#142",0,0,0,"ui/icon/004000/004190.tex",62135,""
262,11,"Spirit","All Classes",1,"BannerCondition#345",0,0,0,,64426,""
263,11,"Linkpearl","All Classes",1,"BannerCondition#408",0,0,0,"ui/icon/001000/001772.tex",64429,""
264,11,"Ear Wiggle","All Classes",1,"BannerCondition#470",0,0,0,,64430,""
265,11,"Hand to Heart","All Classes",1,"BannerCondition#471",0,0,0,"ui/icon/001000/001112.tex",64438,""
266,11,"Reference","All Classes",1,"BannerCondition#532",0,0,0,"ui/icon/001000/001761.tex",64444,""
267,11,"Slump","All Classes",1,"BannerCondition#533",0,0,0,,64447,""
268,11,"Eat Chocolate","All Classes",1,"BannerCondition#627",0,0,0,"ui/icon/001000/001718.tex",64415,""
269,11,"Deride","All Classes",1,"BannerCondition#628",0,0,0,"ui/icon/001000/001510.tex",64424,""
270,11,"Wow","All Classes",1,"BannerCondition#629",0,0,0,,64425,""
271,11,"Eat Pumpkin Cookie","All Classes",1,"BannerCondition#630",0,0,0,"ui/icon/001000/001717.tex",64414,""
272,11,"Little Ladies' Dance","All Classes",1,"BannerCondition#631",0,0,0,"ui/icon/001000/001709.tex",64428,""
273,11,"Frighten","All Classes",1,"BannerCondition#632",0,0,0,"ui/icon/001000/001516.tex",64431,""
274,11,"Jump for Joy 1","All Classes",1,"BannerCondition#633",0,0,0,,64433,""
275,11,"Jump for Joy 2","All Classes",1,"BannerCondition#634",0,0,0,,64434,""
276,11,"Jump for Joy 3","All Classes",1,"BannerCondition#635",0,0,0,,64435,""
277,11,"Jump for Joy 4","All Classes",1,"BannerCondition#636",0,0,0,,64436,""
278,11,"Jump for Joy 5","All Classes",1,"BannerCondition#637",0,0,0,,64437,""
279,11,"Lop Hop","All Classes",1,"BannerCondition#638",0,0,0,,64443,""
280,11,"Eat Chicken","All Classes",1,"BannerCondition#639",0,0,0,"ui/icon/001000/001719.tex",64445,""
281,11,"Love Heart","All Classes",1,"BannerCondition#640",0,0,0,,64448,""
282,11,"Humble Triumph","All Classes",1,"BannerCondition#641",0,0,0,,64449,""
283,11,"Victory Reveal","All Classes",1,"BannerCondition#642",0,0,0,,64450,""
284,2,"World-swallower","VPR",2,"BannerCondition#681",0,0,0,"ui/icon/004000/004131.tex",62141,""
285,2,"Advent of Chocobastion","PCT",2,"BannerCondition#682",0,0,0,"ui/icon/004000/004200.tex",62142,""
286,0,,"",0,"BannerCondition#0",0,0,0,,0,""
287,11,"All Saints' Charm","All Classes",1,"BannerCondition#720",0,0,0,,64442,""
288,11,"Fry Egg","All Classes",1,"BannerCondition#816",0,0,0,"ui/icon/001000/001750.tex",64451,""
289,11,"Advent of Light","All Classes",1,"BannerCondition#707",0,0,0,"ui/icon/001000/001773.tex",64432,""
290,0,,"",0,"BannerCondition#0",0,0,0,,0,""
291,0,,"",0,"BannerCondition#0",0,0,0,,0,""
292,0,,"",0,"BannerCondition#0",0,0,0,,0,""
293,0,,"",0,"BannerCondition#0",0,0,0,,0,""
294,0,,"",0,"BannerCondition#0",0,0,0,,0,""
295,11,"Uchiwasshoi","All Classes",1,"BannerCondition#721",0,0,0,,64452,""
296,11,"Attend","All Classes",1,"BannerCondition#722",0,0,0,,64453,""
297,11,"Water","All Classes",1,"BannerCondition#723",0,0,0,,64454,""
298,11,"Shake Drink","All Classes",1,"BannerCondition#724",0,0,0,,64455,""
299,11,"Pose of the Unbound","All Classes",1,"BannerCondition#725",0,0,0,"ui/icon/001000/001602.tex",64456,""
300,11,"Bouquet","All Classes",1,"BannerCondition#726",0,0,0,,64457,""
301,0,,"",0,"BannerCondition#0",0,0,0,,0,""
302,11,"Ohokaliy","All Classes",1,"BannerCondition#727",0,0,0,"ui/icon/001000/001012.tex",64459,""
303,11,"Photograph","All Classes",1,"BannerCondition#1",0,0,0,"ui/icon/001000/001774.tex",64461,""
304,11,"Visage Capture","All Classes",1,"BannerCondition#817",0,0,0,"ui/icon/001000/001775.tex",64460,""
305,11,"Overreact","All Classes",1,"BannerCondition#818",0,0,0,"ui/icon/001000/001525.tex",64462,""
306,11,"Twirl","All Classes",1,"BannerCondition#819",0,0,0,"ui/icon/001000/001776.tex",64463,""
307,11,"Dazed","All Classes",1,"BannerCondition#820",0,0,0,,64464,""
308,11,"Rage","All Classes",1,"BannerCondition#821",0,0,0,,64465,""
309,0,,"",0,"BannerCondition#0",0,0,0,,0,""
310,11,"Gridanian Gulp","All Classes",1,"BannerCondition#881",0,0,0,,64471,""
311,11,"Ul'dahn Gulp","All Classes",1,"BannerCondition#881",0,0,0,,64472,""
312,11,"Lominsan Gulp","All Classes",1,"BannerCondition#881",0,0,0,,64473,""
313,11,"Limber Up","All Classes",1,"BannerCondition#882",0,0,0,,64474,""
314,11,"Drink Green Tea","All Classes",1,"BannerCondition#883",0,0,0,"ui/icon/001000/001721.tex",64475,""
315,11,"Savor Tea","All Classes",1,"BannerCondition#883",0,0,0,,64476,""
316,10,,"All Classes",1,"BannerCondition#884",0,0,0,,64477,""
317,0,,"",0,"BannerCondition#0",0,0,0,,0,""
318,0,,"",0,"BannerCondition#0",0,0,0,,0,""
319,0,,"",0,"BannerCondition#0",0,0,0,,0,""
320,0,,"",0,"BannerCondition#0",0,0,0,,0,""
321,0,,"",0,"BannerCondition#0",0,0,0,,0,""
322,0,,"",0,"BannerCondition#0",0,0,0,,0,""
323,0,,"",0,"BannerCondition#0",0,0,0,,0,""
324,0,,"",0,"BannerCondition#0",0,0,0,,0,""
325,0,,"",0,"BannerCondition#0",0,0,0,,0,""
326,0,,"",0,"BannerCondition#0",0,0,0,,0,""
327,0,,"",0,"BannerCondition#0",0,0,0,,0,""
328,0,,"",0,"BannerCondition#0",0,0,0,,0,""
329,0,,"",0,"BannerCondition#0",0,0,0,,0,""
330,0,,"",0,"BannerCondition#0",0,0,0,,0,""
331,0,,"",0,"BannerCondition#0",0,0,0,,0,""
332,0,,"",0,"BannerCondition#0",0,0,0,,0,""
333,0,,"",0,"BannerCondition#0",0,0,0,,0,""
334,0,,"",0,"BannerCondition#0",0,0,0,,0,""
335,0,,"",0,"BannerCondition#0",0,0,0,,0,""
336,0,,"",0,"BannerCondition#0",0,0,0,,0,""
337,0,,"",0,"BannerCondition#0",0,0,0,,0,""
338,0,,"",0,"BannerCondition#0",0,0,0,,0,""
339,0,,"",0,"BannerCondition#0",0,0,0,,0,""
340,0,,"",0,"BannerCondition#0",0,0,0,,0,""
341,0,,"",0,"BannerCondition#0",0,0,0,,0,""
342,0,,"",0,"BannerCondition#0",0,0,0,,0,""
343,0,,"",0,"BannerCondition#0",0,0,0,,0,""
344,0,,"",0,"BannerCondition#0",0,0,0,,0,""
345,0,,"",0,"BannerCondition#0",0,0,0,,0,""
346,0,,"",0,"BannerCondition#0",0,0,0,,0,""
347,0,,"",0,"BannerCondition#0",0,0,0,,0,""
348,0,,"",0,"BannerCondition#0",0,0,0,,0,""
349,0,,"",0,"BannerCondition#0",0,0,0,,0,""
350,0,,"",0,"BannerCondition#0",0,0,0,,0,""
