key,0,1,2,3,4,5,6,7,8,9,10,11,12,13,14,15,16,17,18,19,20,21,22,23
#,GatheringLevel,BigFish{OnReach},BigFish{OnEnd},FishingSpotCategory,Rare,TerritoryType,PlaceName{Main},PlaceName{Sub},X,Z,Radius,,Item[0],Item[1],Item[2],Item[3],Item[4],Item[5],Item[6],Item[7],Item[8],Item[9],PlaceName,Order
int32,byte,str,str,byte,bit&01,TerritoryType,PlaceName,PlaceName,int16,int16,uint16,byte,Item,Item,Item,Item,Item,Item,Item,Item,Item,Item,PlaceName,uint16
0,0,"","",0,False,,"","",0,0,0,0,"Diadochos Sword","Diadochos Sword","Diadochos Sword","Diadochos Sword","Diadochos Sword","Diadochos Sword","Diadochos Sword","Diadochos Sword","Diadochos Sword","Diadochos Sword","Undiscovered Fishing Hole",0
1,15,"REACH!","FAIL!",1,False,,"","",0,0,0,0,"Merlthor Goby","Blue Octopus","Rockclimber","Spearhead Squid","Kholusian Wrasse","Weedy Seadragon","Henodus","Henodus Grandis","Diadochos Sword","Diadochos Sword","",0
2,5,"","",2,False,"f1f1","","",1094,1058,400,2,"Crayfish","Striped Goby","Pipira","Gudgeon","Brass Loach","Maiden Carp","Eunuch Crayfish","Chirurgeon","Diadochos Sword","Diadochos Sword","The Vein",46
3,15,"","",2,False,"f1f1","","",1276,1398,400,2,"Bone Crayfish","Pipira","Gudgeon","Brass Loach","Maiden Carp","Moat Carp","Tricolored Carp","Ghost Carp","Diadochos Sword","Diadochos Sword","The Mirror",47
4,30,"","",2,False,"f1f1","","",730,1156,400,4,"Black Eel","Ala Mhigan Fighting Fish","Monke Onke","Mitten Crab","Spotted Pleco","Bonytongue","Levinlight","Diadochos Sword","Diadochos Sword","Diadochos Sword","Everschade",48
5,35,"","",2,False,"f1f1","","",690,1011,400,2,"Mudcrab","Black Eel","Black Ghost","Ala Mhigan Fighting Fish","Mudskipper","Clown Loach","Seema","The Green Jester","Diadochos Sword","Diadochos Sword","Hopeseed Pond",49
6,15,"","",2,False,"f1f2","","",401,1094,400,2,"Bone Crayfish","Striped Goby","Pipira","Maiden Carp","River Crab","Dark Sleeper","Eunuch Crayfish","Dark Ambusher","Diadochos Sword","Diadochos Sword","Sweetbloom Pier",51
7,25,"","",2,False,"f1f2","","",973,1025,400,2,"Rainbow Trout","River Crab","Copperfish","Black Eel","Climbing Perch","Yugr'am Salmon","Spotted Pleco","Fall Jumper","Sylphsbane","Diadochos Sword","Verdant Drop",54
8,15,"","",2,False,"f1f2","","",1150,1214,400,2,"Brass Loach","Maiden Carp","Rainbow Trout","River Crab","Ala Mhigan Fighting Fish","Bluebell Salmon","Eunuch Crayfish","Moldva","Diadochos Sword","Diadochos Sword","Springripple Brook",52
9,45,"","",2,False,"f1f2","","",1250,986,600,2,"Giant Bass","Velodyna Carp","Oakroot","Common Sculpin","Southern Pike","Mushroom Crab","Magicked Mushroom","Diadochos Sword","Diadochos Sword","Diadochos Sword","Sylphlands",55
10,20,"","",2,False,"f1f2","","",833,798,400,2,"Bone Crayfish","River Crab","Acorn Snail","Moat Carp","Tricolored Carp","Pond Mussel","Dark Bass","The Assassin","Diadochos Sword","Diadochos Sword","Sanctum of the Twelve",53
11,20,"","",2,False,"f1f3","","",850,900,400,2,"Rainbow Trout","River Crab","Ala Mhigan Fighting Fish","Faerie Bass","Dark Sleeper","Eunuch Crayfish","Black Eel","Velodyna Carp","Vip Viper","Diadochos Sword","Upper Hathoeva River",56
12,30,"","",2,True,"f1f3","","",947,1076,200,1,"Rainbow Trout","Dark Sleeper","Five-ilm Pleco","Yugr'am Salmon","Mitten Crab","Seema","Armored Pleco","Velodyna Carp","The Sinker","Diadochos Sword","Middle Hathoeva River",59
13,25,"","",2,False,"f1f3","","",867,1190,400,4,"Rainbow Trout","Ala Mhigan Fighting Fish","Faerie Bass","Mudcrab","Eunuch Crayfish","Black Eel","Climbing Perch","Yugr'am Salmon","Velodyna Carp","Floating Boulder","Lower Hathoeva River",57
14,25,"","",2,False,"f1f3","","",1142,1067,400,4,"Rainbow Trout","Faerie Bass","Dark Sleeper","Copperfish","Mudcrab","Eunuch Crayfish","Black Eel","Velodyna Carp","The Grinner","Diadochos Sword","East Hathoeva River",58
15,30,"","",2,False,"f1f3","","",1324,1023,400,2,"Ala Mhigan Fighting Fish","Mudcrab","Dark Bass","Five-ilm Pleco","Black Ghost","Yugr'am Salmon","Bonytongue","Silverfish","Goblin Perch","The Gobfather","Goblinblood",60
16,35,"","",2,False,"f1f3","","",880,1401,400,3,"Bone Crayfish","Climbing Perch","Root Skipper","Mitten Crab","Armored Pleco","Judgment Staff","Son of Levin","Diadochos Sword","Diadochos Sword","Diadochos Sword","Rootslake",61
17,45,"You sense something larger than even a great takitaro!","You no longer sense anything out of the ordinary.",2,False,"f1f3","","",1576,1147,400,2,"Ala Mhigan Fighting Fish","Monke Onke","Bonytongue","Mitten Crab","Velodyna Carp","Southern Pike","Boxing Pleco","Takitaro","Giant Takitaro","Namitaro","Urth's Gift",62
18,15,"","",2,False,"f1f4","","",1268,1204,400,4,"Brass Loach","Maiden Carp","Rainbow Trout","River Crab","Bluebell Salmon","Tricolored Carp","Blue Widow","Diadochos Sword","Diadochos Sword","Diadochos Sword","Murmur Rills",63
19,15,"","",2,False,"f1f4","","",1000,1182,400,2,"Striped Goby","Brass Loach","Maiden Carp","Rainbow Trout","Ala Mhigan Fighting Fish","Faerie Bass","Dark Sleeper","Shadow Catfish","Judgeray","Diadochos Sword","Fallgourd Float",64
20,40,"","",2,False,"f1f4","","",990,990,400,4,"Pond Mussel","Mitten Crab","Seema","Golden Loach","Loyal Pleco","Oakroot","Southern Pike","Pirarucu","Shadowstreak","Diadochos Sword","Proud Creek",65
21,50,"You sense something massive just below the surface!","You no longer sense anything out of the ordinary.",2,True,"f1f4","","",840,940,400,1,"Mudcrab","Pond Mussel","Bonytongue","Silverfish","Assassin Betta","Boxing Pleco","Goldfish","Bowfin","Cornelia","Diadochos Sword","Lake Tahtotl",66
22,45,"","",2,False,"l1f1","","",1203,602,400,4,"Lamp Marimo","Silverfish","Ignus Snail","Sludgeskipper","Assassin Betta","Ilsabardian Bass","Goldfish","Heliobatis","Aetherlouse","Diadochos Sword","North Silvertear",99
23,50,"","",2,True,"l1f1","","",886,833,200,2,"Lamp Marimo","Silverfish","Giant Bass","Ignus Snail","Knifefish","Assassin Betta","Ilsabardian Bass","Goldfish","Poxpike","Void Bass","Rathefrost",102
24,50,"","",2,False,"l1f1","","",670,615,400,4,"Bone Crayfish","Ala Mhigan Fighting Fish","Silverfish","Sludgeskipper","Assassin Betta","Boltfish","Ilsabardian Bass","Cadaver Carp","Ninja Betta","Diadochos Sword","The Tangle",103
25,45,"","",2,False,"l1f1","","",595,528,200,2,"Ala Mhigan Fighting Fish","Dark Bass","Mitten Crab","Giant Bass","Ignus Snail","Knifefish","Boxing Pleco","Monke Onke","Ignus Horn","Diadochos Sword","The Deep Tangle",100
26,35,"","",2,False,"r1f1","","",972,1478,400,2,"Striped Goby","Maiden Carp","Rainbow Trout","Seema","Giant Bass","Crimson Trout","Kissing Trout","Daniffen's Mark","Diadochos Sword","Diadochos Sword","Coerthas River",90
27,50,"","",4,False,"r1f1","","",1633,888,600,4,"Cloud Jellyfish","Skyfish","Cloud Cutter","Blind Manta","Rift Sailor","Saucerfish","Rhamphorhynchus","Mahar","Shonisaurus","Diadochos Sword","Witchdrop",98
28,40,"","",2,False,"r1f1","","",731,1019,400,2,"Striped Goby","Abalathian Smelt","Giant Bass","Crimson Trout","Bronze Lake Trout","Northern Pike","Kissing Trout","Emperor Fish","Starbright","Diadochos Sword","The Nail",92
29,45,"The water falls dark...","A faint glow returns to the water.",2,True,"r1f1","","",1525,325,400,2,"Lamp Marimo","Abalathian Smelt","Giant Bass","Crimson Trout","Common Sculpin","Northern Pike","Angry Pike","Darkstar","Diadochos Sword","Diadochos Sword","The Weeping Saint",95
30,40,"","",2,False,"r1f1","","",1344,796,400,2,"Striped Goby","Rainbow Trout","Abalathian Smelt","Seema","Crimson Trout","Kissing Trout","Dawn Maiden","Diadochos Sword","Diadochos Sword","Diadochos Sword","Dragonhead Latrines",93
31,35,"","",2,False,"r1f1","","",612,1089,300,4,"Striped Goby","Blindfish","Lamp Marimo","Abalathian Smelt","Golden Loach","Cave Cherax","Charon's Lantern","Diadochos Sword","Diadochos Sword","Diadochos Sword","Daniffen Pass",91
32,40,"","",2,False,"r1f1","","",272,1080,200,4,"Lamp Marimo","Abalathian Smelt","Northern Pike","Kissing Trout","The Matriarch","Diadochos Sword","Diadochos Sword","Diadochos Sword","Diadochos Sword","Diadochos Sword","Exploratory Ice Hole",94
33,45,"","",2,False,"r1f1","","",108,1014,400,3,"Rainbow Trout","Seema","Crimson Trout","Wandering Sculpin","Blue Corpse","Diadochos Sword","Diadochos Sword","Diadochos Sword","Diadochos Sword","Diadochos Sword","Snowcloak",96
34,45,"","",4,False,"r1f1","","",660,620,600,2,"Cloud Jellyfish","Skyfish","Cloud Cutter","Blind Manta","Rift Sailor","Anomalocaris","Diadochos Sword","Diadochos Sword","Diadochos Sword","Diadochos Sword","Sea of Clouds",97
35,1,"","",1,False,"s1t2","","",668,1120,3000,2,"Merlthor Goby","Lominsan Anchovy","Malm Kelp","Finger Shrimp","Ocean Cloud","Harbor Herring","Coral Butterfly","Blue Octopus","Octomammoth","Diadochos Sword","Limsa Lominsa Lower Decks",2
36,1,"","",1,False,"s1t1","","",930,1032,3000,2,"Merlthor Goby","Lominsan Anchovy","Malm Kelp","Finger Shrimp","Ocean Cloud","Harbor Herring","Coral Butterfly","Blue Octopus","Goldenfin","Diadochos Sword","Limsa Lominsa Upper Decks",1
37,1,"","",1,False,"s1f1","","",884,1049,600,1,"Merlthor Goby","Lominsan Anchovy","Finger Shrimp","Ocean Cloud","Sea Cucumber","Harbor Herring","Coral Butterfly","Angelfish","Blue Octopus","Zalera","Zephyr Drift",3
38,5,"","",1,False,"s1f1","","",682,734,600,1,"Merlthor Goby","Finger Shrimp","White Coral","Ocean Cloud","Harbor Herring","Vongola Clam","Blue Octopus","Ogre Barracuda","Silver Shark","Gigantshark","Summerford",6
39,1,"","",2,False,"s1f1","","",1054,1058,400,3,"Crayfish","Chub","Dwarf Catfish","Princess Trout","La Noscean Perch","Beguiler Chub","Diadochos Sword","Diadochos Sword","Diadochos Sword","Diadochos Sword","Rogue River",4
40,1,"","",2,False,"s1f1","","",960,850,400,4,"Crayfish","Chub","Dwarf Catfish","Princess Trout","Gudgeon","La Noscean Perch","Great Gudgeon","Diadochos Sword","Diadochos Sword","Diadochos Sword","West Agelyss River",5
41,5,"","",2,False,"s1f1","","",861,693,400,3,"Chub","Dwarf Catfish","Princess Trout","Dusk Goby","Gudgeon","Maiden Carp","La Noscean Perch","High Perch","Diadochos Sword","Diadochos Sword","Nym River",7
42,15,"","",2,True,"s1f1","","",989,558,200,2,"Dwarf Catfish","Dusk Goby","River Crab","La Noscean Perch","Copperfish","Eunuch Crayfish","Glass Perch","Crystal Perch","Diadochos Sword","Diadochos Sword","Woad Whisper Canyon",8
43,1,"","",2,False,"s1f2","","",1188,1100,400,2,"Crayfish","Chub","Dwarf Catfish","Princess Trout","Dusk Goby","Gudgeon","Maiden Carp","Caterwauler","Diadochos Sword","Diadochos Sword","The Mourning Widow",9
44,5,"","",1,False,"s1f2","","",1294,1248,600,3,"Merlthor Goby","Malm Kelp","Ocean Cloud","Sea Cucumber","Vongola Clam","Moraby Flounder","Pebble Crab","Blue Octopus","Oschon's Print","Diadochos Sword","Moraby Bay",10
45,10,"","",1,False,"s1f2","","",1712,850,600,2,"Merlthor Goby","Ocean Cloud","Harbor Herring","Moraby Flounder","Pebble Crab","Tiger Cod","Blue Octopus","Leafy Seadragon","Syldra","Diadochos Sword","Cedarwood",11
46,15,"","",1,False,"s1f2","","",1270,1672,600,3,"Ocean Cloud","Harbor Herring","Moraby Flounder","Pebble Crab","Tiger Cod","Rothlyt Oyster","Navigator's Dagger","Blue Octopus","Jacques the Snipper","Diadochos Sword","Moraby Drydocks",14
47,10,"","",1,False,"s1f2","","",1174,1934,600,3,"Sea Cucumber","Vongola Clam","Moraby Flounder","Pebble Crab","Tiger Cod","Rothlyt Oyster","Mahi-mahi","Silver Sovereign","Diadochos Sword","Diadochos Sword","Oschon's Torch",12
48,20,"","",1,True,"s1f2","","",818,1752,600,1,"Sea Cucumber","Pebble Crab","Helmet Crab","Razor Clam","Blowfish","Sea Bo","Black Sole","Tiny Tortoise","Meteor Survivor","Diadochos Sword","The Salt Strand",16
49,10,"","",1,False,"s1f2","","",980,1900,400,1,"Lominsan Anchovy","Vongola Clam","Moraby Flounder","Pebble Crab","Tiger Cod","Rothlyt Oyster","Shall Shell","Sabertooth Cod","Diadochos Sword","Diadochos Sword","Candlekeep Quay",13
50,15,"","",2,False,"s1f2","","",1049,1699,400,2,"Dusk Goby","Crimson Crayfish","Faerie Bass","Acorn Snail","Moat Carp","Copperfish","Eunuch Crayfish","Grip Killifish","Faerie Queen","Diadochos Sword","Empty Heart",15
51,25,"","",1,False,"s1f3","","",1595,1672,600,2,"Merlthor Goby","Coral Butterfly","Blue Octopus","Blue Coral","Sea Bo","Bianaq Bream","Fullmoon Sardine","Silver Shark","Gigant Clam","The Greatest Bream in the World","South Bloodshore",18
52,30,"","",1,False,"s1f3","","",1593,1414,800,4,"Angelfish","Blowfish","Bianaq Bream","Indigo Herring","Ash Tuna","Fullmoon Sardine","Lavender Remora","Silver Shark","Little Thalaos","Shark Tuna","Costa del Sol",19
53,35,"","",1,False,"s1f3","","",1600,1160,400,1,"Harbor Herring","Ogre Barracuda","Black Sole","Sea Pickle","Ash Tuna","Whitelip Oyster","Balloonfish","Red Coral","Mazlaya Marlin","Bombardfish","North Bloodshore",20
54,35,"","",2,True,"s1f3","","",1490,1100,200,2,"Crimson Crayfish","Dark Sleeper","Mitten Crab","Spotted Puffer","Discus","Kobold Puffer","The Salter","Diadochos Sword","Diadochos Sword","Diadochos Sword","Hidden Falls",23
55,40,"","",2,False,"s1f3","","",959,1247,400,2,"Copperfish","Lamprey","Monke Onke","Mitten Crab","Discus","Loyal Pleco","Archerfish","Agelyss Carp","The Drowned Sniper","Diadochos Sword","East Agelyss River",24
56,40,"","",2,False,"s1f3","","",973,1462,400,2,"Copperfish","Lamprey","Mitten Crab","Giant Bass","Discus","Loyal Pleco","Thunderbolt Sculpin","Archerfish","Agelyss Carp","The Terpsichorean","Raincatcher Gully",25
57,40,"","",2,False,"s1f3","","",791,1550,400,4,"Copperfish","Mudcrab","Lamprey","Grip Killifish","Silverfish","Sludgeskipper","Vampire Lampern","Mirrorscale","Diadochos Sword","Diadochos Sword","The Juggernaut",26
58,45,"A golden figure lurks near the surface!","The golden figure has retreated to the murky depths.",2,True,"s1f3","","",717,1322,200,1,"Mitten Crab","Silverfish","Clown Loach","Discus","Knifefish","Agelyss Carp","Goldfish","Jungle Catfish","Imperial Goldfish","Diadochos Sword","Red Mantis Falls",27
59,10,"","",1,False,"s1f4","","",1641,1542,600,4,"Lominsan Anchovy","White Coral","Harbor Herring","Moraby Flounder","Pebble Crab","Tiger Cod","Rothlyt Oyster","Blue Octopus","Halibut","Armorer","Swiftperch",28
60,15,"","",1,False,"s1f4","","",1283,1298,600,1,"Merlthor Goby","Tiger Cod","Rothlyt Oyster","Razor Clam","Blue Octopus","Wahoo","Goosefish","Junkmonger","Diadochos Sword","Diadochos Sword","Skull Valley",29
61,35,"","",1,False,"s1f4","","",827,998,600,2,"Saber Sardine","Blue Coral","Hammerhead Shark","Sea Pickle","Whitelip Oyster","Lavender Remora","Balloonfish","The Lone Ripper","Diadochos Sword","Diadochos Sword","Halfstone",31
62,40,"","",1,False,"s1f4","","",673,1444,600,2,"Merlthor Goby","Ocean Cloud","Fullmoon Sardine","Lavender Remora","Red Coral","Silver Shark","Wahoo","Pike Eel","Sunfish","Helmsman's Hand","Isles of Umbra Northshore",32
63,50,"","",1,True,"s1f4","","",590,1760,200,1,"Fullmoon Sardine","Red Coral","Blacklip Oyster","Nautilus","Mummer Wrasse","Plaice","Sea Devil","Coelacanth","Coelacanthus","Endoceras","Isles of Umbra Southshore",35
64,15,"","",1,True,"s1f4","","",1456,1480,200,1,"White Coral","Harbor Herring","Helmet Crab","Rothlyt Oyster","Navigator's Dagger","Ogre Barracuda","Gigant Octopus","Navigator's Brand","Diadochos Sword","Diadochos Sword","The Brewer's Beacon",30
65,45,"","",1,False,"s1f4","","",728,1752,400,3,"Merlthor Goby","Red Coral","Wahoo","Blacklip Oyster","Pike Eel","Mummer Wrasse","Plaice","Giant Squid","Megalodon","Frilled Shark","The Ship Graveyard",33
66,20,"","",2,False,"s1f5","","",629,1164,600,2,"River Crab","Faerie Bass","Jade Eel","Pond Mussel","Warmwater Trout","Four-eyed Fish","Dark Bass","Common Sculpin","Coeurlfish","Toramafish","Oakwood",37
67,20,"","",2,False,"s1f5","","",402,1004,400,2,"Crimson Crayfish","River Crab","Copperfish","Bluebell Salmon","Jade Eel","Warmwater Trout","Four-eyed Fish","Dark Bass","Fall Jumper","Joan of Trout","Fool Falls",38
68,35,"","",2,False,"s1f5","","",1356,1091,600,2,"Jade Eel","Pond Mussel","Four-eyed Fish","Bonytongue","Mitten Crab","Silverfish","Giant Bass","Bronze Lake Trout","Giant Catfish","King of the Spring","Northeast Bronze Lake",40
69,25,"","",1,False,"w1f1","","",678,1426,600,1,"Lominsan Anchovy","Pebble Crab","Tiger Cod","Rothlyt Oyster","Hammerhead Shark","Indigo Herring","Haraldr Haddock","Rock Lobster","Dirty Herry","Diadochos Sword","The Silver Bazaar",71
70,15,"","",1,False,"w1f1","","",526,578,600,2,"Lominsan Anchovy","Harbor Herring","Pebble Crab","Tiger Cod","Rothlyt Oyster","Blue Octopus","Rivet Oyster","Diadochos Sword","Diadochos Sword","Diadochos Sword","Vesper Bay",69
71,20,"","",1,False,"w1f1","","",728,910,600,1,"Lominsan Anchovy","Razor Clam","Blowfish","Saber Sardine","Monkfish","Spotted Puffer","Rock Lobster","Fingers","Diadochos Sword","Diadochos Sword","Crescent Cove",70
72,5,"","",2,False,"w1f1","","",1174,1028,400,2,"Bone Crayfish","Dusk Goby","Gudgeon","Brass Loach","Maiden Carp","Copperfish","Eunuch Crayfish","Glimmerscale","Diadochos Sword","Diadochos Sword","Nophica's Wells",67
73,10,"","",2,False,"w1f1","","",808,734,600,2,"Crayfish","Mudskipper","Faerie Bass","Mudcrab","Acorn Snail","Copperfish","Eunuch Crayfish","Mud Golem","Diadochos Sword","Diadochos Sword","The Footfalls",68
74,45,"Something large has risen from the depths to feed!","You no longer sense anything out of the ordinary.",1,False,"w1f1","","",446,318,600,4,"Merlthor Goby","Haraldr Haddock","Whitelip Oyster","Silver Shark","Wahoo","Blacklip Oyster","Plaice","Sea Devil","Titanic Sawfish","Pirate's Bane","Cape Westwind",72
75,5,"","",2,False,"w1f2","","",1120,860,400,2,"Bone Crayfish","Dusk Goby","Brass Loach","Maiden Carp","Dark Bass","Dream Goby","Diadochos Sword","Diadochos Sword","Diadochos Sword","Diadochos Sword","Upper Soot Creek",75
76,10,"","",2,False,"w1f2","","",806,1138,400,2,"Bone Crayfish","Dusk Goby","Brass Loach","Maiden Carp","Dark Bass","Aegis Shrimp","Slime King","Diadochos Sword","Diadochos Sword","Diadochos Sword","Lower Soot Creek",76
77,15,"","",2,False,"w1f2","","",1340,914,400,3,"Bone Crayfish","Maiden Carp","Mudskipper","Mudcrab","Acorn Snail","Dark Bass","Aegis Shrimp","Dark Knight","Diadochos Sword","Diadochos Sword","The Unholy Heir",78
78,15,"","",2,False,"w1f3","","",632,984,400,2,"Dusk Goby","Mudskipper","Faerie Bass","Acorn Snail","Mudcrab","Bone Cleaner","Marrow Sucker","Diadochos Sword","Diadochos Sword","Diadochos Sword","North Drybone",79
79,15,"","",2,False,"w1f3","","",810,1190,400,2,"Dusk Goby","Mudskipper","Faerie Bass","Acorn Snail","Mudcrab","Bone Cleaner","Mud Pilgrim","Diadochos Sword","Diadochos Sword","Diadochos Sword","South Drybone",80
80,30,"","",2,False,"w1f3","","",1232,1082,400,2,"Warmwater Trout","Black Eel","Dark Bass","Yugr'am Salmon","Mitten Crab","Trader Eel","The Warden's Wand","Diadochos Sword","Diadochos Sword","Diadochos Sword","Yugr'am River",81
81,5,"","",2,False,"f1t2","","",1553,530,600,2,"Crayfish","Pipira","Gudgeon","Maiden Carp","Moat Carp","Raincaller","Matron Carp","Diadochos Sword","Diadochos Sword","Diadochos Sword","Whispering Gorge",44
82,40,"","",2,False,"w1f3","","",1406,1184,600,4,"Yugr'am Salmon","Bonytongue","Discus","Ignus Snail","Loyal Pleco","Knifefish","Southern Pike","Gigantpole","Sundisc","The Thousand-year Itch","The Burning Wall",82
83,25,"","",2,False,"w1f4","","",1036,704,400,3,"Copperfish","Warmwater Trout","Dark Bass","Lamprey","Plaguefish","Old Hollow Eyes","Diadochos Sword","Diadochos Sword","Diadochos Sword","Diadochos Sword","Burnt Lizard Creek",83
84,35,"","",2,False,"w1f4","","",1218,1000,400,2,"Moat Carp","Mudcrab","Plaguefish","Clown Loach","Discus","Ignus Snail","Paglth'an Discus","Discobolus","Diadochos Sword","Diadochos Sword","Zahar'ak",84
85,35,"","",2,False,"w1f4","","",732,1496,400,4,"Copperfish","Warmwater Trout","Lamprey","Plaguefish","Ropefish","Clown Loach","Golden Loach","Iron Noose","Diadochos Sword","Diadochos Sword","Forgotten Springs",85
86,35,"","",3,False,"w1f4","","",568,1750,600,4,"Sandfish","Sand Bream","Dustfish","Storm Rider","Antlion Slug","Dune Manta","Sagolii Monkfish","Magic Carpet","Helicoprion","Diadochos Sword","Sagolii Desert",86
87,35,"","",3,True,"w1f4","","",1314,1796,600,4,"Sand Bream","Desert Catfish","Dustfish","Storm Rider","Antlion Slug","Dune Manta","Caravan Eel","Olgoi-Khorkhoi","Diadochos Sword","Diadochos Sword","Sagolii Dunes",87
88,45,"","",2,False,"w1f5","","",986,1128,600,1,"Grip Killifish","Silverfish","Ignus Snail","Sludgeskipper","Boltfish","Ilsabardian Bass","Goldfish","Wootz Knifefish","Wootz Knifefish Zenith","Diadochos Sword","Ceruleum Field",89
89,40,"","",2,False,"w1f5","","",1156,1249,400,3,"Bone Crayfish","Silverfish","Giant Bass","Golden Loach","Ignus Snail","Knifefish","Common Sculpin","Garpike","Alligator Garfish","Hannibal","Bluefog",88
90,5,"","",2,False,"f1t1","","",1160,1361,600,4,"Crayfish","Pipira","Gudgeon","Maiden Carp","Moat Carp","Raincaller","Stormdancer","Diadochos Sword","Diadochos Sword","Diadochos Sword","Jadeite Flood",42
91,5,"","",2,False,"f1t1","","",972,1065,400,1,"Crayfish","Pipira","Gudgeon","Maiden Carp","Moat Carp","Bloody Brewer","Diadochos Sword","Diadochos Sword","Diadochos Sword","Diadochos Sword","Lower Black Tea Brook",43
92,35,"","",2,False,"f1f1","","",493,1107,400,2,"Mudskipper","Ala Mhigan Fighting Fish","Mudcrab","Monke Onke","Silverfish","Bloodbath","Diadochos Sword","Diadochos Sword","Diadochos Sword","Diadochos Sword","Haukke Manor",50
93,45,"","",2,True,"l1f1","","",1406,466,600,2,"Mudcrab","Lamp Marimo","Bonytongue","Silverfish","Giant Bass","Knifefish","Garpike","Ilsabardian Bass","Blood Red Bonytongue","Diadochos Sword","Singing Shards",101
94,50,"You sense something even more terrible than Canavan in the waters before you!","You no longer sense anything out of the ordinary.",2,False,"l1f1","","",1498,260,200,2,"Lamp Marimo","Silverfish","Giant Bass","Ignus Snail","Assassin Betta","Ilsabardian Bass","Goldfish","Morinabaligi","Canavan","Kuno the Killer","The North Shards",104
95,50,"","",2,True,"w1f1","","",702,269,200,2,"Grip Killifish","Silverfish","Ignus Snail","Sludgeskipper","Boltfish","Ilsabardian Bass","Vampire Lampern","Bat-o'-Nine-Tails","Diadochos Sword","Diadochos Sword","Parata's Peace",74
96,10,"","",2,False,"w1f2","","",1426,1020,400,4,"Bone Crayfish","Dusk Goby","Brass Loach","Maiden Carp","Dark Bass","Old Softie","Diadochos Sword","Diadochos Sword","Diadochos Sword","Diadochos Sword","The Clutch",77
97,20,"","",2,False,"s1f2","","",1321,734,200,2,"Bone Crayfish","Acorn Snail","Blindfish","Lamp Marimo","Cupfish","Diadochos Sword","Diadochos Sword","Diadochos Sword","Diadochos Sword","Diadochos Sword","Blind Iron Mines",17
98,30,"","",2,False,"s1f5","","",1627,1196,600,4,"Crimson Crayfish","River Crab","Faerie Bass","Jade Eel","Pond Mussel","Worm of Nym","Diadochos Sword","Diadochos Sword","Diadochos Sword","Diadochos Sword","Bronze Lake Shallows",39
99,40,"","",2,True,"s1f6","","",744,516,400,2,"Giant Bass","Ignus Snail","Thunderbolt Sculpin","Warmwater Trout","Bronze Lake Trout","Giant Donko","Thundergut","Diadochos Sword","Diadochos Sword","Diadochos Sword","The Long Climb",41
100,5,"","",2,False,"f1t2","","",790,700,600,2,"Crayfish","Pipira","Gudgeon","Maiden Carp","Moat Carp","Carp Diem","Diadochos Sword","Diadochos Sword","Diadochos Sword","Diadochos Sword","Upper Black Tea Brook",45
101,45,"","",1,False,"s1f4","","",806,738,600,4,"Fullmoon Sardine","Whitelip Oyster","Red Coral","Blacklip Oyster","Nautilus","Sea Devil","The Captain's Chalice","Diadochos Sword","Diadochos Sword","Diadochos Sword","Sapsa Spawning Grounds",34
102,50,"","",1,False,"s1f4","","",638,608,400,2,"Lominsan Anchovy","Merlthor Goby","Red Coral","Wahoo","Blacklip Oyster","Rock Lobster","Dinichthys","Seahag","Diadochos Sword","Diadochos Sword","Reaver Hide",36
103,45,"","",2,False,"w1f1","","",850,303,400,3,"Blindfish","Grip Killifish","Silverfish","Assassin Betta","Garpike","Ndendecki","Diadochos Sword","Diadochos Sword","Diadochos Sword","Diadochos Sword","Moondrip",73
104,30,"","",1,False,"s1h1","","",1000,1000,3000,2,"Harbor Herring","Blue Octopus","Blowfish","Bianaq Bream","Indigo Herring","Ash Tuna","Fullmoon Sardine","Nautilus","Twitchbeard","Diadochos Sword","Mist",105
105,30,"","",2,False,"f1h1","","",1000,1000,3000,2,"Pipira","Dark Sleeper","Ala Mhigan Fighting Fish","Tricolored Carp","Shadow Catfish","Spotted Pleco","Bonytongue","Monke Onke","Sweetnewt","Diadochos Sword","The Lavender Beds",106
106,30,"","",2,False,"w1h1","","",1000,1000,3000,2,"Brass Loach","Faerie Bass","Copperfish","Eunuch Crayfish","Dark Bass","Lamprey","Silverfish","Goldfish","Spearnose","Diadochos Sword","The Goblet",107
107,50,"","",1,False,"s1f3","","",1830,1090,200,2,"Finger Shrimp","Harbor Herring","Blowfish","Balloonfish","Ash Tuna","Red Coral","Ogre Barracuda","Mazlaya Marlin","Gigant Octopus","The Old Man in the Sea","Rhotano Sea (Privateer Forecastle)",21
108,50,"You sense a new legend might be told this day...","You no longer sense anything out of the ordinary.",1,True,"s1f3","","",1810,1150,200,4,"Merlthor Goby","Blowfish","Leafy Seadragon","Rock Lobster","Wahoo","Little Thalaos","Shall Shell","Megalodon","Giant Squid","Nepto Dragon","Rhotano Sea (Privateer Sterncastle)",22
109,50,"","",2,False,"r2f1","","",1512,1260,200,2,"Abalathian Smelt","Coerthan Crab","Coerthan Puffer","Fat Purse","Diadochos Sword","Diadochos Sword","Diadochos Sword","Diadochos Sword","Diadochos Sword","Diadochos Sword","Riversmeet",108
110,51,"","",4,False,"r2f1","","",1640,1252,300,4,"Cloud Coral","Skyworm","Glacier Core","Warballoon","Rime Eater","Hailfinder","Diadochos Sword","Diadochos Sword","Diadochos Sword","Diadochos Sword","Greytail Falls",109
111,52,"","",2,False,"r2f1","","",1302,802,600,2,"Abalathian Smelt","Icepick","Ice Faerie","Sorcerer Fish","Albino Octopus","Coerthan Clione","Flarefish","Diadochos Sword","Diadochos Sword","Diadochos Sword","Unfrozen Pond",110
112,60,"It smells of a rat...","The stench has abated.",2,True,"r2f1","","",1698,236,300,1,"Abalathian Smelt","Ice Faerie","Coerthan Crab","Hotrod","Capelin","Priestfish","Ghost Faerie","Bishopfish","Charibenet","Diadochos Sword","Clearpool",111
113,60,"","",2,True,"r2f1","","",366,414,300,4,"Ogre Horn Snail","Cherry Trout","Hospitalier Fish","Spring Urchin","Dragonspine","The Impaler","Diadochos Sword","Diadochos Sword","Diadochos Sword","Diadochos Sword","Dragonspit",112
114,53,"","",2,False,"r2f1","","",986,490,300,2,"Abalathian Smelt","Icepick","Ice Faerie","Lake Urchin","Ammonite","Seema Patrician","Fanged Clam","Mountain Kraken","Magic Bucket","Captain Nemo","South Banepool",113
115,52,"","",2,False,"r2f1","","",620,698,300,2,"Abalathian Smelt","Ice Faerie","Fanged Clam","Lake Urchin","Gigant Grouper","Battle Galley","Northern Oyster","La Reale","Diadochos Sword","Diadochos Sword","Ashpool",114
116,53,"","",2,False,"r2f1","","",582,372,600,2,"Fanged Clam","Lake Urchin","Ice Faerie","Mercy Staff","Snowcaller","Coerthan Oyster","Warmscale Pleco","Merciless","Diadochos Sword","Diadochos Sword","West Banepool",115
117,52,"","",2,False,"d2f1","","",1442,432,400,2,"Whilom Catfish","Pipira Pira","Blueclaw Shrimp","Grass Carp","Shadowhisker","Dravanian Smelt","River Shrimp","Scaleripper","Diadochos Sword","Diadochos Sword","The Hundred Throes",116
118,52,"","",2,False,"d2f1","","",1406,656,600,2,"Whilom Catfish","Rock Mussel","Pipira Pira","Three-lip Carp","Dravanian Bass","Blueclaw Shrimp","Twin-tongued Carp","Diadochos Sword","Diadochos Sword","Diadochos Sword","Whilom River",117
119,52,"","",2,False,"d2f1","","",1152,1178,600,2,"Whilom Catfish","Rock Mussel","Blueclaw Shrimp","Three-lip Carp","Warmwater Bichir","Marble Oscar","The Dreamweaver","Diadochos Sword","Diadochos Sword","Diadochos Sword","The Smoldering Wastes",118
120,55,"","",2,True,"d2f1","","",1453,240,900,2,"Pipira Pira","Blueclaw Shrimp","Dragonhead","Caiman","Thunderbolt Eel","Amber Salamander","Thunderscale","Diadochos Sword","Diadochos Sword","Diadochos Sword","The Iron Feast",119
121,55,"","",6,False,"d2f1","","",576,588,600,2,"Lava Crab","Granite Crab","Cindersmith","Cometoise","Oven Catfish","Meteortoise","Diadochos Sword","Diadochos Sword","Diadochos Sword","Diadochos Sword","Mourn",120
122,56,"","",6,False,"d2f1","","",410,310,300,4,"Granite Crab","Aithon's Colt","Magma Tree","Cindersmith","Black Magefish","Hraesvelgr's Tear","Diadochos Sword","Diadochos Sword","Diadochos Sword","Diadochos Sword","West Mourn",121
123,57,"","",6,False,"d2f1","","",876,466,200,2,"Lava Crab","Granite Crab","Cindersmith","Aithon's Colt","Cometoise","Magma Louse","Hoplite","Riddle","Diadochos Sword","Diadochos Sword","Anyx Old",122
124,60,"You sense something deep beneath the magma...","You no longer sense anything out of the ordinary.",6,True,"d2f1","","",316,210,200,2,"Granite Crab","Magma Tree","Cometoise","Fossiltongue","Lavalord","Lava Snail","The Lord of Lords","Problematicus","Diadochos Sword","Diadochos Sword","Halo",123
125,57,"","",2,False,"d2f2","","",1052,1070,400,2,"Hedgemole Cricket","Sweetfish","Philosopher's Stone","Shipworm","Autumn Leaf","Illuminati Perch","Hinterlands Perch","Thinker's Coral","The Ewer King","Diadochos Sword","Thaliak River",124
126,58,"","",2,False,"d2f2","","",490,1260,1200,2,"Blueclaw Shrimp","Bullfrog","Hedgemole Cricket","Yalm Lobster","Orn Butterfly","Tigerfish","Gnomefish","Dravanian Scallop","Madam Butterfly","Diadochos Sword","Quickspill Delta",125
127,58,"Something glimmers near the river bed...","You no longer perceive anything out of the ordinary.",2,False,"d2f2","","",1042,1678,800,2,"Hedgemole Cricket","Scholar Sculpin","Sweetfish","Shipworm","Yalm Lobster","Loosetongue","Armored Catfish","Thavnairian Leaf","The Speaker","Armor Fish","Upper Thaliak River",126
128,60,"","",2,True,"d2f2","","",931,1140,500,4,"Philosopher's Stone","Scholar Sculpin","Sweetfish","Hedgemole Cricket","Bullfrog","Thaliak Caiman","Berserker Betta","Goblin Bass","Inkshell","Bobgoblin Bass","Middle Thaliak River",127
129,54,"","",2,False,"d2f3","","",1700,1400,300,4,"Cloudfish","Lamp Marimo","Kissing Fish","Noontide Oscar","Vidofnir","Diadochos Sword","Diadochos Sword","Diadochos Sword","Diadochos Sword","Diadochos Sword","Eil Tohm",128
130,54,"","",2,False,"d2f3","","",368,1584,600,2,"Mogpom","Moggle Mogpom","Holier-than Mogpom","Diadochos Sword","Diadochos Sword","Diadochos Sword","Diadochos Sword","Diadochos Sword","Diadochos Sword","Diadochos Sword","Greensward",129
131,54,"","",2,False,"d2f3","","",388,336,500,4,"Cloudfish","Dravanian Squeaker","Weston Bowfin","Hundred Fin","Lovers' Clam","Illuminati Mask","Thousand Fin","Diadochos Sword","Diadochos Sword","Diadochos Sword","Weston Waters",130
132,54,"","",5,False,"d2f3","","",1362,1156,1200,2,"Sky Faerie","Gloaming Coral","Cloud Rider","Blue Medusa","Letter Puffer","Dragon's Soul","Sunsail","The Soul of the Martyr","Diadochos Sword","Diadochos Sword","Landlord Colony",131
133,55,"","",5,False,"d2f3","","",828,1868,1000,4,"Sky Faerie","Gloaming Coral","Cloud Rider","Rudderfish","Gobbie Mask","Star Faerie","Pteranodon","Dimorphodon","Diadochos Sword","Diadochos Sword","Sohm Al Summit",132
134,55,"You sense the lord of these skies has returned...","You no longer sense anything out of the ordinary.",5,True,"d2f3","","",914,256,400,2,"Sky Faerie","Cloud Rider","Rudderfish","Manasail","Brown Bolo","Cobrafish","Storm Chaser","Nyctosaur","Bloodchaser","Raimdellopterus","Tharl Oom Khash",133
135,52,"","",2,False,"a2f1","","",1324,1610,1000,2,"Hedgemole Cricket","Cloudfish","Bullfrog","Maiboi","Bubble Eye","Caiman","Cloud Kelp","Inkfish","Diadochos Sword","Diadochos Sword","Voor Sian Siran",134
136,60,"","",2,True,"a2f1","","",1450,1832,300,2,"Hedgemole Cricket","Cloudfish","Bullfrog","Yalm Lobster","Vanuhead","Catkiller","Red Sky Coral","Paikiller","Diadochos Sword","Diadochos Sword","The Eddies",135
137,53,"","",5,False,"a2f1","","",668,1784,300,2,"Starflower","Buoyant Oviform","Mahu Wai","Mitre Slug","Blue Cloud Coral","Fleece Stingray","Cirrostratus","Diadochos Sword","Diadochos Sword","Diadochos Sword","Cloudtop",136
138,56,"","",5,False,"a2f1","","",316,500,1000,2,"Buoyant Oviform","Sky Faerie","Whiteloom","Storm Core","Winged Gurnard","Sky Sweeper","Tornado Shark","Cloudweed","The Second One","Diadochos Sword","The Blue Window",137
139,56,"Lady Luck has sidled up beside you...","The good lady has departed.",5,True,"a2f1","","",680,220,800,2,"Starflower","Sky Faerie","Scorpionfly","Moogle Spirit","Vampiric Tapestry","Heavens Coral","Basking Shark","Sea Butterfly","Diadochos Sword","Diadochos Sword","Mok Oogl Island",138
140,58,"","",7,False,"a2f2","","",752,524,500,2,"Platinum Fish","Bullwhip","Blood Skipper","High Allagan Helmet","Allagan Hunter","Augmented High Allagan Helmet","Diadochos Sword","Diadochos Sword","Diadochos Sword","Diadochos Sword","Alpha Quadrant",139
141,59,"","",7,False,"a2f2","","",1430,270,300,2,"Platinum Fish","Bullwhip","Blood Skipper","Aetherochemical Compound #123","Proto-hropken","Aetherochemical Compound #666","Diadochos Sword","Diadochos Sword","Diadochos Sword","Diadochos Sword","Aetherochemical Spill",140
142,60,"","",7,True,"a2f2","","",280,744,200,2,"Platinum Fish","Azysfish","Oil Eel","Mucous Minnow","Oliphant's Trunk","Ceti","Diadochos Sword","Diadochos Sword","Diadochos Sword","Diadochos Sword","Hyperstellar Downconverter",141
143,59,"","",2,False,"a2f2","","",526,1462,1000,2,"Fountfish","Rockclimber","Aether Eye","Yalm Lobster","Euphotic Pirarucu","Pickled Pom","Aphotic Pirarucu","Diadochos Sword","Diadochos Sword","Diadochos Sword","Delta Quadrant",142
144,60,"","",2,True,"a2f2","","",274,1630,300,3,"Fountfish","Crystalfin","Aether Eye","Lungfish","Tiny Axolotl","Flintstrike","Hundred-eyed Axolotl","Diadochos Sword","Diadochos Sword","Diadochos Sword","The Pappus Tree",143
145,60,"","",5,True,"a2f2","","",1860,840,300,1,"Sky Faerie","Rudderfish","Unidentified Flying Biomass","Bomb Puffer","Sky Sweeper","Tupuxuara","Stupendemys","Cobrafish","Crystal Pigeon","Diadochos Sword","The Habisphere",144
146,60,"Something wondrous this way comes...","You no longer sense anything out of the ordinary.",7,True,"a2f2","","",1000,1000,300,2,"Platinum Fish","Azysfish","Oil Eel","Jeweled Jellyfish","Barreleye","Functional Proto-hropken","Allagan Bladeshark","Opabinia","Diadochos Sword","Diadochos Sword","The Flagship",145
147,60,"","",2,False,,"","",0,0,0,0,"Maiboi","Cloudfish","Diadochos Sword","Diadochos Sword","Diadochos Sword","Diadochos Sword","Diadochos Sword","Diadochos Sword","Diadochos Sword","Diadochos Sword","Diadem Skysprings",0
148,60,"","",2,False,,"","",0,0,0,0,"Thunderbolt Eel","Noontide Oscar","Diadochos Sword","Diadochos Sword","Diadochos Sword","Diadochos Sword","Diadochos Sword","Diadochos Sword","Diadochos Sword","Diadochos Sword","Diadem Grotto",0
149,60,"","",2,False,,"","",0,0,0,0,"Maiboi","Bullfrog","Cloudfish","Yalm Lobster","Diadochos Sword","Diadochos Sword","Diadochos Sword","Diadochos Sword","Diadochos Sword","Diadochos Sword","Southern Diadem Lake",0
150,60,"","",2,False,,"","",0,0,0,0,"Three-lip Carp","Diadochos Sword","Diadochos Sword","Diadochos Sword","Diadochos Sword","Diadochos Sword","Diadochos Sword","Diadochos Sword","Diadochos Sword","Diadochos Sword","Secluded Diadem Pond",0
151,60,"","",2,False,,"","",0,0,0,0,"Cloudfish","Diadochos Sword","Diadochos Sword","Diadochos Sword","Diadochos Sword","Diadochos Sword","Diadochos Sword","Diadochos Sword","Diadochos Sword","Diadochos Sword","Northern Diadem Lake",0
152,60,"","",5,False,,"","",0,0,0,0,"Buoyant Oviform","Mahu Wai","Mitre Slug","Blue Cloud Coral","Diadochos Sword","Diadochos Sword","Diadochos Sword","Diadochos Sword","Diadochos Sword","Diadochos Sword","Blustery Cloudtop",0
153,60,"","",5,False,,"","",0,0,0,0,"Mahu Wai","Whiteloom","Blue Cloud Coral","Mitre Slug","Diadochos Sword","Diadochos Sword","Diadochos Sword","Diadochos Sword","Diadochos Sword","Diadochos Sword","Calm Cloudtop",0
154,60,"","",5,False,,"","",0,0,0,0,"Vampiric Tapestry","Moogle Spirit","Diadochos Sword","Diadochos Sword","Diadochos Sword","Diadochos Sword","Diadochos Sword","Diadochos Sword","Diadochos Sword","Diadochos Sword","Swirling Cloudtop",0
155,35,"","",2,False,"s1f6","","",920,860,500,4,"Jade Eel","Pond Mussel","Four-eyed Fish","Bonytongue","Mitten Crab","Silverfish","Giant Bass","Bronze Lake Trout","Giant Catfish","King of the Spring","Northwest Bronze Lake",146
156,50,"","",1,False,"s1f3","","",1750,1280,400,1,"Merlthor Goby","Blowfish","Leafy Seadragon","Wahoo","Little Thalaos","Shall Shell","Megalodon","Giant Squid","Castaway Chocobo Chick","Little Perykos","North Isle of Endless Summer",147
157,63,"","",1,False,"e3t1","","",950,1000,3000,4,"Grinning Anchovy","Ruby Shrimp","Striped Fugu","Glass Tuna","Hanatatsu","Ribbon Eel","Rising Dragon","Diadochos Sword","Diadochos Sword","Diadochos Sword","Kugane Piers",162
158,62,"","",1,False,"e3f1","","",1870,1870,400,4,"Grinning Anchovy","Glass Herring","Coeurl Snake Eel","Coral Horse","Ku'er","The Ruby Dragon","Diadochos Sword","Diadochos Sword","Diadochos Sword","Diadochos Sword","The Ruby Price",163
159,62,"","",1,False,"e3f1","","",1240,1630,2000,4,"Grinning Anchovy","Hellyfish","Ruby Shrimp","Blockhead","Liopleurodon","Ukiki","Shrieker","Wicked Wartfish","The Vegetarian","Diadochos Sword","Hells' Lid",164
160,65,"","",1,True,"e3f1","","",1680,960,2000,4,"Grinning Anchovy","Hellyfish","Ruby Shrimp","Dafu","Glass Tuna","Tawny Wench Shark","Usuginu Octopus","Fatty Herring","Seven Stars","Diadochos Sword","The Isle of Bekko",165
161,63,"","",1,False,"e3f1","","",1580,360,1000,4,"Grinning Anchovy","Ruby Coral","Sapphire Coral","Bone Coral","Butterfly Fish","Harutsuge","Ruby Laver","The Winter Queen","Diadochos Sword","Diadochos Sword","Shoal Rock",166
162,64,"","",1,False,"e3f1","","",1050,500,1000,4,"Ruby Shrimp","Leaf Tatsunoko","Glass Flounder","Blackfin Snake Eel","Swordfish","Hook Fish","Argonautica","Diadochos Sword","Diadochos Sword","Diadochos Sword","Onokoro",167
163,64,"","",1,False,"e3f1","","",400,546,1000,4,"Glass Herring","Gliding Fish","Globefish","Fan Clam","Ruby Meagre","Triplespine","Shirogane Clam","Pinhead","Diadochos Sword","Diadochos Sword","Isari",168
164,70,"","",1,False,"e3f1","","",365,1280,1000,4,"Ruby Shrimp","Daio Squid","Koromo Octopus","Zekki Grouper","Zekki Gator","Rakshasa","Diadochos Sword","Diadochos Sword","Diadochos Sword","Diadochos Sword","The Isle of Zekki",169
165,64,"","",2,False,"e3f2","","",1690,650,300,4,"Doman Trout","Doman Crayfish","Maiden's Heart","Pomegranate Trout","Diadochos Sword","Diadochos Sword","Diadochos Sword","Diadochos Sword","Diadochos Sword","Diadochos Sword","The Heron's Nest",170
166,64,"","",2,False,"e3f2","","",1740,800,200,4,"River Barramundi","Doman Trout","Doman Crayfish","Glarramundi","Diadochos Sword","Diadochos Sword","Diadochos Sword","Diadochos Sword","Diadochos Sword","Diadochos Sword","The Heron's Way",171
167,64,"","",2,False,"e3f2","","",1425,730,300,4,"Nogoi","Hermit's End","Diadochos Sword","Diadochos Sword","Diadochos Sword","Diadochos Sword","Diadochos Sword","Diadochos Sword","Diadochos Sword","Diadochos Sword","Namai",172
168,67,"The lake begins to radiate with the colors of the rainbow!","The glow fades...",2,False,"e3f2","","",1380,275,800,4,"Yellow Prismfish","Blue Prismfish","Violet Prismfish","Red Prismfish","White Goldfish","Firelight Goldfish","Indigo Prismfish","Green Prismfish","Warden of the Seven Hues","Diadochos Sword","Prism Lake",177
169,67,"","",2,False,"e3f2","","",1535,310,200,4,"Doman Trout","Doman Crayfish","Doman Eel","The Unraveled Bow","Diadochos Sword","Diadochos Sword","Diadochos Sword","Diadochos Sword","Diadochos Sword","Diadochos Sword","Prism Canyon",176
170,67,"","",2,False,"e3f2","","",670,320,500,4,"Doman Trout","Samurai Fish","Blank Oscar","Dragonfish","Raitonfish","Bokuden","Diadochos Sword","Diadochos Sword","Diadochos Sword","Diadochos Sword","Doma Castle",179
171,67,"","",2,False,"e3f2","","",520,650,1000,4,"Doman Trout","Doman Grass Carp","Lordly Salmon","Kotsu Zetsu","White Clam","Suiten Ippeki","Diadochos Sword","Diadochos Sword","Diadochos Sword","Diadochos Sword","Mercantile Docks",178
172,65,"","",2,False,"e3f2","","",950,1160,1000,4,"Yanxian Koi","Longhair Catfish","Doman Trout","Yanxian Barramundi","Kotsu Zetsu","Othardian Salmon","Axelrod","Diadochos Sword","Diadochos Sword","Diadochos Sword","The One River (East)",173
173,70,"","",2,True,"e3f2","","",500,1595,600,4,"Longhair Catfish","Doman Trout","Kotsu Zetsu","Seraphim","Hagoromo Bijin","Diadochos Sword","Diadochos Sword","Diadochos Sword","Diadochos Sword","Diadochos Sword","The One River (West)",174
174,70,"","",2,True,"e3f2","","",1750,1140,400,4,"Doman Trout","Kotsu Zetsu","Pandamoth","Silken Koi","Plum Gazer","Petal Shell","Hagoromo Koi","Diadochos Sword","Diadochos Sword","Diadochos Sword","Plum Spring",175
175,60,"","",2,False,"e3f3","","",1570,1470,200,4,"Killifish","Othardian Trout","Zagas Khaal","Steppe Skipper","Dawn Crayfish","Garden Skipper","Diadochos Sword","Diadochos Sword","Diadochos Sword","Diadochos Sword","Nem Khaal",180
176,60,"","",2,False,"e3f3","","",1400,970,300,4,"Zagas Khaal","Curtain Pleco","Dry Steppe Skipper","Dusk Crayfish","Hak Bitterling","Banderole","Diadochos Sword","Diadochos Sword","Diadochos Sword","Diadochos Sword","Hak Khaal",181
177,60,"","",2,False,"e3f3","","",846,890,300,4,"Tail Mountains Minnow","Zagas Khaal","Dry Steppe Skipper","Skytear","Dusk Crayfish","Blade Skipper","Diadochos Sword","Diadochos Sword","Diadochos Sword","Diadochos Sword","Upper Yat Khaal",182
178,60,"","",2,False,"e3f3","","",1030,1070,1000,4,"Othardian Trout","Zagas Khaal","Sun Bass","Hardscale","Sweatfish","Guppy","Duskfish","Diadochos Sword","Diadochos Sword","Diadochos Sword","Azim Khaat",183
179,60,"","",2,False,"e3f3","","",780,670,300,4,"Zagas Khaal","Dry Steppe Skipper","Dusk Crayfish","Bowfish","Tao Bitterling","Elder Gourami","The Word of God","Diadochos Sword","Diadochos Sword","Diadochos Sword","Tao Khaal",184
180,60,"","",2,False,"e3f3","","",1080,1370,300,4,"Othardian Trout","Steppe Skipper","Dawn Crayfish","Yat Goby","Jade Sculpin","Fragrant Sweetfish","Yat Khan","Diadochos Sword","Diadochos Sword","Diadochos Sword","Lower Yat Khaal",185
181,60,"","",2,False,"e3f3","","",575,1610,200,4,"Brassfish","Nhaama's Boon","Nhaama's Treasure","The Unconditional","Diadochos Sword","Diadochos Sword","Diadochos Sword","Diadochos Sword","Diadochos Sword","Diadochos Sword","Dotharl Khaa",186
182,61,"","",2,False,"g3t1","","",1000,1300,400,4,"Abalathian Bitterling","Broken Crab","Miounnefish","Gyr Abanian Trout","Bloodsipper","Hookstealer","Diadochos Sword","Diadochos Sword","Diadochos Sword","Diadochos Sword","Upper Mirage Creek",148
183,62,"","",2,False,"g3t1","","",1025,935,1000,4,"Golden Cichlid","Temple Carp","Gyr Abanian Trout","Monk Betta","Electric Catfish","Pagan Pirarucu","Watcher Catfish","Diadochos Sword","Diadochos Sword","Diadochos Sword","Rhalgr's Reach",149
184,62,"","",2,False,"g3t1","","",1115,490,300,4,"Comet Minnow","Balloon Frog","Lantern Marimo","Bloodsipper","Gilfish","Redtail","Bloodtail Zombie","Diadochos Sword","Diadochos Sword","Diadochos Sword","The Outer Fist",150
185,61,"","",2,False,"g3f1","","",525,860,400,4,"Steelhead Trout","Miounnefish","Balloon Frog","Death Loach","Gyr Abanian Chub","Hardhead Trout","Xenacanthus","Diadochos Sword","Diadochos Sword","Diadochos Sword","Timmon Beck",151
186,62,"","",2,False,"g3f1","","",430,1400,1100,4,"Miounnefish","Bone Melter","Fallen Leaf","Padjali Loach","Cave Killifish","Wraithfish","Chakrafish","Sapphire Fan","Diadochos Sword","Diadochos Sword","Dimwold",152
187,62,"","",2,False,"g3f1","","",645,1500,300,4,"Bone Melter","Falling Star","Capsized Squeaker","Nirvana Crab","Cardinalfish","Lake Sphairai","The Archbishop","Diadochos Sword","Diadochos Sword","Diadochos Sword","The Comet's Tail",153
188,61,"","",2,False,"g3f1","","",845,425,600,4,"Velodyna Grass Carp","Greenstream Loach","Bloodsipper","Black Velodyna Carp","Velodyna Salmon","Downstream Loach","Diadochos Sword","Diadochos Sword","Diadochos Sword","Diadochos Sword","The Velodyna River",154
189,62,"","",2,False,"g3f1","","",1325,770,400,4,"Highland Perch","Mirage Chub","Gravel Gudgeon","Rhalgr's Bolt","Mirage Mahi","Scarlet Frog","Corpse Chub","Diadochos Sword","Diadochos Sword","Diadochos Sword","Mirage Creek",155
190,61,"The stones beneath the water begin shifting hither and thither.","The stones are stationary once again.",2,False,"g3f2","","",260,700,300,4,"Death Loach","Grymm Crab","Enid Shrimp","Curefish","Bondsplitter","Drepanaspis","Diadochos Sword","Diadochos Sword","Diadochos Sword","Diadochos Sword","Grymm & Enid",156
191,61,"","",2,False,"g3f2","","",1130,410,400,4,"Idle Goby","Rapids Jumper","Gyr Abanian Trout","Heather Charr","Death Loach","Invisible Crayfish","The Undecided","Diadochos Sword","Diadochos Sword","Diadochos Sword","The Slow Wash",157
192,65,"","",2,True,"g3f2","","",1580,280,400,4,"Adamantite Bichir","Death Loach","Abalathian Salamander","Steelshark","Purple Buckler","The Last Tear","Diadochos Sword","Diadochos Sword","Diadochos Sword","Diadochos Sword","Heather Falls",158
193,70,"","",2,True,"g3f2","","",1550,800,400,4,"Heather Charr","Meditator","Stonytongue","Deemster","Moksha","Diadochos Sword","Diadochos Sword","Diadochos Sword","Diadochos Sword","Diadochos Sword","The Ephor",159
194,68,"","",2,False,"g3f2","","",978,1582,1200,4,"Death Loach","Invisible Crayfish","Bull's Bite","Peeping Pisces","Meditator","Alligator Snapping Turtle","Hemon","Diadochos Sword","Diadochos Sword","Diadochos Sword","The Bull's Bath",160
195,70,"","",2,True,"g3f2","","",410,1820,500,4,"Gyr Abanian Trout","Gigant Bass","Eastern Pike","Scimitarfish","Ala Mhigan Ribbon","Rockfish","Lily of the Veil","Diadochos Sword","Diadochos Sword","Diadochos Sword","The Arms of Meed",161
196,70,"A massive shadow slides across the loch floor.","The shadow is no more.",8,False,"g3f3","","",1025,1025,3000,4,"Rock Saltfish","Saltshield Snapper","Whitehorse","Pearl-eye","Sculptor","Saltmill","Diamond-eye","Stethacanthus","Diadochos Sword","Diadochos Sword","Loch Seld",187
197,63,"","",1,False,"e1h1","","",750,1350,1000,4,"Grinning Anchovy","Ruby Shrimp","Striped Fugu","Glass Tuna","The Gambler","Diadochos Sword","Diadochos Sword","Diadochos Sword","Diadochos Sword","Diadochos Sword","Shirogane",189
198,65,"","",2,True,"e1h1","","",970,1030,500,2,"Nogoi","Doman Trout","Killifish","Brassfish","Bonsai Fish","Princess Killifish","Diadochos Sword","Diadochos Sword","Diadochos Sword","Diadochos Sword","The Silver Canal",190
199,70,"","",2,False,"n4t1","","",770,645,600,4,"Crystal Knife","Laxan Carp","Asteroidea","Lover's Flower","Jacketed Snail","Aster Trivi","Diadochos Sword","Diadochos Sword","Diadochos Sword","Diadochos Sword","The Trivium",191
200,70,"","",2,False,"n4t1","","",940,1460,600,4,"Crystal Knife","Laxan Carp","Sinspitter","Wandering Catfish","The Sinsteeped","Diadochos Sword","Diadochos Sword","Diadochos Sword","Diadochos Sword","Diadochos Sword","The Quadrivium",192
201,70,"","",2,False,"n4t1","","",1175,1530,600,4,"Crystal Knife","Laxan Carp","Crystarium Tetra","Skeletonfish","Loose Pendant","Diadochos Sword","Diadochos Sword","Diadochos Sword","Diadochos Sword","Diadochos Sword","Crystarium Personal Suites",193
202,71,"","",2,False,"n4f1","","",1500,545,1200,4,"Eighteyes Eel","Hard Candy","Abyssal Snail","Water Ball","Albino Caiman","Sweetheart","Diadochos Sword","Diadochos Sword","Diadochos Sword","Diadochos Sword","The Rift of Sighs",194
203,72,"","",2,False,"n4f1","","",545,1025,300,4,"Hard Candy","Abyssal Snail","Water Ball","Misty Killifish","Platinum Guppy","Moonlight Guppy","Diadochos Sword","Diadochos Sword","Diadochos Sword","Diadochos Sword","The Rusted Reservoir",195
204,71,"","",2,False,"n4f1","","",585,1430,1500,4,"Hard Candy","Clean Saucer","Rabbit Skipper","Xanthic Bass","Albino Rock Crab","Laxan Inkhorn","Platinum Seahorse","The Unforgiven","Diadochos Sword","Diadochos Sword","The Source",196
205,72,"","",2,False,"n4f1","","",920,1740,900,4,"Hard Candy","Rabbit Skipper","Xanthic Bass","Snakeskin Discus","Python Discus","Diadochos Sword","Diadochos Sword","Diadochos Sword","Diadochos Sword","Diadochos Sword","Sullen",197
206,75,"","",2,True,"n4f1","","",410,1830,900,4,"Hard Candy","Clean Saucer","Albino Garfish","Vicejaw","","The Jaws of Undeath","Listracanthus","Diadochos Sword","Diadochos Sword","Diadochos Sword","The Isle of Ken",198
207,78,"","",2,False,"n4f2","","",1300,670,1200,4,"Skulleater","Toffee Snail","Watts Trout","Hucho Taimen","Winged Hatchetfish","Giant Taimen","Diadochos Sword","Diadochos Sword","Diadochos Sword","Diadochos Sword","Upper Watts River",199
208,71,"","",2,False,"n4f2","","",1420,1020,300,4,"Skulleater","Watts Trout","Noble's Fan","White Oil Perch","","Steel Fan","Diadochos Sword","Diadochos Sword","Diadochos Sword","Diadochos Sword","White Oil Falls",200
209,71,"","",2,False,"n4f2","","",1460,1300,1200,4,"Skulleater","Toffee Snail","Watts Trout","Zebra Catfish","White Ronso","Diadochos Sword","Diadochos Sword","Diadochos Sword","Diadochos Sword","Diadochos Sword","Lower Watts River",201
210,71,"","",2,False,"n4f2","","",980,1160,1200,4,"Skulleater","Toffee Snail","Sepia Sole","Bronze Sole","Diadochos Sword","Diadochos Sword","Diadochos Sword","Diadochos Sword","Diadochos Sword","Diadochos Sword","Sharptongue Drip",202
211,72,"","",1,False,"n4f2","","",370,1710,1800,4,"South Kholusian Cod","Kholusian Flounder","Shellfracture Kelp","Creamy Oyster","Rose Shrimp","Razorfish","Kholusian King Crab","Blue Crab","Steel Razor","Diadochos Sword","The Western Kholusian Coast",203
212,75,"You see the flickering light of eyes beneath the waters.","The flickering light fades...",1,True,"n4f2","","",790,1740,600,4,"South Kholusian Cod","Kholusian Flounder","Blood Cloud","Shapeshifter","Minstrelfish","Clavekeeper","Shadeshifter","Aquamaton","Diadochos Sword","Diadochos Sword","Seagazer Shoals",204
213,72,"","",1,False,"n4f2","","",1710,1740,1800,4,"South Kholusian Cod","Shellfracture Kelp","Blood Cloud","Spearhead Squid","Kholusian Wrasse","Weedy Seadragon","Henodus","Ondo Kelp","Henodus Grandis","Diadochos Sword","The Eastern Kholusian Coast",205
214,72,"","",1,False,"n4t2","","",1025,1025,2400,4,"Milky Coral","Gravel Mussel","Bonefish","Crimson Sea Spider","Eulmore Butterfly","Red Hammerhead","Winged Dame","Diadochos Sword","Diadochos Sword","Diadochos Sword","The Derelicts",206
215,71,"You sense eyes staring up at you from the sandy waters...","You no longer sense anything out of the ordinary.",3,False,"n4f3","","",1540,585,900,4,"Shadow Crab","Desert Dustfish","Sand Egg","Hornhelm","Web-footed Sand Gecko","The Horned King","Cinder Surprise","Diadochos Sword","Diadochos Sword","Diadochos Sword","The River of Sand",207
216,77,"","",3,False,"n4f3","","",725,690,1200,4,"Garik Crab","Desert Dustfish","Web-footed Sand Gecko","Nabaath Manta","Amber Monkfish","Thorned Lizard","Ambling Caltrop","Diadochos Sword","Diadochos Sword","Diadochos Sword","The Hills of Amber",209
217,72,"","",3,False,"n4f3","","",1500,1530,1500,4,"Shadow Crab","Desert Dustfish","Amber Lamprey","Hornhelm","Desert Saw","Areng Dire","","Nabaath Saw","Diadochos Sword","Diadochos Sword","The Nabaath Severance",208
218,73,"","",2,False,"n4f4","","",165,1065,900,4,"Grey Skipper","Pixie Fish","Lemonfish","Wimple Carp","Faeshine Clam","Mirror Image","Leannisg","Diadochos Sword","Diadochos Sword","Diadochos Sword","Handmirror Lake",210
219,73,"","",2,False,"n4f4","","",1000,1090,2400,4,"Grey Skipper","Cerulean Loach","Official Ball","Rebel","Wild Red Betta","Fuchsia Bloom","The Sound of Fury","Ealad Skaan","Diadochos Sword","Diadochos Sword","Longmirror Lake",211
220,74,"","",2,False,"n4f4","","",1050,405,600,2,"Grey Skipper","Cerulean Loach","Official Ball","Blood-eyed Frog","Spotted Ctenopoma","Sunken Tome","Diadochos Sword","Diadochos Sword","Diadochos Sword","Diadochos Sword","The Haughty One",212
221,74,"","",2,False,"n4f4","","",1240,400,600,4,"Grey Skipper","Cerulean Loach","Blood-eyed Frog","Spotted Blue-eye","Fae Rainbow","Diadochos Sword","Diadochos Sword","Diadochos Sword","Diadochos Sword","Diadochos Sword","The Jealous One",213
222,75,"","",2,True,"n4f4","","",1545,1065,300,4,"Grey Skipper","Pixie Fish","Official Ball","Toadhead","Celestial","Diadochos Sword","Diadochos Sword","Diadochos Sword","Diadochos Sword","Diadochos Sword","Father Collard's Failings",216
223,74,"","",2,False,"n4f4","","",1395,625,1200,4,"Brightmirror Clam","Grey Skipper","Cerulean Loach","Cherry Herring","Dammroen Herring","Diadochos Sword","Diadochos Sword","Diadochos Sword","Diadochos Sword","Diadochos Sword","The Spoiled One",214
224,74,"","",2,False,"n4f4","","",1695,1265,900,4,"Grey Skipper","Cerulean Loach","Blood-eyed Frog","Golden Lobster","Gold Hammer","Diadochos Sword","Diadochos Sword","Diadochos Sword","Diadochos Sword","Diadochos Sword","Saint Fathric's Temple",215
225,70,"","",2,False,"n4f5","","",320,1385,1800,4,"Clawbow","Yellow Pipira","Robber Crab","Clown Tetra","Eryops","Spangled Pirarucu","Priest of Yx'Lokwa","Greater Serpent of Ronka","Diadochos Sword","Diadochos Sword","Lake Tusi Mek'ta",217
226,70,"","",2,False,"n4f5","","",435,990,600,4,"Clawbow","Yellow Pipira","Oathfish","Darkroot","Diamond Pipira","Pearl Pipira","Diadochos Sword","Diadochos Sword","Diadochos Sword","Diadochos Sword","The Red Chalice",218
227,70,"","",2,False,"n4f5","","",750,1025,900,4,"Clawbow","Yellow Pipira","Rak'tika Trout","Night's Bass","Black Tri-star","Black Jet","Diadochos Sword","Diadochos Sword","Diadochos Sword","Diadochos Sword","The Lozatl",219
228,70,"","",2,False,"n4f5","","",1150,1530,1200,4,"Clawbow","Yellow Pipira","Rak'tika Trout","Night's Bass","Robber Crab","Silver Kitten","Recordkiller","Diadochos Sword","Diadochos Sword","Diadochos Sword","South Mjrl's Regret",220
229,80,"","",2,True,"n4f5","","",340,760,300,4,"Clawbow","Oathfish","Darkroot","Darkdweller","Deephaunt","Diadochos Sword","Diadochos Sword","Diadochos Sword","Diadochos Sword","Diadochos Sword","Woven Oath",221
230,80,"","",1,True,"n4f6","","",510,280,900,4,"Stormfish","Deep Purple Coral","Caliban","Bubble Angler","Ondo Harpoon","Ondo Sigh","Diadochos Sword","Diadochos Sword","Diadochos Sword","Diadochos Sword","The Flounders' Floor",222
231,79,"","",1,False,"n4f6","","",1835,300,300,4,"Stormfish","Deep Purple Coral","Caliban","Stippled Eel","Ondobane","The Ondotaker","Diadochos Sword","Diadochos Sword","Diadochos Sword","Diadochos Sword","Where the Dry Return",223
232,79,"A large shadow dances along the loch floor.","The shadow is no more.",1,False,"n4f6","","",545,495,300,4,"Stormfish","Sycorax","Caliban","Hoodwinker","Seatrap","Sweetmeat Mussel","Mora Tecta","Lancetfish","Diadochos Sword","Diadochos Sword","Northwest Caliban Gorge",224
233,80,"","",1,False,"n4f6","","",260,625,600,4,"Stormfish","Sycorax","Ancient Shrimp","Yeti Crab","Aapoak","","Maru Crab","Diadochos Sword","Diadochos Sword","Diadochos Sword","West Caliban Gap",225
234,80,"","",1,False,"n4f6","","",375,730,300,4,"Stormfish","Sycorax","Hoodwinker","Cyan Sea Devil","Pancake Octopus","The Mother of All Pancakes","Diadochos Sword","Diadochos Sword","Diadochos Sword","Diadochos Sword","East Caliban Gap",226
235,79,"","",1,False,"n4f6","","",1630,1480,600,4,"Stormfish","Sycorax","Maneater Clam","Azure Sea Spider","Stargazer","Purpure Cod","Starchaser","Diadochos Sword","Diadochos Sword","Diadochos Sword","Purpure",227
236,80,"","",1,False,"n4f6","","",1400,695,900,4,"Stormfish","Sycorax","Sweetflesh Oyster","Azure Sea Spider","Rainbow Shrimp","Predator","Il Lydha","Opal Shrimp","Diadochos Sword","Diadochos Sword","The Norvrandt Slope",228
237,1,"The visage of a gormless-looking Roegadyn stares at you from beneath the waters.","The face vanishes back into the depths.",1,False,"o1a1","The High Seas","Galadion Bay",1025,1025,300,4,"Galadion Goby","Galadion Chovy","Leopard Eel","Jasperhead","Tarnished Shark","Rosy Bream","Cyan Octopus","Heavenswimmer","Spectral Megalodon","Drunkfish","Outer Galadion Bay",229
238,1,"The ocean begins to twinkle like the stars in the sky.","The twinkle fades to nothing.",1,False,"o1a1","The High Seas","Galadion Bay",1025,1025,300,2,"Merman's Mane","Heavenskey","Ghost Shark","Fishmonger","Navigator's Print","Casket Oyster","Quicksilver Blade","Funnel Shark","Nimble Dancer","Sothis","Galadion Spectral Current",230
239,1,"A shadow evoking the Lord of the Whorl slithers across the ocean.","The shadow has disappeared.",1,False,"o1a1","The High Seas","The Southern Strait of Merlthor",1025,1025,300,4,"Ghoul Barracuda","La Noscean Jelly","Sunfly","Marine Bomb","Shaggy Seadragon","Momora Mora","Merlthor Butterfly","Gladius","Spectral Discus","Little Leviathan","The Southern Strait of Merlthor",231
240,1,"The coral begins to wriggle about on the ocean floor.","The wriggling stops.",1,False,"o1a1","The High Seas","The Southern Strait of Merlthor",1025,1025,300,2,"Sea Nettle","Great Grandmarlin","Shipwreck's Sail","Charlatan Survivor","Hi-aetherlouse","Azeyma's Sleeve","Aetheric Seadragon","Mythril Sovereign","Roguesaurus","Coral Manta","Southern Merlthor Spectral Current",232
241,1,"You see a metallic glint just beneath the waters.","The glint vanishes.",1,False,"o1a1","The High Seas","Rhotano Sea",1025,1025,300,4,"Rhotano Wahoo","Rhotano Sardine","Deep Plaice","Crimson Monkfish","Chrome Hammerhead","Ogre Eel","Dark Nautilus","Lampfish","Spectral Bass","Sabaton","Open Rhotano Sea",235
242,1,"A massive boulder begins to writhe on the ocean floor.","The boulder ceases to move.",1,False,"o1a1","The High Seas","Rhotano Sea",1025,1025,300,2,"Aronnax","Sweeper","Silencer","Deep-sea Eel","Executioner","Floating Saucer","True Barramundi","Prodigal Son","Slipsnail","Stonescale","Rhotano Spectral Current",236
243,1,"You spot a glimmer of crimson, as if a ruby has floated to the surface of the ocean.","All hint of crimson vanishes.",1,False,"o1a1","The High Seas","The Northern Strait of Merlthor",1025,1025,300,4,"Floefish","Megasquid","Oschon's Stone","Tossed Dagger","Tripod Fish","Net Crawler","Merlthor Lobster","Elder Dinichthys","Spectral Sea Bo","Shooting Star","The Northern Strait of Merlthor",233
244,1,"The shadow lurking under the surface belongs to a beast spoken of only in legend.","The shadow is no more.",1,False,"o1a1","The High Seas","The Northern Strait of Merlthor",1025,1025,300,2,"Hammerclaw","Coccosteus","Bartholomew the Chopper","Prowler","Mopbeard","Wild Urchin","Gugrusaurus","Coral Seadragon","The Fallen One","Elasmosaurus","Northern Merlthor Spectral Current",234
245,70,"","",2,False,"n4f5","","",1250,1785,600,4,"Clawbow","Yellow Pipira","Golden Pipira","Diadochos Sword","Diadochos Sword","Diadochos Sword","Diadochos Sword","Diadochos Sword","Diadochos Sword","Diadochos Sword","Mjrl's Tears",237
246,1,"An aura of violent menace rises from the depths!","The sense of menace dissipates.",1,False,"o1a1","The High Seas","The Cieldalaes",1025,1025,300,4,"Tortoiseshell Crab","Lady's Cameo","Metallic Boxfish","Goobbue Ray","Watermoura","King Cobrafish","Mamahi-mahi","Lavandin Remora","Spectral Butterfly","Cieldalaes Geode","Cieldalaes Margin",238
247,1,"You glimpse the writhing silhouette of some vast tentacle moving just beneath the water.","The undulating shadow has withdrawn.",1,False,"o1a1","The High Seas","The Cieldalaes",1025,1025,300,2,"Titanshell Crab","Mythril Boxfish","Mistbeard's Cup","Anomalocaris Saron","Flaming Eel","Jetborne Manta","Devil's Sting","Callichthyid","Meandering Mora","Hafgufa","Cieldalaes Spectral Current",239
248,1,"You glance down into a pair of astoundingly goblin-like eyes.","You no longer feel the weight of that goblin-like gaze.",1,False,"o1a1","The High Seas","The Bloodbrine Sea",1025,1025,300,4,"Thaliak Crab","Star of the Destroyer","True Scad","Blooded Wrasse","Bloodpolish Crab","Blue Stitcher","Bloodfresh Tuna","Sunken Mask","Spectral Eel","Bareface","Open Bloodbrine Sea",240
249,1,"You rub your eyes, certain you'd seen a creature with no business being out on the ocean.","The out-of-place creature has moved on...or never was.",1,False,"o1a1","The High Seas","The Bloodbrine Sea",1025,1025,300,2,"Oracular Crab","Dravanian Bream","Skaldminni","Serrated Clam","Beatific Vision","Exterminator","Gory Tuna","Ticinepomis","Quartz Hammerhead","Seafaring Toad","Bloodbrine Spectral Current",241
250,1,"A graceful, leafy form appears, swirling and dancing beneath the waves.","The leafy form has swept on out of sight.",1,False,"o1a1","The High Seas","The Rothlyt Sound",1025,1025,300,4,"Crow Puffer","Rothlyt Kelp","Living Lantern","Honeycomb Fish","Godsbed","Lansquenet","Thavnairian Shark","Nephrite Eel","Spectresaur","Ginkgo Fin","Outer Rothlyt Sound",242
251,1,"A dull cracking and crunching sound echoes up from the sea floor.","The crunching, cracking sounds fade into silence.",1,False,"o1a1","The High Seas","The Rothlyt Sound",1025,1025,300,2,"Garum Jug","Smooth Jaguar","Rothlyt Mussel","Levi Elver","Pearl Bombfish","Trollfish","Panoptes","Crepe Sole","Knifejaw","Placodus","Rothlyt Spectral Current",243
252,80,"","",1,False,"k5t1","","",1074,1518,2400,4,"Pecten","Northern Herring","Dog-faced Puffer","Cobalt Chromis","Guitarfish","Aetherolectric Guitarfish","Diadochos Sword","Diadochos Sword","Diadochos Sword","Diadochos Sword","Scholar's Harbor",244
253,80,"","",2,False,"k5t1","","",1024,732,2100,4,"Astacus","Peacock Bass","Academician","Swordspine Snook","Greatsword Snook","Diadochos Sword","Diadochos Sword","Diadochos Sword","Diadochos Sword","Diadochos Sword","Oinops",245
254,80,"","",2,False,"k5t1","","",670,980,300,4,"Astacus","Ponderer","Tidal Dahlia","Catastrophizer","Diadochos Sword","Diadochos Sword","Diadochos Sword","Diadochos Sword","Diadochos Sword","Diadochos Sword","Reflecting Pool",246
255,81,"","",2,False,"k5f1","","",831,221,450,4,"Butterfly Fry","Topminnow","Tessera","Giant Aetherlouse","Fat Snook","Jumbo Snook","Diadochos Sword","Diadochos Sword","Diadochos Sword","Diadochos Sword","Unmoved Source Alpha",247
256,81,"","",2,False,"k5f1","","",878,496,900,4,"Butterfly Fry","Prochilodus Luminosus","Xenocypris","Mesonauta","Greengill Salmon","Mossgill Salmon","Diadochos Sword","Diadochos Sword","Diadochos Sword","Diadochos Sword","The Mover Alpha",248
257,82,"","",2,False,"k5f1","","",1561,409,450,4,"Butterfly Fry","Raiamas","Xenocypris","Red Bowfin","Swampsucker Bowfin","Diadochos Sword","Diadochos Sword","Diadochos Sword","Diadochos Sword","Diadochos Sword","Unmoved Source Beta",249
258,82,"","",2,False,"k5f1","","",1366,726,1800,4,"Butterfly Fry","Macrobrachium Lar","Xenocypris","Blowgun","The Fury's Aegis","Darksteel Knifefish","Onyx Knifefish","Diadochos Sword","Diadochos Sword","Diadochos Sword","The Mover Beta",250
259,82,"","",2,False,"k5f1","","",972,756,600,4,"Butterfly Fry","Astacus Aetherius","Xenocypris","Labyrinthos Tilapia","Diadochos Sword","Diadochos Sword","Diadochos Sword","Diadochos Sword","Diadochos Sword","Diadochos Sword","Deepmoat",251
260,82,"","",2,False,"m5t1","","",459,989,1350,4,"Trunkblessed","Seema Duta","Longear Sunfish","Silver Characin","Earful","Diadochos Sword","Diadochos Sword","Diadochos Sword","Diadochos Sword","Diadochos Sword","Meghaduta",252
261,81,"","",1,False,"m5f1","","",1228,1764,600,4,"Thavnairian Goby","Qeyiq Sole","Gwl Crab","Pantherscale Grouper","Lale Crab","Diadochos Sword","Diadochos Sword","Diadochos Sword","Diadochos Sword","Diadochos Sword","Yedlihmad",253
262,81,"","",1,False,"m5f1","","",428,1618,1800,4,"Thavnairian Goby","Qeyiq Sole","Fate's Design","Shadowdart Sardine","Paksa Fish","Chalky Coral","Jhinga","Diadochos Sword","Diadochos Sword","Diadochos Sword","The Thavnairian Coast",254
263,82,"","",1,False,"m5f1","","",438,1090,600,4,"Thavnairian Goby","Qeyiq Sole","Garjana Wrasse","Golden Barramundi","Vidyutvat Wrasse","Diadochos Sword","Diadochos Sword","Diadochos Sword","Diadochos Sword","Diadochos Sword","The Great Runoff",255
264,82,"","",2,False,"m5f1","","",998,360,300,4,"Kadjaya's Castaway","Marid Frog","Bluegill","Bronze Pipira","Hippo Frog","Diadochos Sword","Diadochos Sword","Diadochos Sword","Diadochos Sword","Diadochos Sword","Giantsgall Grounds",256
265,85,"","",2,False,"m5f1","","",1500,419,1350,4,"Green Swordtail","Ksirapayin","Wakeful Watcher","Red Drum","Wakeful Warden","Diadochos Sword","Diadochos Sword","Diadochos Sword","Diadochos Sword","Diadochos Sword","The Wakeful Torana",257
266,85,"","",2,False,"m5f1","","",1478,1018,1200,4,"Green Swordtail","Ksirapayin","Forgeflame","Bicuda","Seedtoad","Bigcuda","Diadochos Sword","Diadochos Sword","Diadochos Sword","Diadochos Sword","Ksiroda",258
267,85,"","",2,False,"m5f1","","",1149,675,450,4,"Green Swordtail","Radzbalik","Half-moon Betta","Banana Eel","Browned Banana Eel","Diadochos Sword","Diadochos Sword","Diadochos Sword","Diadochos Sword","Diadochos Sword","Pavana's Remorse",259
268,85,"","",2,False,"m5f1","","",1161,1187,750,4,"Green Swordtail","Radzbalik","Handy Hamsa","Flowerhorn","Thavnairian Caiman","Mayashell","Diadochos Sword","Diadochos Sword","Diadochos Sword","Diadochos Sword","The Font of Maya",260
269,85,"","",1,True,"m5f1","","",322,328,900,4,"Fiery Goby","Puff-paya","Narunnairian Octopus","Roosterfish","Basilosaurus","Thavnairian Calamari","Basilosaurus Rex","Diadochos Sword","Diadochos Sword","Diadochos Sword","The Perfumed Tides",261
270,83,"","",2,True,"m5f2","","",504,1484,600,4,"Garlean Clam","Animulus","Eblan Trout","Cerule Core","Icepike","Rimepike","Diadochos Sword","Diadochos Sword","Diadochos Sword","Diadochos Sword","The Eblan Thaw",262
271,83,"","",2,False,"m5f2","","",1100,408,1800,4,"Garlean Clam","Dark Crown","Eblan Trout","Imperial Pleco","Bluetail","Sovereign Shadow","Diadochos Sword","Diadochos Sword","Diadochos Sword","Diadochos Sword","The Stainless Course",263
272,84,"","",2,False,"u5f1","","",1578,494,2400,4,"Star-blue Guppy","Lunar Cichlid","Teareye","Replipirarucu","Disappirarucu","Diadochos Sword","Diadochos Sword","Diadochos Sword","Diadochos Sword","Diadochos Sword","Greatest Endsvale",264
273,85,"","",7,True,"u5f1","","",1498,1560,300,4,"Feverfish","Calicia","Protomyke #987","Lunar Deathworm","Diadochos Sword","Diadochos Sword","Diadochos Sword","Diadochos Sword","Diadochos Sword","Diadochos Sword","The Chlorophospond",265
274,85,"","",7,False,"u5f1","","",1090,1538,600,4,"Feverfish","Calicia","Fleeting Brand","Regotoise","Frozen Regotoise","Diadochos Sword","Diadochos Sword","Diadochos Sword","Diadochos Sword","Diadochos Sword","The Frozen Fissure",266
275,86,"","",2,False,"n5f1","","",508,876,1800,4,"Isle Skipper","Albino Loach","Iribainion","Golden Shiner","Mangar","Planetes","Diadochos Sword","Diadochos Sword","Diadochos Sword","Diadochos Sword","Rumination's Ramble",267
276,87,"","",2,False,"n5f1","","",1202,440,900,4,"Isle Skipper","Dermogenys","Iribainion","Colossoma","Phyllinos","Gilt Dermogenys","Diadochos Sword","Diadochos Sword","Diadochos Sword","Diadochos Sword","The Lower Hungering Gardens",268
277,87,"","",2,False,"n5f1","","",1634,762,1500,4,"Isle Skipper","Antheia","Iribainion","Smaragdos","Antheian Dahlia","Diadochos Sword","Diadochos Sword","Diadochos Sword","Diadochos Sword","Diadochos Sword","Lethe",269
278,88,"","",7,False,"u5f2","","",994,1756,300,4,"Superstring","Vacuum Shrimp","Star Eater","Cosmic Noise","Cosmic Haze","Diadochos Sword","Diadochos Sword","Diadochos Sword","Diadochos Sword","Diadochos Sword","Apohelos 18-γ",272
279,89,"","",7,False,"u5f2","","",426,1476,300,4,"Superstring","Glassfish","Star Eater","Foun Myhk","Foun Ahlm","Diadochos Sword","Diadochos Sword","Diadochos Sword","Diadochos Sword","Diadochos Sword","Apohelos 18-β",271
280,90,"","",7,False,"u5f2","","",298,1062,300,4,"Superstring","Dragonscale","Star Eater","Ypupîara","Eehs Forhnesh","Eehs Fan","Diadochos Sword","Diadochos Sword","Diadochos Sword","Diadochos Sword","Apohelos 18-α",270
281,84,"","",2,False,"u5f2","","",698,528,600,4,"Protoflesh","Katoptron","Comet Tail","Aoide","Starscryer","Diadochos Sword","Diadochos Sword","Diadochos Sword","Diadochos Sword","Diadochos Sword","The Wellspring of Regret",273
282,84,"","",2,False,"u5f2","","",1079,389,750,4,"Protoflesh","Katoptron","Wandering Starscale","Diadochos Sword","Diadochos Sword","Diadochos Sword","Diadochos Sword","Diadochos Sword","Diadochos Sword","Diadochos Sword","Abode of the Ea",274
283,89,"","",9,False,"u5f2","","",212,1706,900,4,"Wormhole Worm","Unidentified Flying Biomass II","Sophos Deka-okto","Class Twenty-four","Terrifyingway","Alien Mertone","Monster Carrot","Forbiddingway","Diadochos Sword","Diadochos Sword","Limne 18",275
284,90,"","",9,False,"u5f2","","",1824,406,900,4,"Wormhole Worm","Unidentified Flying Biomass II","Triaina","Argonaut","Echinos","Space Bishop","Alyketos","Argonauta argo","Diadochos Sword","Diadochos Sword","Limne 3-α",276
285,90,"","",9,True,"u5f2","","",1202,808,600,4,"Wormhole Worm","Unidentified Flying Biomass II","Triaina","Horizon Event","E.B.E.-9318","Unbegotten","Phallaina ","Diadochos Sword","Diadochos Sword","Diadochos Sword","Limne 3-β",277
286,1,"A large fin breaches the ocean surface!","The fin sinks under the surface and out of sight...",1,False,"o1a1","The High Seas","The Sirensong Sea",1025,1025,300,4,"Deepshade Sardine","Sirensong Mussel","Arrowhead","Pink Shrimp","Sirensong Mullet","Selkie Puffer","Poet's Pipe","Marine Matanga","Spectral Coelacanth","Dusk Shark","Open Sirensong Sea",278
287,1,"A lethal predator draws close to the ship!","The predator loses interest...",1,False,"o1a1","The High Seas","The Sirensong Sea",1025,1025,300,2,"Mermaid Scale","Broadhead","Vivid Pink Shrimp","Sunken Coelacanth","Siren's Sigh","Black-jawed Helicoprion","Impostopus","Jade Shrimp","Nymeia's Wheel","Taniwha","Sirensong Spectral Current",279
288,1,"A strip of red and white floats under the water's surface!","You lose sight of the colorful fish...",1,False,"o1a1","The High Seas","Kugane",1025,1025,300,4,"Ruby Herring","Whirlpool Turban","Leopard Prawn","Spear Squid","Floating Lantern","Rubescent Tatsunoko","Hatatate","Silent Shark","Spectral Wrasse","Mizuhiki","Kugane Coast",280
289,1,"Something blue glitters deep under the water!","The glittering vanishes...",1,False,"o1a1","The High Seas","Kugane",1025,1025,300,2,"Snapping Koban","Silkweft Prawn","Stingfin Trevally","Swordtip Squid","Mailfish","Idaten's Bolt","Maelstrom Turban","Shoshitsuki","Spadefish","Glass Dragon","Kugane Spectral Current",281
290,1,"You feel hungry eyes track your every move!","The hungry thing decides to feast elsewhere...",1,False,"o1a1","The High Seas","The Ruby Sea",1025,1025,300,4,"Crimson Kelp","Reef Squid","Pinebark Flounder","Mantle Moray","Barded Lobster","Shisui Goby","Sanbaso","Violet Sentry","Spectral Snake Eel","Heavensent Shark","Open Ruby Sea",282
291,1,"The sea temperature rises suddenly!","The temperature of the water returns to normal...",1,False,"o1a1","The High Seas","The Ruby Sea",1025,1025,300,2,"Fleeting Squid","Bowbarb Lobster","Pitch Pickle","Senbei Octopus","Tentacle Thresher","Bekko Rockhugger","Yellow Iris","Crimson Sentry","Flying Squid","Hells' Claw","Ruby Spectral Current",283
292,1,"The seaweed glimmers with a strange light!","The seaweed glimmers no more...",2,False,"o1a1","The High Seas","The One River",1025,1025,300,4,"Catching Carp","Garlean Bluegill","Yanxian Softshell","Princess Salmon","Calligraph","Singular Shrimp","Brocade Carp","Yanxian Sturgeon","Spectral Kotsu Zetsu","Fishy Shark","Lower One River",284
293,1,"The scent of plums rises from the waters!","The scent of plums disappears...",2,False,"o1a1","The High Seas","The One River",1025,1025,300,2,"Gensui Shrimp","Yato-no-kami","Heron's Eel","Crowshadow Mussel","Yanxian Goby","Iridescent Trout","Un-Namazu","Gakugyo","Ginrin Goshiki","Jewel of Plum Spring","One River Spectral Current",285
294,0,"","",0,False,,"","",0,0,0,0,"Diadochos Sword","Diadochos Sword","Diadochos Sword","Diadochos Sword","Diadochos Sword","Diadochos Sword","Diadochos Sword","Diadochos Sword","Diadochos Sword","Diadochos Sword","",0
295,0,"","",0,False,,"","",0,0,0,0,"Diadochos Sword","Diadochos Sword","Diadochos Sword","Diadochos Sword","Diadochos Sword","Diadochos Sword","Diadochos Sword","Diadochos Sword","Diadochos Sword","Diadochos Sword","",0
296,0,"","",0,False,,"","",0,0,0,0,"Diadochos Sword","Diadochos Sword","Diadochos Sword","Diadochos Sword","Diadochos Sword","Diadochos Sword","Diadochos Sword","Diadochos Sword","Diadochos Sword","Diadochos Sword","",0
297,0,"","",0,False,,"","",0,0,0,0,"Diadochos Sword","Diadochos Sword","Diadochos Sword","Diadochos Sword","Diadochos Sword","Diadochos Sword","Diadochos Sword","Diadochos Sword","Diadochos Sword","Diadochos Sword","",0
298,0,"","",0,False,,"","",0,0,0,0,"Diadochos Sword","Diadochos Sword","Diadochos Sword","Diadochos Sword","Diadochos Sword","Diadochos Sword","Diadochos Sword","Diadochos Sword","Diadochos Sword","Diadochos Sword","",0
299,0,"","",0,False,,"","",0,0,0,0,"Diadochos Sword","Diadochos Sword","Diadochos Sword","Diadochos Sword","Diadochos Sword","Diadochos Sword","Diadochos Sword","Diadochos Sword","Diadochos Sword","Diadochos Sword","",0
300,0,"","",0,False,,"","",0,0,0,0,"Diadochos Sword","Diadochos Sword","Diadochos Sword","Diadochos Sword","Diadochos Sword","Diadochos Sword","Diadochos Sword","Diadochos Sword","Diadochos Sword","Diadochos Sword","",0
301,0,"","",0,False,,"","",0,0,0,0,"Diadochos Sword","Diadochos Sword","Diadochos Sword","Diadochos Sword","Diadochos Sword","Diadochos Sword","Diadochos Sword","Diadochos Sword","Diadochos Sword","Diadochos Sword","",0
302,0,"","",0,False,,"","",0,0,0,0,"Diadochos Sword","Diadochos Sword","Diadochos Sword","Diadochos Sword","Diadochos Sword","Diadochos Sword","Diadochos Sword","Diadochos Sword","Diadochos Sword","Diadochos Sword","",0
303,0,"","",0,False,,"","",0,0,0,0,"Diadochos Sword","Diadochos Sword","Diadochos Sword","Diadochos Sword","Diadochos Sword","Diadochos Sword","Diadochos Sword","Diadochos Sword","Diadochos Sword","Diadochos Sword","",0
304,0,"","",0,False,,"","",0,0,0,0,"Diadochos Sword","Diadochos Sword","Diadochos Sword","Diadochos Sword","Diadochos Sword","Diadochos Sword","Diadochos Sword","Diadochos Sword","Diadochos Sword","Diadochos Sword","",0
10000,70,"","",2,False,,"","",0,0,0,0,"Doman Trout","Kotsu Zetsu","Diadochos Sword","Diadochos Sword","Diadochos Sword","Diadochos Sword","Diadochos Sword","Diadochos Sword","Diadochos Sword","Diadochos Sword","The Doman Enclave",0
10001,70,"","",2,False,,"","",0,0,0,0,"Grade 2 Skybuilders' Cloudskipper","Grade 2 Skybuilders' Meditator","Grade 2 Skybuilders' Bitterling","Grade 2 Skybuilders' Caiman","Diadochos Sword","Diadochos Sword","Diadochos Sword","Diadochos Sword","Diadochos Sword","Diadochos Sword","Diadem Grotto",0
10002,1,"","",2,False,,"","",0,0,0,0,"Grade 2 Skybuilders' Cloudskipper","Grade 2 Skybuilders' Meditator","Grade 2 Skybuilders' Coeurlfish","Grade 2 Skybuilders' Garpike","Diadochos Sword","Diadochos Sword","Diadochos Sword","Diadochos Sword","Diadochos Sword","Diadochos Sword","Southern Diadem Lake",0
10003,60,"","",2,False,,"","",0,0,0,0,"Grade 2 Skybuilders' Cloudskipper","Grade 2 Skybuilders' Meditator","Grade 2 Skybuilders' Pirarucu","Grade 2 Skybuilders' Brown Bolo","Diadochos Sword","Diadochos Sword","Diadochos Sword","Diadochos Sword","Diadochos Sword","Diadochos Sword","Northern Diadem Lake",0
10004,80,"","",5,False,,"","",0,0,0,0,"Grade 2 Skybuilders' Cloud Cutter","Grade 2 Skybuilders' Vampiric Tapestry","Grade 2 Skybuilders' Tupuxuara","Grade 2 Artisanal Skybuilders' Rhomaleosaurus","Grade 2 Artisanal Skybuilders' Cometfish","Diadochos Sword","Diadochos Sword","Diadochos Sword","Diadochos Sword","Diadochos Sword","Blustery Cloudtop",0
10005,80,"","",5,False,,"","",0,0,0,0,"Grade 2 Skybuilders' Cloud Cutter","Grade 2 Skybuilders' Vampiric Tapestry","Grade 2 Skybuilders' Blind Manta","Grade 2 Artisanal Skybuilders' Gobbie Mask","Grade 2 Artisanal Skybuilders' Anomalocaris","Diadochos Sword","Diadochos Sword","Diadochos Sword","Diadochos Sword","Diadochos Sword","Calm Cloudtop",0
10006,80,"","",5,False,,"","",0,0,0,0,"Grade 2 Skybuilders' Cloud Cutter","Grade 2 Skybuilders' Vampiric Tapestry","Grade 2 Skybuilders' Tupuxuara","Grade 2 Artisanal Skybuilders' Pterodactyl","Grade 2 Artisanal Skybuilders' Rhamphorhynchus","Diadochos Sword","Diadochos Sword","Diadochos Sword","Diadochos Sword","Diadochos Sword","Swirling Cloudtop",0
10007,80,"","",5,False,,"","",0,0,0,0,"Grade 2 Skybuilders' Cloud Cutter","Grade 2 Skybuilders' Vampiric Tapestry","Grade 2 Skybuilders' Blind Manta","Grade 2 Artisanal Skybuilders' Skyfish","Grade 2 Artisanal Skybuilders' Dragon's Soul","Diadochos Sword","Diadochos Sword","Diadochos Sword","Diadochos Sword","Diadochos Sword","Windswept Cloudtop",0
10008,70,"","",2,False,,"","",0,0,0,0,"Grade 3 Skybuilders' Cherax","Grade 3 Skybuilders' Marimo","Grade 3 Skybuilders' Catfish","Grade 3 Skybuilders' Ricefish","Diadochos Sword","Diadochos Sword","Diadochos Sword","Diadochos Sword","Diadochos Sword","Diadochos Sword","Diadem Grotto",0
10009,1,"","",2,False,,"","",0,0,0,0,"Grade 3 Skybuilders' Thunderbolt Sculpin","Grade 3 Skybuilders' Alligator Snapping Turtle","Grade 3 Skybuilders' Bonytongue","Grade 3 Skybuilders' Hermit Goby","Diadochos Sword","Diadochos Sword","Diadochos Sword","Diadochos Sword","Diadochos Sword","Diadochos Sword","Southern Diadem Lake",0
10010,60,"","",2,False,,"","",0,0,0,0,"Grade 3 Skybuilders' Mudskipper","Grade 3 Skybuilders' Steppe Bullfrog","Grade 3 Skybuilders' Golden Loach","Grade 3 Skybuilders' Bass","Diadochos Sword","Diadochos Sword","Diadochos Sword","Diadochos Sword","Diadochos Sword","Diadochos Sword","Northern Diadem Lake",0
10011,80,"","",5,False,,"","",0,0,0,0,"Grade 3 Skybuilders' Scorpionfly","Grade 3 Skybuilders' Whiteloom","Grade 3 Skybuilders' Pteranodon","Grade 3 Artisanal Skybuilders' Oscar","Grade 3 Artisanal Skybuilders' Archaeopteryx","Diadochos Sword","Diadochos Sword","Diadochos Sword","Diadochos Sword","Diadochos Sword","Blustery Cloudtop",0
10012,80,"","",5,False,,"","",0,0,0,0,"Grade 3 Skybuilders' Scorpionfly","Grade 3 Skybuilders' Whiteloom","Grade 3 Skybuilders' King's Mantle","Grade 3 Artisanal Skybuilders' Blind Manta","Grade 3 Artisanal Skybuilders' Cloudshark","Diadochos Sword","Diadochos Sword","Diadochos Sword","Diadochos Sword","Diadochos Sword","Calm Cloudtop",0
10013,80,"","",5,False,,"","",0,0,0,0,"Grade 3 Skybuilders' Scorpionfly","Grade 3 Skybuilders' Whiteloom","Grade 3 Skybuilders' Blue Medusa","Grade 3 Artisanal Skybuilders' Mosasaur","Grade 3 Artisanal Skybuilders' Wyvern","Diadochos Sword","Diadochos Sword","Diadochos Sword","Diadochos Sword","Diadochos Sword","Swirling Cloudtop",0
10014,80,"","",5,False,,"","",0,0,0,0,"Grade 3 Skybuilders' Scorpionfly","Grade 3 Skybuilders' Whiteloom","Grade 3 Skybuilders' Gurnard","Grade 3 Artisanal Skybuilders' Storm Chaser","Grade 3 Artisanal Skybuilders' Helicoprion","Diadochos Sword","Diadochos Sword","Diadochos Sword","Diadochos Sword","Diadochos Sword","Windswept Cloudtop",0
10015,80,"","",5,False,,"","",0,0,0,0,"Grade 3 Skybuilders' Scorpionfly","Grade 3 Skybuilders' Whiteloom","Grade 2 Artisanal Skybuilders' Rhomaleosaurus","Grade 2 Artisanal Skybuilders' Gobbie Mask","Grade 2 Artisanal Skybuilders' Cometfish","Grade 2 Artisanal Skybuilders' Anomalocaris","Diadochos Sword","Diadochos Sword","Diadochos Sword","Diadochos Sword","Windbreaking Cloudtop",0
10016,80,"","",5,False,,"","",0,0,0,0,"Grade 3 Skybuilders' Scorpionfly","Grade 3 Skybuilders' Whiteloom","Grade 2 Artisanal Skybuilders' Pterodactyl","Grade 2 Artisanal Skybuilders' Skyfish","Grade 2 Artisanal Skybuilders' Rhamphorhynchus","Grade 2 Artisanal Skybuilders' Dragon's Soul","Diadochos Sword","Diadochos Sword","Diadochos Sword","Diadochos Sword","Buffeted Cloudtop",0
10017,70,"","",2,False,,"","",0,0,0,0,"Grade 4 Skybuilders' Starflower","Grade 4 Skybuilders' Cyan Crab","Grade 4 Skybuilders' Fickle Krait","Grade 4 Skybuilders' Proto-hropken","Diadochos Sword","Diadochos Sword","Diadochos Sword","Diadochos Sword","Diadochos Sword","Diadochos Sword","Diadem Grotto",0
10018,1,"","",2,False,,"","",0,0,0,0,"Grade 4 Skybuilders' Zagas Khaal","Grade 4 Skybuilders' Goldsmith Crab","Grade 4 Skybuilders' Common Bitterling","Grade 4 Skybuilders' Skyloach","Diadochos Sword","Diadochos Sword","Diadochos Sword","Diadochos Sword","Diadochos Sword","Diadochos Sword","Southern Diadem Lake",0
10019,60,"","",2,False,,"","",0,0,0,0,"Grade 4 Skybuilders' Glacier Core","Grade 4 Skybuilders' Kissing Fish","Grade 4 Skybuilders' Cavalry Catfish","Grade 4 Skybuilders' Manasail","Diadochos Sword","Diadochos Sword","Diadochos Sword","Diadochos Sword","Diadochos Sword","Diadochos Sword","Northern Diadem Lake",0
10020,80,"","",5,False,,"","",0,0,0,0,"Grade 4 Skybuilders' Ghost Faerie","Grade 4 Skybuilders' Ashfish","Grade 4 Skybuilders' Whitehorse","Grade 4 Artisanal Skybuilders' Sweatfish","Grade 4 Artisanal Skybuilders' Marrella","Diadochos Sword","Diadochos Sword","Diadochos Sword","Diadochos Sword","Diadochos Sword","Blustery Cloudtop",0
10021,80,"You spot a massive shadow drifting along beneath the clouds.","The shadow is no more.",5,False,,"","",0,0,0,0,"Grade 4 Skybuilders' Ghost Faerie","Grade 4 Skybuilders' Ashfish","Grade 4 Skybuilders' Ocean Cloud","Grade 4 Artisanal Skybuilders' Sculptor","Grade 4 Artisanal Skybuilders' Crimson Namitaro","Diadochos Sword","Diadochos Sword","Diadochos Sword","Diadochos Sword","Diadochos Sword","Calm Cloudtop",0
10022,80,"","",5,False,,"","",0,0,0,0,"Grade 4 Skybuilders' Ghost Faerie","Grade 4 Skybuilders' Ashfish","Grade 4 Skybuilders' Black Fanfish","Grade 4 Artisanal Skybuilders' Little Thalaos","Grade 4 Artisanal Skybuilders' Griffin","Diadochos Sword","Diadochos Sword","Diadochos Sword","Diadochos Sword","Diadochos Sword","Swirling Cloudtop",0
10023,80,"You glimpse the blurred form of some flying creature as it flashes across the sky.","Like a living bolt of lightning, the creature flickers past and is gone.",5,False,,"","",0,0,0,0,"Grade 4 Skybuilders' Ghost Faerie","Grade 4 Skybuilders' Ashfish","Grade 4 Skybuilders' Sunfish","Grade 4 Artisanal Skybuilders' Lightning Chaser","Grade 4 Artisanal Skybuilders' Meganeura","Diadochos Sword","Diadochos Sword","Diadochos Sword","Diadochos Sword","Diadochos Sword","Windswept Cloudtop",0
10024,80,"","",5,False,,"","",0,0,0,0,"Grade 4 Skybuilders' Ghost Faerie","Grade 4 Skybuilders' Ashfish","Grade 2 Artisanal Skybuilders' Rhomaleosaurus","Grade 2 Artisanal Skybuilders' Gobbie Mask","Grade 2 Artisanal Skybuilders' Cometfish","Grade 2 Artisanal Skybuilders' Anomalocaris","Grade 3 Artisanal Skybuilders' Oscar","Grade 3 Artisanal Skybuilders' Blind Manta","Grade 3 Artisanal Skybuilders' Archaeopteryx","Grade 3 Artisanal Skybuilders' Cloudshark","Windbreaking Cloudtop",0
10025,80,"","",5,False,,"","",0,0,0,0,"Grade 4 Skybuilders' Ghost Faerie","Grade 4 Skybuilders' Ashfish","Grade 2 Artisanal Skybuilders' Pterodactyl","Grade 2 Artisanal Skybuilders' Skyfish","Grade 2 Artisanal Skybuilders' Rhamphorhynchus","Grade 2 Artisanal Skybuilders' Dragon's Soul","Grade 3 Artisanal Skybuilders' Mosasaur","Grade 3 Artisanal Skybuilders' Storm Chaser","Grade 3 Artisanal Skybuilders' Wyvern","Grade 3 Artisanal Skybuilders' Helicoprion","Buffeted Cloudtop",0
10026,84,"","",2,False,"u5e3","","",1069,1141,200,4,"Protoflesh","Comet Tail","Diadochos Sword","Diadochos Sword","Diadochos Sword","Diadochos Sword","Diadochos Sword","Diadochos Sword","Diadochos Sword","Diadochos Sword","Elysian Fields",0
10027,84,"","",2,False,"u5e3","","",1141,821,600,4,"Protoflesh","Katoptron","Diadochos Sword","Diadochos Sword","Diadochos Sword","Diadochos Sword","Diadochos Sword","Diadochos Sword","Diadochos Sword","Diadochos Sword","Elysian Seas α",0
10028,84,"","",2,False,"u5e3","","",1172,627,200,4,"Protoflesh","Comet Tail","Diadochos Sword","Diadochos Sword","Diadochos Sword","Diadochos Sword","Diadochos Sword","Diadochos Sword","Diadochos Sword","Diadochos Sword","Elysian Seas β",0
10029,84,"","",2,False,"u5e3","","",861,1136,800,4,"Protoflesh","Wandering Starscale","Diadochos Sword","Diadochos Sword","Diadochos Sword","Diadochos Sword","Diadochos Sword","Diadochos Sword","Diadochos Sword","Diadochos Sword","Elysian Playgrounds α",0
10030,84,"","",2,False,"u5e3","","",736,1370,800,4,"Protoflesh","Wandering Starscale","Katoptron","Diadochos Sword","Diadochos Sword","Diadochos Sword","Diadochos Sword","Diadochos Sword","Diadochos Sword","Diadochos Sword","Elysian Playgrounds β",0
