key,0,1,2,3,4,5,6,7,8,9,10,11,12,13
#,IsRandom,ClassJobCategory,RetainerLevel,,RetainerTaskParameter,VentureCost,MaxTime{min},Experience,RequiredItemLevel,ConditionParam[0],ConditionParam[1],RequiredGathering,,Task
int32,bit&01,ClassJobCategory,byte,uint16,RetainerTaskParameter,uint16,uint16,int32,uint16,byte,byte,uint16,uint16,Row
0,False,"",1,0,"RetainerTaskParameter#1",1,0,0,0,0,0,0,0,""
1,False,"Disciples of War or Magic",1,0,"RetainerTaskParameter#1",1,60,500,0,0,0,0,0,"Animal Skin"
2,False,"Disciples of War or Magic",2,0,"RetainerTaskParameter#2",1,60,800,0,0,0,0,0,"Animal Sinew"
3,False,"Disciples of War or Magic",3,0,"RetainerTaskParameter#3",1,60,800,0,0,0,0,0,"Shriekshroom"
4,False,"Disciples of War or Magic",4,0,"RetainerTaskParameter#4",1,60,1400,0,0,0,0,0,"Honey"
5,False,"Disciples of War or Magic",5,0,"RetainerTaskParameter#5",1,60,1400,0,0,0,0,0,"Ram Horn"
6,False,"Disciples of War or Magic",6,0,"RetainerTaskParameter#6",1,60,3000,0,0,0,0,0,"Beastkin Blood"
7,False,"Disciples of War or Magic",7,0,"RetainerTaskParameter#7",1,60,3000,0,0,0,0,0,"Marmot Meat"
8,False,"Disciples of War or Magic",8,0,"RetainerTaskParameter#8",1,60,5000,0,0,0,0,0,"Animal Hide"
9,False,"Disciples of War or Magic",9,0,"RetainerTaskParameter#9",1,60,5000,0,0,0,0,0,"Mutton Loin"
10,False,"Disciples of War or Magic",10,0,"RetainerTaskParameter#10",1,60,7400,0,0,0,0,0,"Bat Fang"
11,False,"Disciples of War or Magic",10,0,"RetainerTaskParameter#10",1,60,7400,0,0,0,0,0,"Red Landtrap Leaf"
12,False,"Disciples of War or Magic",10,0,"RetainerTaskParameter#10",1,60,7400,0,0,0,0,0,"Beast Sinew"
13,False,"Disciples of War or Magic",11,0,"RetainerTaskParameter#11",1,60,7400,0,0,0,0,0,"Dodo Tenderloin"
14,False,"Disciples of War or Magic",11,0,"RetainerTaskParameter#11",1,60,7400,0,0,0,0,0,"Jellyfish Cnida"
15,False,"Disciples of War or Magic",12,0,"RetainerTaskParameter#12",1,60,10200,0,0,0,0,0,"Mole Meat"
16,False,"Disciples of War or Magic",12,0,"RetainerTaskParameter#12",1,60,10200,0,0,0,0,0,"Puk Wing"
17,False,"Disciples of War or Magic",13,0,"RetainerTaskParameter#13",1,60,10200,0,0,0,0,0,"Viscous Secretions"
18,False,"Disciples of War or Magic",14,0,"RetainerTaskParameter#14",1,60,13100,0,0,0,0,0,"Dodo Egg"
19,False,"Disciples of War or Magic",14,0,"RetainerTaskParameter#14",1,60,13100,0,0,0,0,0,"Bat Wing"
20,False,"Disciples of War or Magic",15,0,"RetainerTaskParameter#15",1,60,13100,0,0,0,0,0,"Antelope Horn"
21,False,"Disciples of War or Magic",15,0,"RetainerTaskParameter#15",1,60,13100,0,0,0,0,0,"Goobbue Fang"
22,False,"Disciples of War or Magic",15,0,"RetainerTaskParameter#15",1,60,13100,0,0,0,0,0,"Yellow Yarzon Leg"
23,False,"Disciples of War or Magic",16,0,"RetainerTaskParameter#16",1,60,17400,0,0,0,0,0,"Imp Wing"
24,False,"Disciples of War or Magic",17,0,"RetainerTaskParameter#17",1,60,17400,0,0,0,0,0,"Jellyfish Umbrella"
25,False,"Disciples of War or Magic",18,0,"RetainerTaskParameter#18",1,60,21900,0,0,0,0,0,"Aldgoat Skin"
26,False,"Disciples of War or Magic",19,0,"RetainerTaskParameter#19",1,60,21900,0,0,0,0,0,"Dodo Feather"
27,False,"Disciples of War or Magic",20,0,"RetainerTaskParameter#20",1,60,24900,0,0,0,0,0,"Green Megalocrab Shell"
28,False,"Disciples of War or Magic",21,0,"RetainerTaskParameter#21",1,60,24900,1,0,0,0,0,"Antelope Shank"
29,False,"Disciples of War or Magic",22,0,"RetainerTaskParameter#22",1,60,26100,2,0,0,0,0,"Megalocrab Leg"
30,False,"Disciples of War or Magic",23,0,"RetainerTaskParameter#23",1,60,26100,3,0,0,0,0,"Acidic Secretions"
31,False,"Disciples of War or Magic",24,0,"RetainerTaskParameter#24",1,60,27200,4,0,0,0,0,"Diremite Web"
32,False,"Disciples of War or Magic",25,0,"RetainerTaskParameter#25",1,60,27200,5,0,0,0,0,"Aldgoat Horn"
33,False,"Disciples of War or Magic",25,0,"RetainerTaskParameter#25",1,60,27200,5,0,0,0,0,"Scalekin Blood"
34,False,"Disciples of War or Magic",25,0,"RetainerTaskParameter#25",1,60,27200,5,0,0,0,0,"Wolf Fang"
35,False,"Disciples of War or Magic",25,0,"RetainerTaskParameter#25",1,60,27200,5,0,0,0,0,"Treant Sap"
36,False,"Disciples of War or Magic",25,0,"RetainerTaskParameter#25",1,60,27200,5,0,0,0,0,"Aldgoat Chuck"
37,False,"Disciples of War or Magic",25,0,"RetainerTaskParameter#25",1,60,27200,5,0,0,0,0,"Diremite Sinew"
38,False,"Disciples of War or Magic",26,0,"RetainerTaskParameter#26",1,60,32100,6,0,0,0,0,"Gigantoad Skin"
39,False,"Disciples of War or Magic",26,0,"RetainerTaskParameter#26",1,60,32100,6,0,0,0,0,"Bomb Ash"
40,False,"Disciples of War or Magic",27,0,"RetainerTaskParameter#27",1,60,32100,7,0,0,0,0,"Puk Egg"
41,False,"Disciples of War or Magic",28,0,"RetainerTaskParameter#28",1,60,34500,8,0,0,0,0,"Night Milk"
42,False,"Disciples of War or Magic",28,0,"RetainerTaskParameter#28",1,60,34500,8,0,0,0,0,"Orobon Liver"
43,False,"Disciples of War or Magic",29,0,"RetainerTaskParameter#29",1,60,34500,9,0,0,0,0,"Blue Yarzon Leg"
44,False,"Disciples of War or Magic",29,0,"RetainerTaskParameter#29",1,60,34500,9,0,0,0,0,"Cactuar Needle"
45,False,"Disciples of War or Magic",30,0,"RetainerTaskParameter#30",1,60,35200,10,0,0,0,0,"Sandworm Fang"
46,False,"Disciples of War or Magic",30,0,"RetainerTaskParameter#30",1,60,35200,10,0,0,0,0,"Blue Landtrap Leaf"
47,False,"Disciples of War or Magic",30,0,"RetainerTaskParameter#30",1,60,35200,10,0,0,0,0,"Morbol Vine"
48,False,"Disciples of War or Magic",31,0,"RetainerTaskParameter#31",1,60,35200,11,0,0,0,0,"Formic Acid"
49,False,"Disciples of War or Magic",32,0,"RetainerTaskParameter#32",1,60,38600,12,0,0,0,0,"Raptor Shank"
50,False,"Disciples of War or Magic",32,0,"RetainerTaskParameter#32",1,60,38600,12,0,0,0,0,"Hippogryph Sinew"
51,False,"Disciples of War or Magic",33,0,"RetainerTaskParameter#33",1,60,38600,13,0,0,0,0,"Boar Hide"
52,False,"Disciples of War or Magic",34,0,"RetainerTaskParameter#34",1,60,40800,14,0,0,0,0,"Peiste Skin"
53,False,"Disciples of War or Magic",35,0,"RetainerTaskParameter#35",1,60,40800,15,0,0,0,0,"Fleece"
54,False,"Disciples of War or Magic",36,0,"RetainerTaskParameter#36",1,60,44800,16,0,0,0,0,"Spoken Blood"
55,False,"Disciples of War or Magic",37,0,"RetainerTaskParameter#37",1,60,44800,17,0,0,0,0,"Karakul Skin"
56,False,"Disciples of War or Magic",38,0,"RetainerTaskParameter#38",1,60,49000,18,0,0,0,0,"Grenade Ash"
57,False,"Disciples of War or Magic",39,0,"RetainerTaskParameter#39",1,60,49000,19,0,0,0,0,"Raptor Sinew"
58,False,"Disciples of War or Magic",40,0,"RetainerTaskParameter#40",1,60,52600,20,0,0,0,0,"Ochu Vine"
59,False,"Disciples of War or Magic",41,0,"RetainerTaskParameter#41",1,60,52600,21,0,0,0,0,"Pudding Flesh"
60,False,"Disciples of War or Magic",42,0,"RetainerTaskParameter#42",1,60,54200,22,0,0,0,0,"Basilisk Egg"
61,False,"Disciples of War or Magic",43,0,"RetainerTaskParameter#43",1,60,54200,23,0,0,0,0,"Buffalo Sirloin"
62,False,"Disciples of War or Magic",44,0,"RetainerTaskParameter#44",1,60,55700,24,0,0,0,0,"Apkallu Egg"
63,False,"Disciples of War or Magic",45,0,"RetainerTaskParameter#45",1,60,55700,25,0,0,0,0,"Apkallu Down"
64,False,"Disciples of War or Magic",46,0,"RetainerTaskParameter#46",1,60,61900,26,0,0,0,0,"Ahriman Wing"
65,False,"Disciples of War or Magic",47,0,"RetainerTaskParameter#47",1,60,61900,27,0,0,0,0,"Eft Tail"
66,False,"Disciples of War or Magic",48,0,"RetainerTaskParameter#48",1,60,66400,28,0,0,0,0,"Raptor Skin"
67,False,"Disciples of War or Magic",49,0,"RetainerTaskParameter#49",1,60,66400,29,0,0,0,0,"Snurble Tufts"
68,False,"Disciples of War or Magic",49,0,"RetainerTaskParameter#49",1,60,66400,29,0,0,0,0,"Ogre Horn"
69,False,"MIN",2,1,"RetainerTaskParameter#2",1,60,800,0,0,0,0,0,"Copper Ore"
70,False,"MIN",1,1,"RetainerTaskParameter#0",1,60,500,0,0,0,0,0,"Fire Shard"
71,False,"MIN",1,1,"RetainerTaskParameter#0",1,60,500,0,0,0,0,0,"Ice Shard"
72,False,"MIN",1,1,"RetainerTaskParameter#0",1,60,500,0,0,0,0,0,"Wind Shard"
73,False,"MIN",1,1,"RetainerTaskParameter#0",1,60,500,0,0,0,0,0,"Earth Shard"
74,False,"MIN",1,1,"RetainerTaskParameter#0",1,60,500,0,0,0,0,0,"Lightning Shard"
75,False,"MIN",1,1,"RetainerTaskParameter#0",1,60,500,0,0,0,0,0,"Water Shard"
76,False,"MIN",3,3,"RetainerTaskParameter#3",1,60,800,0,0,0,0,0,"Muddy Water"
77,False,"MIN",5,5,"RetainerTaskParameter#5",1,60,1400,0,0,0,0,0,"Bone Chip"
78,False,"MIN",6,6,"RetainerTaskParameter#6",1,60,3000,0,0,0,0,0,"Tin Ore"
79,False,"MIN",7,7,"RetainerTaskParameter#7",1,60,3000,0,0,0,0,0,"Raw Sunstone"
80,False,"MIN",7,7,"RetainerTaskParameter#7",1,60,3000,0,0,0,0,0,"Raw Lapis Lazuli"
81,False,"MIN",8,8,"RetainerTaskParameter#8",1,60,5000,0,0,0,0,0,"Soiled Femur"
82,False,"MIN",9,9,"RetainerTaskParameter#9",1,60,5000,0,0,0,0,0,"Zinc Ore"
83,False,"MIN",10,10,"RetainerTaskParameter#10",1,60,7400,0,72,0,30,0,"Obsidian"
84,False,"MIN",10,10,"RetainerTaskParameter#10",1,60,7400,0,72,0,30,0,"Potter's Clay"
85,False,"MIN",11,11,"RetainerTaskParameter#11",1,60,7400,0,72,0,40,0,"Fine Sand"
86,False,"MIN",11,11,"RetainerTaskParameter#11",1,60,7400,0,72,0,40,0,"Copper Sand"
87,False,"MIN",12,12,"RetainerTaskParameter#12",1,60,10200,0,72,0,41,0,"Rock Salt"
88,False,"MIN",13,13,"RetainerTaskParameter#13",1,60,10200,0,72,0,43,0,"Ragstone"
89,False,"MIN",14,14,"RetainerTaskParameter#14",1,60,13100,0,72,0,44,0,"Iron Ore"
90,False,"MIN",14,14,"RetainerTaskParameter#14",1,60,13100,0,72,0,44,0,"Iron Sand"
91,False,"MIN",15,15,"RetainerTaskParameter#15",1,60,13100,0,72,0,45,0,"Cinnabar"
92,False,"MIN",16,16,"RetainerTaskParameter#16",1,60,17400,0,72,0,58,0,"Raw Malachite"
93,False,"MIN",17,17,"RetainerTaskParameter#17",1,60,17400,0,72,0,60,0,"Raw Sphene"
94,False,"MIN",17,17,"RetainerTaskParameter#17",1,60,17400,0,72,0,60,0,"Raw Fluorite"
95,False,"MIN",17,17,"RetainerTaskParameter#17",1,60,17400,0,72,0,60,0,"Limestone"
96,False,"MIN",18,18,"RetainerTaskParameter#18",1,60,21900,0,72,0,62,0,"Raw Danburite"
97,False,"MIN",19,19,"RetainerTaskParameter#19",1,60,21900,0,72,0,63,0,"Sunrise Tellin"
98,False,"MIN",19,19,"RetainerTaskParameter#19",1,60,21900,0,72,0,63,0,"Alumen"
99,False,"MIN",20,20,"RetainerTaskParameter#20",1,60,24900,0,72,0,65,0,""
100,False,"MIN",20,20,"RetainerTaskParameter#20",1,60,24900,0,72,0,65,0,"Mudstone"
101,False,"MIN",21,21,"RetainerTaskParameter#21",1,60,24900,0,72,0,75,0,"Earth Rock"
102,False,"MIN",22,22,"RetainerTaskParameter#22",1,60,26100,0,72,0,78,0,"Silver Sand"
103,False,"MIN",23,23,"RetainerTaskParameter#23",1,60,26100,0,72,0,81,0,"Fire Rock"
104,False,"MIN",23,23,"RetainerTaskParameter#23",1,60,26100,0,72,0,81,0,"Ice Rock"
105,False,"MIN",24,24,"RetainerTaskParameter#24",1,60,27200,0,72,0,84,0,"Effervescent Water"
106,False,"MIN",24,24,"RetainerTaskParameter#24",1,60,27200,0,72,0,84,0,"Wind Rock"
107,False,"MIN",24,24,"RetainerTaskParameter#24",1,60,27200,0,72,0,84,0,"Lightning Rock"
108,False,"MIN",25,25,"RetainerTaskParameter#25",1,60,27200,0,72,0,87,0,"Silver Ore"
109,False,"MIN",25,25,"RetainerTaskParameter#25",1,60,27200,0,72,0,87,0,"Water Rock"
110,False,"MIN",26,26,"RetainerTaskParameter#26",1,60,32100,0,72,0,90,0,"Bomb Ash"
111,False,"MIN",26,26,"RetainerTaskParameter#0",1,60,32100,0,72,0,90,0,"Fire Crystal"
112,False,"MIN",26,26,"RetainerTaskParameter#0",1,60,32100,0,72,0,90,0,"Ice Crystal"
113,False,"MIN",26,26,"RetainerTaskParameter#0",1,60,32100,0,72,0,90,0,"Wind Crystal"
114,False,"MIN",26,26,"RetainerTaskParameter#0",1,60,32100,0,72,0,90,0,"Earth Crystal"
115,False,"MIN",26,26,"RetainerTaskParameter#0",1,60,32100,0,72,0,90,0,"Lightning Crystal"
116,False,"MIN",26,26,"RetainerTaskParameter#0",1,60,32100,0,72,0,90,0,"Water Crystal"
117,False,"MIN",27,27,"RetainerTaskParameter#27",1,60,32100,0,72,0,92,0,"Silex"
118,False,"MIN",28,28,"RetainerTaskParameter#28",1,60,34500,0,72,0,95,0,"Wyvern Obsidian"
119,False,"MIN",28,28,"RetainerTaskParameter#28",1,60,34500,0,72,0,95,0,"Blue Pigment"
120,False,"MIN",28,28,"RetainerTaskParameter#28",1,60,34500,0,72,0,95,0,"Red Pigment"
121,False,"MIN",28,28,"RetainerTaskParameter#28",1,60,34500,0,72,0,95,0,"Yellow Pigment"
122,False,"MIN",28,28,"RetainerTaskParameter#28",1,60,34500,0,72,0,95,0,"Grey Pigment"
123,False,"MIN",28,28,"RetainerTaskParameter#28",1,60,34500,0,72,0,95,0,"Brown Pigment"
124,False,"MIN",28,28,"RetainerTaskParameter#28",1,60,34500,0,72,0,95,0,"Green Pigment"
125,False,"MIN",28,28,"RetainerTaskParameter#28",1,60,34500,0,72,0,95,0,"Purple Pigment"
126,False,"MIN",29,29,"RetainerTaskParameter#29",1,60,34500,0,72,0,96,0,"Brimstone"
127,False,"MIN",30,30,"RetainerTaskParameter#30",1,60,35200,0,72,0,99,0,""
128,False,"MIN",30,30,"RetainerTaskParameter#30",1,60,35200,0,72,0,99,0,"Siltstone"
129,False,"MIN",30,30,"RetainerTaskParameter#30",1,60,35200,0,72,0,99,0,"Grade 1 La Noscean Topsoil"
130,False,"MIN",30,30,"RetainerTaskParameter#30",1,60,35200,0,72,0,99,0,"Grade 1 Shroud Topsoil"
131,False,"MIN",30,30,"RetainerTaskParameter#30",1,60,35200,0,72,0,99,0,"Grade 1 Thanalan Topsoil"
132,False,"MIN",31,31,"RetainerTaskParameter#31",1,60,35200,0,72,0,101,0,"Raw Garnet"
133,False,"MIN",31,31,"RetainerTaskParameter#31",1,60,35200,0,72,0,101,0,"Granite"
134,False,"MIN",32,32,"RetainerTaskParameter#32",1,60,38600,0,72,0,103,0,"Raw Heliodor"
135,False,"MIN",33,33,"RetainerTaskParameter#33",1,60,38600,0,72,0,105,0,"Raw Goshenite"
136,False,"MIN",33,33,"RetainerTaskParameter#33",1,60,38600,0,72,0,105,0,"Raw Peridot"
137,False,"MIN",33,33,"RetainerTaskParameter#33",1,60,38600,0,72,0,105,0,"Mythril Sand"
138,False,"MIN",34,34,"RetainerTaskParameter#34",1,60,40800,0,72,0,107,0,"Mythril Ore"
139,False,"MIN",34,34,"RetainerTaskParameter#34",1,60,40800,0,72,0,107,0,"Raw Amethyst"
140,False,"MIN",35,35,"RetainerTaskParameter#35",1,60,40800,0,72,0,109,0,"Raw Aquamarine"
141,False,"MIN",36,36,"RetainerTaskParameter#36",1,60,44800,0,72,0,112,0,"Raw Tourmaline"
142,False,"MIN",37,37,"RetainerTaskParameter#37",1,60,44800,0,72,0,113,0,"Raw Spinel"
143,False,"MIN",38,38,"RetainerTaskParameter#38",1,60,49000,0,72,0,116,0,"Raw Zircon"
144,False,"MIN",39,39,"RetainerTaskParameter#39",1,60,49000,0,72,0,118,0,"Jade"
145,False,"MIN",40,40,"RetainerTaskParameter#40",1,60,52600,0,72,0,120,0,"Black Alumen"
146,False,"MIN",40,40,"RetainerTaskParameter#40",1,60,52600,0,72,0,120,0,"Grenade Ash"
147,False,"MIN",40,46,"RetainerTaskParameter#40",1,60,52600,0,72,0,120,0,"Grade 2 La Noscean Topsoil"
148,False,"MIN",40,46,"RetainerTaskParameter#40",1,60,52600,0,72,0,120,0,"Grade 2 Shroud Topsoil"
149,False,"MIN",40,46,"RetainerTaskParameter#40",1,60,52600,0,72,0,120,0,"Grade 2 Thanalan Topsoil"
150,False,"MIN",41,41,"RetainerTaskParameter#41",1,60,52600,0,72,0,125,0,"Raw Turquoise"
151,False,"MIN",42,42,"RetainerTaskParameter#42",1,60,54200,0,72,0,127,0,"Electrum Sand"
152,False,"MIN",43,43,"RetainerTaskParameter#43",1,60,54200,0,72,0,129,0,"Electrum Ore"
153,False,"MIN",44,44,"RetainerTaskParameter#44",1,60,55700,0,72,0,131,0,"Raw Amber"
154,False,"MIN",45,45,"RetainerTaskParameter#45",1,60,55700,0,72,0,133,0,"Raw Rubellite"
155,False,"MIN",45,45,"RetainerTaskParameter#45",1,60,55700,0,72,0,133,0,"Marble"
156,False,"MIN",46,46,"RetainerTaskParameter#46",1,60,61900,0,72,0,140,0,"Basilisk Egg"
157,False,"MIN",47,47,"RetainerTaskParameter#47",1,60,61900,0,72,0,142,0,"Cobalt Ore"
158,False,"MIN",48,49,"RetainerTaskParameter#48",1,60,66400,0,72,0,144,0,"Adamantoise Shell"
159,False,"MIN",49,50,"RetainerTaskParameter#49",1,60,66400,0,72,0,147,0,"Ogre Horn"
160,False,"MIN",50,50,"RetainerTaskParameter#50",1,60,122000,0,72,0,149,0,""
161,False,"BTN",1,1,"RetainerTaskParameter#1",1,60,500,0,0,0,0,0,"Latex"
162,False,"BTN",1,1,"RetainerTaskParameter#0",1,60,500,0,0,0,0,0,"Fire Shard"
163,False,"BTN",1,1,"RetainerTaskParameter#0",1,60,500,0,0,0,0,0,"Ice Shard"
164,False,"BTN",1,1,"RetainerTaskParameter#0",1,60,500,0,0,0,0,0,"Wind Shard"
165,False,"BTN",1,1,"RetainerTaskParameter#0",1,60,500,0,0,0,0,0,"Earth Shard"
166,False,"BTN",1,1,"RetainerTaskParameter#0",1,60,500,0,0,0,0,0,"Lightning Shard"
167,False,"BTN",1,1,"RetainerTaskParameter#0",1,60,500,0,0,0,0,0,"Water Shard"
168,False,"BTN",2,2,"RetainerTaskParameter#2",1,60,800,0,0,0,0,0,"Allagan Snail"
169,False,"BTN",2,2,"RetainerTaskParameter#2",1,60,800,0,0,0,0,0,"Maple Sap"
170,False,"BTN",3,3,"RetainerTaskParameter#3",1,60,800,0,0,0,0,0,"Maple Log"
171,False,"BTN",4,4,"RetainerTaskParameter#4",1,60,1400,0,0,0,0,0,"Cinnamon"
172,False,"BTN",5,5,"RetainerTaskParameter#5",1,60,1400,0,0,0,0,0,"Beehive Chip"
173,False,"BTN",5,5,"RetainerTaskParameter#5",1,60,1400,0,0,0,0,0,"Maple Branch"
174,False,"BTN",6,6,"RetainerTaskParameter#6",1,60,3000,0,0,0,0,0,"Tinolqa Mistletoe"
175,False,"BTN",6,6,"RetainerTaskParameter#6",1,60,3000,0,0,0,0,0,"Cock Feather"
176,False,"BTN",7,7,"RetainerTaskParameter#7",1,60,3000,0,0,0,0,0,"La Noscean Orange"
177,False,"BTN",7,7,"RetainerTaskParameter#7",1,60,3000,0,0,0,0,0,"La Noscean Orange Seeds"
178,False,"BTN",8,8,"RetainerTaskParameter#8",1,60,5000,0,0,0,0,0,"Ash Log"
179,False,"BTN",9,9,"RetainerTaskParameter#9",1,60,5000,0,0,0,0,0,"Ash Branch"
180,False,"BTN",9,9,"RetainerTaskParameter#9",1,60,5000,0,0,0,0,0,"Kukuru Bean"
181,False,"BTN",10,10,"RetainerTaskParameter#10",1,60,7400,0,72,0,30,0,"Crow Feather"
182,False,"BTN",10,10,"RetainerTaskParameter#10",1,60,7400,0,72,0,30,0,"Cloves"
183,False,"BTN",11,11,"RetainerTaskParameter#11",1,60,7400,0,72,0,40,0,"Moko Grass"
184,False,"BTN",11,11,"RetainerTaskParameter#11",1,60,7400,0,72,0,40,0,"Yellow Ginseng"
185,False,"BTN",11,11,"RetainerTaskParameter#11",1,60,7400,0,72,0,40,0,"Chanterelle"
186,False,"BTN",11,11,"RetainerTaskParameter#11",1,60,7400,0,72,0,40,0,"Lowland Grapes"
187,False,"BTN",11,11,"RetainerTaskParameter#11",1,60,7400,0,72,0,40,0,"Rye"
188,False,"BTN",11,11,"RetainerTaskParameter#11",1,60,7400,0,72,0,40,0,"Sunset Wheat"
189,False,"BTN",11,11,"RetainerTaskParameter#11",1,60,7400,0,72,0,40,0,"Garlean Garlic"
190,False,"BTN",12,12,"RetainerTaskParameter#12",1,60,10200,0,72,0,41,0,"Elm Log"
191,False,"BTN",12,12,"RetainerTaskParameter#12",1,60,10200,0,72,0,41,0,"Wild Onion"
192,False,"BTN",12,12,"RetainerTaskParameter#12",1,60,10200,0,72,0,41,0,"Lavender"
193,False,"BTN",12,12,"RetainerTaskParameter#12",1,60,10200,0,72,0,41,0,"Straw"
194,False,"BTN",12,12,"RetainerTaskParameter#12",1,60,10200,0,72,0,41,0,"Grass Viper"
195,False,"BTN",13,13,"RetainerTaskParameter#13",1,60,10200,0,72,0,43,0,"Humus"
196,False,"BTN",13,13,"RetainerTaskParameter#13",1,60,10200,0,72,0,43,0,"Coerthan Carrot"
197,False,"BTN",13,13,"RetainerTaskParameter#13",1,60,10200,0,72,0,43,0,"Ogre Pumpkin"
198,False,"BTN",13,13,"RetainerTaskParameter#13",1,60,10200,0,72,0,43,0,"Carnation"
199,False,"BTN",13,13,"RetainerTaskParameter#13",1,60,10200,0,72,0,43,0,"La Noscean Lettuce"
200,False,"BTN",13,13,"RetainerTaskParameter#13",1,60,10200,0,72,0,43,0,"Cinderfoot Olive"
201,False,"BTN",14,14,"RetainerTaskParameter#14",1,60,13100,0,72,0,44,0,"Cotton Boll"
202,False,"BTN",14,14,"RetainerTaskParameter#14",1,60,13100,0,72,0,44,0,"Cieldalaes Spinach"
203,False,"BTN",14,14,"RetainerTaskParameter#14",1,60,13100,0,72,0,44,0,"Black Pepper"
204,False,"BTN",15,15,"RetainerTaskParameter#15",1,60,13100,0,72,0,45,0,"Ruby Tomato"
205,False,"BTN",15,15,"RetainerTaskParameter#15",1,60,13100,0,72,0,45,0,"Alpine Parsnip"
206,False,"BTN",15,15,"RetainerTaskParameter#15",1,60,13100,0,72,0,45,0,"Highland Parsley"
207,False,"BTN",15,15,"RetainerTaskParameter#15",1,60,13100,0,72,0,45,0,"Marjoram"
208,False,"BTN",16,16,"RetainerTaskParameter#16",1,60,17400,0,72,0,58,0,"Paprika"
209,False,"BTN",16,16,"RetainerTaskParameter#16",1,60,17400,0,72,0,58,0,"Faerie Apple"
210,False,"BTN",16,16,"RetainerTaskParameter#16",1,60,17400,0,72,0,58,0,"Galago Mint"
211,False,"BTN",16,16,"RetainerTaskParameter#16",1,60,17400,0,72,0,58,0,"Paprika Seeds"
212,False,"BTN",16,16,"RetainerTaskParameter#16",1,60,17400,0,72,0,58,0,"Faerie Apple Seeds"
213,False,"BTN",17,17,"RetainerTaskParameter#17",1,60,17400,0,72,0,60,0,"Sun Lemon"
214,False,"BTN",17,17,"RetainerTaskParameter#17",1,60,17400,0,72,0,60,0,"Lalafellin Lentil"
215,False,"BTN",17,17,"RetainerTaskParameter#17",1,60,17400,0,72,0,60,0,"Sun Lemon Seeds"
216,False,"BTN",18,18,"RetainerTaskParameter#18",1,60,21900,0,72,0,62,0,"Belladonna"
217,False,"BTN",18,18,"RetainerTaskParameter#18",1,60,21900,0,72,0,62,0,"Nopales"
218,False,"BTN",18,18,"RetainerTaskParameter#18",1,60,21900,0,72,0,62,0,"Popoto"
219,False,"BTN",18,18,"RetainerTaskParameter#18",1,60,21900,0,72,0,62,0,"Popoto Set"
220,False,"BTN",19,19,"RetainerTaskParameter#19",1,60,21900,0,72,0,63,0,"Yew Log"
221,False,"BTN",19,19,"RetainerTaskParameter#19",1,60,21900,0,72,0,63,0,"Gil Bun"
222,False,"BTN",20,20,"RetainerTaskParameter#20",1,60,24900,0,72,0,65,0,"Yew Branch"
223,False,"BTN",20,20,"RetainerTaskParameter#20",1,60,24900,0,72,0,65,0,"Island Seedling"
224,False,"BTN",20,20,"RetainerTaskParameter#20",1,60,24900,0,72,0,65,0,"Shroud Seedling"
225,False,"BTN",20,20,"RetainerTaskParameter#20",1,60,24900,0,72,0,65,0,"Desert Seedling"
226,False,"BTN",20,20,"RetainerTaskParameter#20",1,60,24900,0,72,0,65,0,"White Scorpion"
227,False,"BTN",20,20,"RetainerTaskParameter#20",1,60,24900,0,72,0,65,0,""
228,False,"BTN",21,21,"RetainerTaskParameter#21",1,60,24900,0,72,0,75,0,"Pixie Plums"
229,False,"BTN",21,21,"RetainerTaskParameter#21",1,60,24900,0,72,0,75,0,"Gridanian Walnut"
230,False,"BTN",21,21,"RetainerTaskParameter#21",1,60,24900,0,72,0,75,0,"Pixie Plum Seeds"
231,False,"BTN",22,22,"RetainerTaskParameter#22",1,60,26100,0,72,0,78,0,"Button Mushroom"
232,False,"BTN",22,22,"RetainerTaskParameter#22",1,60,26100,0,72,0,78,0,"Noble Grapes"
233,False,"BTN",23,23,"RetainerTaskParameter#23",1,60,26100,0,72,0,81,0,"Matron's Mistletoe"
234,False,"BTN",23,23,"RetainerTaskParameter#23",1,60,26100,0,72,0,81,0,"Ala Mhigan Mustard"
235,False,"BTN",23,23,"RetainerTaskParameter#23",1,60,26100,0,72,0,81,0,"Ala Mhigan Mustard Seeds"
236,False,"BTN",24,24,"RetainerTaskParameter#24",1,60,27200,0,72,0,84,0,"Walnut Log"
237,False,"BTN",24,24,"RetainerTaskParameter#24",1,60,27200,0,72,0,84,0,"Chamomile"
238,False,"BTN",24,24,"RetainerTaskParameter#24",1,60,27200,0,72,0,84,0,"Pearl Ginger"
239,False,"BTN",24,24,"RetainerTaskParameter#24",1,60,27200,0,72,0,84,0,"Pearl Ginger Root"
240,False,"BTN",24,24,"RetainerTaskParameter#24",1,60,27200,0,72,0,84,0,"Chamomile Seeds"
241,False,"BTN",25,25,"RetainerTaskParameter#25",1,60,27200,0,72,0,87,0,"Sticky Rice"
242,False,"BTN",25,25,"RetainerTaskParameter#25",1,60,27200,0,72,0,87,0,"Millioncorn"
243,False,"BTN",25,25,"RetainerTaskParameter#25",1,60,27200,0,72,0,87,0,"Millioncorn Seeds"
244,False,"BTN",26,26,"RetainerTaskParameter#26",1,60,32100,0,72,0,90,0,"Jade Peas"
245,False,"BTN",26,26,"RetainerTaskParameter#0",1,60,32100,0,72,0,90,0,"Fire Crystal"
246,False,"BTN",26,26,"RetainerTaskParameter#0",1,60,32100,0,72,0,90,0,"Ice Crystal"
247,False,"BTN",26,26,"RetainerTaskParameter#0",1,60,32100,0,72,0,90,0,"Wind Crystal"
248,False,"BTN",26,26,"RetainerTaskParameter#0",1,60,32100,0,72,0,90,0,"Earth Crystal"
249,False,"BTN",26,26,"RetainerTaskParameter#0",1,60,32100,0,72,0,90,0,"Lightning Crystal"
250,False,"BTN",26,26,"RetainerTaskParameter#0",1,60,32100,0,72,0,90,0,"Water Crystal"
251,False,"BTN",27,27,"RetainerTaskParameter#27",1,60,32100,0,72,0,92,0,"Wizard Eggplant"
252,False,"BTN",27,27,"RetainerTaskParameter#27",1,60,32100,0,72,0,92,0,"Wizard Eggplant Seeds"
253,False,"BTN",28,28,"RetainerTaskParameter#28",1,60,34500,0,72,0,95,0,"Midland Cabbage"
254,False,"BTN",28,28,"RetainerTaskParameter#28",1,60,34500,0,72,0,95,0,"Midland Cabbage Seeds"
255,False,"BTN",28,28,"RetainerTaskParameter#28",1,60,34500,0,72,0,95,0,"Blue Pigment"
256,False,"BTN",28,28,"RetainerTaskParameter#28",1,60,34500,0,72,0,95,0,"Red Pigment"
257,False,"BTN",28,28,"RetainerTaskParameter#28",1,60,34500,0,72,0,95,0,"Yellow Pigment"
258,False,"BTN",28,28,"RetainerTaskParameter#28",1,60,34500,0,72,0,95,0,"Grey Pigment"
259,False,"BTN",28,28,"RetainerTaskParameter#28",1,60,34500,0,72,0,95,0,"Brown Pigment"
260,False,"BTN",28,28,"RetainerTaskParameter#28",1,60,34500,0,72,0,95,0,"Green Pigment"
261,False,"BTN",28,28,"RetainerTaskParameter#28",1,60,34500,0,72,0,95,0,"Purple Pigment"
262,False,"BTN",29,29,"RetainerTaskParameter#29",1,60,34500,0,72,0,96,0,"Chocobo Feather"
263,False,"BTN",30,30,"RetainerTaskParameter#30",1,60,35200,0,72,0,99,0,"Alligator Pear"
264,False,"BTN",30,30,"RetainerTaskParameter#30",1,60,35200,0,72,0,99,0,"Moor Leech"
265,False,"BTN",30,30,"RetainerTaskParameter#30",1,60,35200,0,72,0,99,0,""
266,False,"BTN",31,31,"RetainerTaskParameter#31",1,60,35200,0,72,0,101,0,"Flax"
267,False,"BTN",31,31,"RetainerTaskParameter#31",1,60,35200,0,72,0,101,0,"Oak Branch"
268,False,"BTN",31,31,"RetainerTaskParameter#31",1,60,35200,0,72,0,101,0,"Linseed"
269,False,"BTN",32,32,"RetainerTaskParameter#32",1,60,38600,0,72,0,103,0,"Oak Log"
270,False,"BTN",32,32,"RetainerTaskParameter#32",1,60,38600,0,72,0,103,0,"Aloe"
271,False,"BTN",32,32,"RetainerTaskParameter#32",1,60,38600,0,72,0,103,0,"Midland Basil"
272,False,"BTN",32,32,"RetainerTaskParameter#32",1,60,38600,0,72,0,103,0,"Midland Basil Seeds"
273,False,"BTN",33,33,"RetainerTaskParameter#33",1,60,38600,0,72,0,105,0,"Mandrake"
274,False,"BTN",33,33,"RetainerTaskParameter#33",1,60,38600,0,72,0,105,0,"Bloodgrass"
275,False,"BTN",33,33,"RetainerTaskParameter#33",1,60,38600,0,72,0,105,0,"White Truffle"
276,False,"BTN",33,33,"RetainerTaskParameter#33",1,60,38600,0,72,0,105,0,"Mandrake Seeds"
277,False,"BTN",34,34,"RetainerTaskParameter#34",1,60,40800,0,72,0,107,0,"Salt Leek"
278,False,"BTN",34,34,"RetainerTaskParameter#34",1,60,40800,0,72,0,107,0,"Wildfowl Feather"
279,False,"BTN",34,34,"RetainerTaskParameter#34",1,60,40800,0,72,0,107,0,"Laurel"
280,False,"BTN",35,35,"RetainerTaskParameter#35",1,60,40800,0,72,0,109,0,"Tarantula"
281,False,"BTN",35,35,"RetainerTaskParameter#35",1,60,40800,0,72,0,109,0,"Dragon Pepper"
282,False,"BTN",35,35,"RetainerTaskParameter#35",1,60,40800,0,72,0,109,0,"Desert Saffron"
283,False,"BTN",36,36,"RetainerTaskParameter#36",1,60,44800,0,72,0,112,0,"Blood Currants"
284,False,"BTN",36,36,"RetainerTaskParameter#36",1,60,44800,0,72,0,112,0,"Iron Acorn"
285,False,"BTN",36,36,"RetainerTaskParameter#36",1,60,44800,0,72,0,112,0,"Blood Currant Seeds"
286,False,"BTN",37,37,"RetainerTaskParameter#37",1,60,44800,0,72,0,113,0,"Mahogany Log"
287,False,"BTN",37,37,"RetainerTaskParameter#37",1,60,44800,0,72,0,113,0,"Mugwort"
288,False,"BTN",38,38,"RetainerTaskParameter#38",1,60,49000,0,72,0,116,0,"Maiden Artichoke"
289,False,"BTN",39,39,"RetainerTaskParameter#39",1,60,49000,0,72,0,118,0,"Ramhorn Zucchini"
290,False,"BTN",39,39,"RetainerTaskParameter#39",1,60,49000,0,72,0,118,0,"Thyme"
291,False,"BTN",39,39,"RetainerTaskParameter#39",1,60,49000,0,72,0,118,0,"Nutmeg"
292,False,"BTN",40,40,"RetainerTaskParameter#40",1,60,52600,0,72,0,120,0,"Almonds"
293,False,"BTN",40,40,"RetainerTaskParameter#40",1,60,52600,0,72,0,120,0,"Almond Seeds"
294,False,"BTN",41,41,"RetainerTaskParameter#41",1,60,52600,0,72,0,125,0,"Sagolii Sage"
295,False,"BTN",42,42,"RetainerTaskParameter#42",1,60,54200,0,72,0,127,0,"Mirror Apple"
296,False,"BTN",42,42,"RetainerTaskParameter#42",1,60,54200,0,72,0,127,0,"Black Scorpion"
297,False,"BTN",42,42,"RetainerTaskParameter#42",1,60,54200,0,72,0,127,0,"Mirror Apple Seeds"
298,False,"BTN",43,43,"RetainerTaskParameter#43",1,60,54200,0,72,0,129,0,"Rolanberry"
299,False,"BTN",43,43,"RetainerTaskParameter#43",1,60,54200,0,72,0,129,0,"Rolanberry Seeds"
300,False,"BTN",44,44,"RetainerTaskParameter#44",1,60,55700,0,72,0,131,0,"Mistletoe"
301,False,"BTN",45,45,"RetainerTaskParameter#45",1,60,55700,0,72,0,133,0,"Dart Frog"
302,False,"BTN",46,46,"RetainerTaskParameter#46",1,60,61900,0,72,0,140,0,"Rosewood Log"
303,False,"BTN",47,47,"RetainerTaskParameter#47",1,60,61900,0,72,0,142,0,"Rosewood Branch"
304,False,"BTN",48,48,"RetainerTaskParameter#48",1,60,66400,0,72,0,144,0,"Thanalan Tea Leaves"
305,False,"BTN",49,49,"RetainerTaskParameter#49",1,60,66400,0,72,0,147,0,"Lava Toad"
306,False,"BTN",49,50,"RetainerTaskParameter#49",1,60,66400,0,72,0,147,0,"Maiden Grass"
307,False,"BTN",50,50,"RetainerTaskParameter#50",1,60,122000,0,72,0,149,0,""
308,False,"FSH",1,0,"RetainerTaskParameter#1",1,60,500,0,0,0,0,0,"Crayfish"
309,False,"FSH",4,0,"RetainerTaskParameter#4",1,60,1400,0,0,0,0,0,"Finger Shrimp"
310,False,"FSH",5,0,"RetainerTaskParameter#5",1,60,1400,0,0,0,0,0,"White Coral"
311,False,"FSH",5,0,"RetainerTaskParameter#5",1,60,1400,0,0,0,0,0,"Princess Trout"
312,False,"FSH",6,0,"RetainerTaskParameter#6",1,60,3000,0,0,0,0,0,"Dusk Goby"
313,False,"FSH",7,0,"RetainerTaskParameter#7",1,60,3000,0,0,0,0,0,"Pipira"
314,False,"FSH",8,0,"RetainerTaskParameter#8",1,60,5000,0,0,0,0,0,"Crimson Crayfish"
315,False,"FSH",9,0,"RetainerTaskParameter#9",1,60,5000,0,0,0,0,0,"Coral Butterfly"
316,False,"FSH",10,0,"RetainerTaskParameter#10",1,60,7400,0,72,0,21,0,"Brass Loach"
317,False,"FSH",11,0,"RetainerTaskParameter#11",1,60,7400,0,72,0,24,0,"Maiden Carp"
318,False,"FSH",14,0,"RetainerTaskParameter#14",1,60,13100,0,72,0,31,0,"Tiger Cod"
319,False,"FSH",16,0,"RetainerTaskParameter#16",1,60,17400,0,72,0,35,0,"Helmet Crab"
320,False,"FSH",17,0,"RetainerTaskParameter#17",1,60,17400,0,72,0,38,0,"Rothlyt Oyster"
321,False,"FSH",18,0,"RetainerTaskParameter#18",1,60,21900,0,72,0,40,0,"Navigator's Dagger"
322,False,"FSH",19,0,"RetainerTaskParameter#19",1,60,21900,0,72,0,43,0,"Bluebell Salmon"
323,False,"FSH",20,0,"RetainerTaskParameter#20",1,60,24900,0,72,0,45,0,"Razor Clam"
324,False,"FSH",21,0,"RetainerTaskParameter#21",1,60,24900,0,72,0,56,0,"Blowfish"
325,False,"FSH",23,0,"RetainerTaskParameter#23",1,60,26100,0,72,0,55,0,"Warmwater Trout"
326,False,"FSH",24,0,"RetainerTaskParameter#24",1,60,27200,0,72,0,56,0,"Black Eel"
327,False,"FSH",25,0,"RetainerTaskParameter#25",1,60,27200,0,72,0,57,0,"Dark Bass"
328,False,"FSH",26,0,"RetainerTaskParameter#26",1,60,32100,0,72,0,59,0,"Blue Coral"
329,False,"FSH",27,0,"RetainerTaskParameter#27",1,60,32100,0,72,0,60,0,"Bianaq Bream"
330,False,"FSH",28,0,"RetainerTaskParameter#28",1,60,34500,0,72,0,62,0,"Black Sole"
331,False,"FSH",29,0,"RetainerTaskParameter#29",1,60,34500,0,72,0,63,0,"Hammerhead Shark"
332,False,"FSH",31,0,"RetainerTaskParameter#31",1,60,35200,0,72,0,71,0,"Indigo Herring"
333,False,"FSH",32,0,"RetainerTaskParameter#32",1,60,38600,0,72,0,72,0,"Ash Tuna"
334,False,"FSH",34,0,"RetainerTaskParameter#34",1,60,40800,0,72,0,75,0,"Fullmoon Sardine"
335,False,"FSH",36,0,"RetainerTaskParameter#36",1,60,44800,0,72,0,85,0,"Whitelip Oyster"
336,False,"FSH",38,0,"RetainerTaskParameter#38",1,60,49000,0,72,0,89,0,"Velodyna Carp"
337,False,"FSH",40,0,"RetainerTaskParameter#40",1,60,52600,0,72,0,92,0,"Red Coral"
338,False,"FSH",41,0,"RetainerTaskParameter#41",1,60,52600,0,72,0,97,0,"Silver Shark"
339,False,"FSH",43,0,"RetainerTaskParameter#43",1,60,54200,0,72,0,100,0,"Raincaller"
340,False,"FSH",44,0,"RetainerTaskParameter#44",1,60,55700,0,72,0,102,0,"Blacklip Oyster"
341,False,"FSH",46,0,"RetainerTaskParameter#46",1,60,61900,0,72,0,105,0,"Northern Pike"
342,False,"FSH",48,0,"RetainerTaskParameter#48",1,60,66400,0,72,0,109,0,"Cloud Cutter"
343,True,"Disciples of War or Magic",1,0,"RetainerTaskParameter#1",2,1080,4900,0,0,0,0,0,"Field Exploration I"
344,True,"Disciples of War or Magic",5,0,"RetainerTaskParameter#1",2,1080,19900,0,0,0,0,0,"Field Exploration II"
345,True,"Disciples of War or Magic",10,0,"RetainerTaskParameter#1",2,1080,45200,0,0,0,0,0,"Field Exploration III"
346,True,"Disciples of War or Magic",15,0,"RetainerTaskParameter#1",2,1080,87600,0,0,0,0,0,"Field Exploration IV"
347,True,"Disciples of War or Magic",20,0,"RetainerTaskParameter#1",2,1080,106600,0,0,0,0,0,"Field Exploration V"
348,True,"Disciples of War or Magic",25,0,"RetainerTaskParameter#1",2,1080,138100,5,0,0,0,0,"Field Exploration VI"
349,True,"Disciples of War or Magic",30,0,"RetainerTaskParameter#1",2,1080,158300,20,0,0,0,0,"Field Exploration VII"
350,True,"Disciples of War or Magic",35,0,"RetainerTaskParameter#1",2,1080,195900,25,0,0,0,0,"Field Exploration VIII"
351,True,"Disciples of War or Magic",40,0,"RetainerTaskParameter#1",2,1080,220000,30,0,0,0,0,"Field Exploration IX"
352,True,"Disciples of War or Magic",45,0,"RetainerTaskParameter#1",2,1080,265600,35,0,0,0,0,"Field Exploration X"
353,True,"Disciples of War or Magic",50,0,"RetainerTaskParameter#1",2,1080,421000,40,0,0,0,0,"Field Exploration XI"
354,True,"Disciples of War or Magic",50,0,"RetainerTaskParameter#1",2,1080,421000,50,0,0,0,0,"Field Exploration XII"
355,True,"Disciples of War or Magic",50,0,"RetainerTaskParameter#1",2,1080,421000,60,0,0,0,0,"Field Exploration XIII"
356,True,"MIN",1,0,"RetainerTaskParameter#1",2,1080,4900,0,0,0,0,0,"Highland Exploration I"
357,True,"MIN",5,0,"RetainerTaskParameter#1",2,1080,19900,0,0,0,0,0,"Highland Exploration II"
358,True,"MIN",10,0,"RetainerTaskParameter#1",2,1080,45200,0,72,0,30,0,"Highland Exploration III"
359,True,"MIN",15,0,"RetainerTaskParameter#1",2,1080,87600,0,72,0,45,0,"Highland Exploration IV"
360,True,"MIN",20,0,"RetainerTaskParameter#1",2,1080,106600,0,72,0,65,0,"Highland Exploration V"
361,True,"MIN",25,0,"RetainerTaskParameter#1",2,1080,138100,0,72,0,87,0,"Highland Exploration VI"
362,True,"MIN",30,0,"RetainerTaskParameter#1",2,1080,158300,0,72,0,99,0,"Highland Exploration VII"
363,True,"MIN",35,0,"RetainerTaskParameter#1",2,1080,195900,0,72,0,109,0,"Highland Exploration VIII"
364,True,"MIN",40,0,"RetainerTaskParameter#1",2,1080,220000,0,72,0,120,0,"Highland Exploration IX"
365,True,"MIN",45,0,"RetainerTaskParameter#1",2,1080,265600,0,72,0,133,0,"Highland Exploration X"
366,True,"MIN",50,0,"RetainerTaskParameter#1",2,1080,421000,0,72,0,230,0,"Highland Exploration XI"
367,True,"MIN",50,0,"RetainerTaskParameter#1",2,1080,421000,0,72,0,238,0,"Highland Exploration XII"
368,True,"MIN",50,0,"RetainerTaskParameter#1",2,1080,421000,0,72,0,285,0,"Highland Exploration XIII"
369,True,"BTN",1,0,"RetainerTaskParameter#1",2,1080,4900,0,0,0,0,0,"Woodland Exploration I"
370,True,"BTN",5,0,"RetainerTaskParameter#1",2,1080,19900,0,0,0,0,0,"Woodland Exploration II"
371,True,"BTN",10,0,"RetainerTaskParameter#1",2,1080,45200,0,72,0,30,0,"Woodland Exploration III"
372,True,"BTN",15,0,"RetainerTaskParameter#1",2,1080,87600,0,72,0,45,0,"Woodland Exploration IV"
373,True,"BTN",20,0,"RetainerTaskParameter#1",2,1080,106600,0,72,0,65,0,"Woodland Exploration V"
374,True,"BTN",25,0,"RetainerTaskParameter#1",2,1080,138100,0,72,0,87,0,"Woodland Exploration VI"
375,True,"BTN",30,0,"RetainerTaskParameter#1",2,1080,158300,0,72,0,99,0,"Woodland Exploration VII"
376,True,"BTN",35,0,"RetainerTaskParameter#1",2,1080,195900,0,72,0,109,0,"Woodland Exploration VIII"
377,True,"BTN",40,0,"RetainerTaskParameter#1",2,1080,220000,0,72,0,120,0,"Woodland Exploration IX"
378,True,"BTN",45,0,"RetainerTaskParameter#1",2,1080,265600,0,72,0,133,0,"Woodland Exploration X"
379,True,"BTN",50,0,"RetainerTaskParameter#1",2,1080,421000,0,72,0,230,0,"Woodland Exploration XI"
380,True,"BTN",50,0,"RetainerTaskParameter#1",2,1080,421000,0,72,0,238,0,"Woodland Exploration XII"
381,True,"BTN",50,0,"RetainerTaskParameter#1",2,1080,421000,0,72,0,285,0,"Woodland Exploration XIII"
382,True,"FSH",1,0,"RetainerTaskParameter#1",2,1080,4900,0,0,0,0,0,"Waterside Exploration I"
383,True,"FSH",5,0,"RetainerTaskParameter#1",2,1080,19900,0,0,0,0,0,"Waterside Exploration II"
384,True,"FSH",10,0,"RetainerTaskParameter#1",2,1080,45200,0,72,0,21,0,"Waterside Exploration III"
385,True,"FSH",15,0,"RetainerTaskParameter#1",2,1080,87600,0,72,0,33,0,"Waterside Exploration IV"
386,True,"FSH",20,0,"RetainerTaskParameter#1",2,1080,106600,0,72,0,45,0,"Waterside Exploration V"
387,True,"FSH",25,0,"RetainerTaskParameter#1",2,1080,138100,0,72,0,57,0,"Waterside Exploration VI"
388,True,"FSH",30,0,"RetainerTaskParameter#1",2,1080,158300,0,72,0,64,0,"Waterside Exploration VII"
389,True,"FSH",35,0,"RetainerTaskParameter#1",2,1080,195900,0,72,0,77,0,"Waterside Exploration VIII"
390,True,"FSH",40,0,"RetainerTaskParameter#1",2,1080,220000,0,72,0,92,0,"Waterside Exploration IX"
391,True,"FSH",45,0,"RetainerTaskParameter#1",2,1080,265600,0,72,0,104,0,"Waterside Exploration X"
392,True,"FSH",50,0,"RetainerTaskParameter#1",2,1080,421000,0,72,0,180,0,"Waterside Exploration XI"
393,True,"FSH",50,0,"RetainerTaskParameter#1",2,1080,421000,0,72,0,184,0,"Waterside Exploration XII"
394,True,"FSH",50,0,"RetainerTaskParameter#1",2,1080,421000,0,72,0,186,0,"Waterside Exploration XIII"
395,True,"",0,0,"RetainerTaskParameter#1",2,60,-1,0,0,0,0,0,"Quick Exploration"
396,True,"Disciples of War or Magic",50,0,"RetainerTaskParameter#1",2,1080,421000,70,0,0,0,0,"Field Exploration XIV"
397,True,"MIN",50,0,"RetainerTaskParameter#1",2,1080,421000,0,72,0,286,0,"Highland Exploration XIV"
398,True,"BTN",50,0,"RetainerTaskParameter#1",2,1080,421000,0,72,0,286,0,"Woodland Exploration XIV"
399,True,"FSH",50,0,"RetainerTaskParameter#1",2,1080,421000,0,72,0,200,0,"Waterside Exploration XIV"
400,True,"Disciples of War or Magic",50,0,"RetainerTaskParameter#1",2,1080,421000,80,0,0,0,0,"Field Exploration XV"
401,True,"MIN",50,0,"RetainerTaskParameter#1",2,1080,421000,0,72,0,292,0,"Highland Exploration XV"
402,True,"BTN",50,0,"RetainerTaskParameter#1",2,1080,421000,0,72,0,292,0,"Woodland Exploration XV"
403,True,"FSH",50,0,"RetainerTaskParameter#1",2,1080,421000,0,72,0,207,0,"Waterside Exploration XV"
404,True,"Disciples of War or Magic",50,0,"RetainerTaskParameter#1",2,1080,421000,90,0,0,0,0,"Field Exploration XVI"
405,True,"MIN",50,0,"RetainerTaskParameter#1",2,1080,421000,0,72,0,294,0,"Highland Exploration XVI"
406,True,"BTN",50,0,"RetainerTaskParameter#1",2,1080,421000,0,72,0,294,0,"Woodland Exploration XVI"
407,True,"FSH",50,0,"RetainerTaskParameter#1",2,1080,421000,0,72,0,216,0,"Waterside Exploration XVI"
408,True,"Disciples of War or Magic",51,0,"RetainerTaskParameter#1",2,1080,680900,100,0,0,0,0,"Field Exploration XVII"
409,True,"MIN",51,0,"RetainerTaskParameter#1",2,1080,680900,0,72,0,311,0,"Highland Exploration XVII"
410,True,"BTN",51,0,"RetainerTaskParameter#1",2,1080,680900,0,72,0,311,0,"Woodland Exploration XVII"
411,True,"FSH",51,0,"RetainerTaskParameter#1",2,1080,680900,0,72,0,228,0,"Waterside Exploration XVII"
412,True,"Disciples of War or Magic",55,0,"RetainerTaskParameter#1",2,1080,988600,116,0,0,0,0,"Field Exploration XVIII"
413,True,"MIN",55,0,"RetainerTaskParameter#1",2,1080,988600,0,72,0,388,0,"Highland Exploration XVIII"
414,True,"BTN",55,0,"RetainerTaskParameter#1",2,1080,988600,0,72,0,388,0,"Woodland Exploration XVIII"
415,True,"FSH",55,0,"RetainerTaskParameter#1",2,1080,988600,0,72,0,312,0,"Waterside Exploration XVIII"
416,False,"Disciples of War or Magic",51,0,"RetainerTaskParameter#120",1,60,122000,100,0,0,0,0,"Gastornis Egg"
417,False,"Disciples of War or Magic",51,0,"RetainerTaskParameter#120",1,60,122000,100,0,0,0,0,"Yak Milk"
418,False,"Disciples of War or Magic",51,0,"RetainerTaskParameter#120",1,60,122000,100,0,0,0,0,"Archaeornis Skin"
419,False,"Disciples of War or Magic",51,0,"RetainerTaskParameter#120",1,60,122000,100,0,0,0,0,"Gelato Flesh"
420,False,"Disciples of War or Magic",51,0,"RetainerTaskParameter#120",1,60,122000,100,0,0,0,0,"Icetrap Leaf"
421,False,"Disciples of War or Magic",52,0,"RetainerTaskParameter#125",1,60,154200,105,0,0,0,0,"Loaghtan Chump"
422,False,"Disciples of War or Magic",52,0,"RetainerTaskParameter#125",1,60,154200,105,0,0,0,0,"Yeti Fang"
423,False,"Disciples of War or Magic",52,0,"RetainerTaskParameter#125",1,60,154200,105,0,0,0,0,"Bear Fat"
424,False,"Disciples of War or Magic",52,0,"RetainerTaskParameter#125",1,60,154200,105,0,0,0,0,"Deepeye Tears"
425,False,"Disciples of War or Magic",53,0,"RetainerTaskParameter#130",1,60,154200,110,0,0,0,0,"Wyvern Skin"
426,False,"Disciples of War or Magic",53,0,"RetainerTaskParameter#130",1,60,154200,110,0,0,0,0,"Wyvern Wing"
427,False,"Disciples of War or Magic",55,0,"RetainerTaskParameter#136",1,60,186000,116,0,0,0,0,"Dhalmel Meat"
428,False,"Disciples of War or Magic",55,0,"RetainerTaskParameter#136",1,60,186000,116,0,0,0,0,"Dhalmel Hide"
429,False,"Disciples of War or Magic",56,0,"RetainerTaskParameter#139",1,60,216800,119,0,0,0,0,"Drake Scales"
430,False,"Disciples of War or Magic",54,0,"RetainerTaskParameter#133",1,60,186000,113,0,0,0,0,"Biast Scales"
431,False,"Disciples of War or Magic",56,0,"RetainerTaskParameter#139",1,60,216800,119,0,0,0,0,"Dhalmel Saliva"
432,False,"Disciples of War or Magic",57,0,"RetainerTaskParameter#142",1,60,216800,122,0,0,0,0,"Okeanis Egg"
433,False,"Disciples of War or Magic",57,0,"RetainerTaskParameter#142",1,60,216800,122,0,0,0,0,"Dragon Skin"
434,False,"Disciples of War or Magic",57,0,"RetainerTaskParameter#142",1,60,216800,122,0,0,0,0,"Dragon Fang"
435,False,"Disciples of War or Magic",58,0,"RetainerTaskParameter#145",1,60,247100,125,0,0,0,0,"Okeanis Tail"
436,False,"Disciples of War or Magic",58,0,"RetainerTaskParameter#145",1,60,247100,125,0,0,0,0,"Cockatrice Thigh"
437,False,"Disciples of War or Magic",58,0,"RetainerTaskParameter#145",1,60,247100,125,0,0,0,0,"Crawler Cocoon"
438,False,"Disciples of War or Magic",58,0,"RetainerTaskParameter#145",1,60,247100,125,0,0,0,0,"Dragon Scale"
439,False,"Disciples of War or Magic",58,0,"RetainerTaskParameter#145",1,60,247100,125,0,0,0,0,"Dragon Blood"
440,False,"Disciples of War or Magic",59,0,"RetainerTaskParameter#148",1,60,247100,128,0,0,0,0,"Amphiptere Skin"
441,False,"Disciples of War or Magic",59,0,"RetainerTaskParameter#148",1,60,247100,128,0,0,0,0,"Griffin Hide"
442,False,"Disciples of War or Magic",59,0,"RetainerTaskParameter#148",1,60,247100,128,0,0,0,0,"Griffin Talon"
443,False,"Disciples of War or Magic",60,0,"RetainerTaskParameter#150",1,60,251000,130,0,0,0,0,"Chimera Mane"
444,False,"MIN",51,80,"RetainerTaskParameter#120",1,60,122000,0,72,0,311,0,"Dragon Obsidian"
445,False,"MIN",51,120,"RetainerTaskParameter#120",1,60,122000,0,72,0,311,0,"Mythrite Sand"
446,False,"MIN",51,120,"RetainerTaskParameter#120",1,60,122000,0,72,0,311,0,"Raw Agate"
447,False,"MIN",52,125,"RetainerTaskParameter#125",1,60,154200,0,72,0,314,0,"Raw Tiger's Eye"
448,False,"MIN",53,130,"RetainerTaskParameter#130",1,60,154200,0,72,0,362,0,"Raw Larimar"
449,False,"MIN",54,133,"RetainerTaskParameter#133",1,60,186000,0,72,0,363,0,"Dravanian Spring Water"
450,False,"MIN",54,133,"RetainerTaskParameter#133",1,60,186000,0,72,0,363,0,"Raw Mormorion"
451,False,"MIN",55,136,"RetainerTaskParameter#136",1,60,186000,0,72,0,388,0,"Raw Star Sapphire"
452,False,"MIN",55,136,"RetainerTaskParameter#136",1,60,186000,0,72,0,388,0,"Raw Star Ruby"
453,False,"MIN",56,139,"RetainerTaskParameter#139",1,60,216800,0,72,0,389,0,"Hardsilver Sand"
454,False,"MIN",57,142,"RetainerTaskParameter#142",1,60,216800,0,72,0,392,0,"Raw Opal"
455,False,"MIN",57,142,"RetainerTaskParameter#142",1,60,216800,0,72,0,392,0,"Abalathian Spring Water"
456,False,"MIN",58,145,"RetainerTaskParameter#145",1,60,247100,0,72,0,396,0,"Cloud Mica"
457,False,"MIN",58,145,"RetainerTaskParameter#145",1,60,247100,0,72,0,396,0,"Raw Carnelian"
458,False,"MIN",59,148,"RetainerTaskParameter#148",1,60,247100,0,72,0,401,0,"Raw Citrine"
459,False,"MIN",59,148,"RetainerTaskParameter#148",1,60,247100,0,72,0,401,0,"Aurum Regis Sand"
460,False,"MIN",60,150,"RetainerTaskParameter#150",1,60,251000,0,72,0,405,0,"Raw Chrysolite"
461,False,"MIN",60,150,"RetainerTaskParameter#150",1,60,251000,0,72,0,405,0,"Wyrm Obsidian"
462,False,"BTN",51,80,"RetainerTaskParameter#120",1,60,122000,0,72,0,311,0,"Cedar Branch"
463,False,"BTN",51,80,"RetainerTaskParameter#120",1,60,122000,0,72,0,311,0,"Cedar Log"
464,False,"BTN",51,120,"RetainerTaskParameter#120",1,60,122000,0,72,0,311,0,"Rainbow Cotton Boll"
465,False,"BTN",52,125,"RetainerTaskParameter#125",1,60,154200,0,72,0,314,0,"Mist Dill"
466,False,"BTN",53,130,"RetainerTaskParameter#130",1,60,154200,0,72,0,362,0,"Highland Wheat"
467,False,"BTN",54,133,"RetainerTaskParameter#133",1,60,186000,0,72,0,363,0,"Stalk of Ramie"
468,False,"BTN",54,133,"RetainerTaskParameter#133",1,60,186000,0,72,0,363,0,"Dark Chestnut Log"
469,False,"BTN",55,136,"RetainerTaskParameter#136",1,60,186000,0,72,0,388,0,"Dark Chestnut Branch"
470,False,"BTN",55,136,"RetainerTaskParameter#136",1,60,186000,0,72,0,388,0,"Magma Beet"
471,False,"BTN",56,139,"RetainerTaskParameter#139",1,60,216800,0,72,0,389,0,"Coneflower"
472,False,"BTN",57,142,"RetainerTaskParameter#142",1,60,216800,0,72,0,392,0,"Sesame Seeds"
473,False,"BTN",57,142,"RetainerTaskParameter#142",1,60,216800,0,72,0,392,0,"Cow Bitter"
474,False,"BTN",58,145,"RetainerTaskParameter#145",1,60,247100,0,72,0,396,0,"Birch Branch"
475,False,"BTN",58,145,"RetainerTaskParameter#145",1,60,247100,0,72,0,396,0,"Rue"
476,False,"BTN",59,148,"RetainerTaskParameter#148",1,60,247100,0,72,0,401,0,"Coriander"
477,False,"BTN",59,148,"RetainerTaskParameter#148",1,60,247100,0,72,0,401,0,"Dandelion"
478,False,"BTN",59,148,"RetainerTaskParameter#148",1,60,247100,0,72,0,401,0,"Birch Sap"
479,False,"BTN",60,150,"RetainerTaskParameter#150",1,60,251000,0,72,0,405,0,"Gaelicatnip"
480,False,"FSH",51,0,"RetainerTaskParameter#120",1,60,122000,0,72,0,228,0,"Ice Faerie"
481,False,"FSH",52,0,"RetainerTaskParameter#125",1,60,154200,0,72,0,249,0,"Fanged Clam"
482,False,"FSH",52,0,"RetainerTaskParameter#125",1,60,154200,0,72,0,249,0,"Ogre Horn Snail"
483,False,"FSH",52,0,"RetainerTaskParameter#125",1,60,154200,0,72,0,249,0,"Whilom Catfish"
484,False,"FSH",53,0,"RetainerTaskParameter#130",1,60,154200,0,72,0,271,0,"Maiboi"
485,False,"FSH",53,0,"RetainerTaskParameter#130",1,60,154200,0,72,0,271,0,"Seema Patrician"
486,False,"FSH",54,0,"RetainerTaskParameter#133",1,60,186000,0,72,0,291,0,"Bubble Eye"
487,False,"FSH",54,0,"RetainerTaskParameter#133",1,60,186000,0,72,0,291,0,"Scholar Sculpin"
488,False,"FSH",55,0,"RetainerTaskParameter#136",1,60,186000,0,72,0,312,0,"Marble Oscar"
489,False,"FSH",55,0,"RetainerTaskParameter#136",1,60,186000,0,72,0,312,0,"Vanuhead"
490,False,"FSH",55,0,"RetainerTaskParameter#136",1,60,186000,0,72,0,312,0,"Mercy Staff"
491,False,"FSH",56,0,"RetainerTaskParameter#139",1,60,216800,0,72,0,314,0,"Warmwater Bichir"
492,False,"FSH",57,0,"RetainerTaskParameter#142",1,60,216800,0,72,0,320,0,"Orn Butterfly"
493,False,"FSH",57,0,"RetainerTaskParameter#142",1,60,216800,0,72,0,320,0,"Philosopher's Stone"
494,False,"FSH",58,0,"RetainerTaskParameter#145",1,60,247100,0,72,0,327,0,"Rockclimber"
495,False,"FSH",58,0,"RetainerTaskParameter#145",1,60,247100,0,72,0,327,0,"Hospitalier Fish"
496,False,"FSH",59,0,"RetainerTaskParameter#148",1,60,247100,0,72,0,336,0,"Battle Galley"
497,False,"FSH",59,0,"RetainerTaskParameter#148",1,60,247100,0,72,0,336,0,"Cherry Trout"
498,False,"FSH",60,0,"RetainerTaskParameter#150",1,60,251000,0,72,0,347,0,"Thunderbolt Eel"
499,False,"FSH",60,0,"RetainerTaskParameter#150",1,60,251000,0,72,0,347,0,"Hinterlands Perch"
500,False,"MIN",30,30,"RetainerTaskParameter#30",1,60,35200,0,72,0,99,0,"Saltpeter"
501,False,"FSH",52,0,"RetainerTaskParameter#125",1,60,154200,0,72,0,249,0,"Blueclaw Shrimp"
502,False,"FSH",55,0,"RetainerTaskParameter#136",1,60,186000,0,72,0,312,0,"Rock Mussel"
503,False,"FSH",55,0,"RetainerTaskParameter#136",1,60,186000,0,72,0,312,0,"Mogpom"
504,False,"FSH",55,0,"RetainerTaskParameter#136",1,60,186000,0,72,0,312,0,"Sweetfish"
505,False,"FSH",54,0,"RetainerTaskParameter#133",1,60,186000,0,72,0,291,0,"Blue Cloud Coral"
506,False,"MIN",50,55,"RetainerTaskParameter#50",1,60,122000,0,72,0,149,0,"Grade 3 La Noscean Topsoil"
507,False,"MIN",50,55,"RetainerTaskParameter#50",1,60,122000,0,72,0,149,0,"Grade 3 Shroud Topsoil"
508,False,"MIN",50,55,"RetainerTaskParameter#50",1,60,122000,0,72,0,149,0,"Grade 3 Thanalan Topsoil"
509,False,"MIN",50,51,"RetainerTaskParameter#50",1,60,122000,0,72,0,149,0,"Gold Ore"
510,False,"MIN",50,51,"RetainerTaskParameter#50",1,60,122000,0,72,0,149,0,"Darksteel Ore"
511,False,"MIN",50,51,"RetainerTaskParameter#50",1,60,122000,0,72,0,149,0,"Volcanic Rock Salt"
512,False,"MIN",50,51,"RetainerTaskParameter#50",1,60,122000,0,72,0,149,0,"Astral Rock"
513,False,"MIN",50,70,"RetainerTaskParameter#50",1,60,122000,0,72,0,149,0,"Raw Ruby"
514,False,"MIN",50,70,"RetainerTaskParameter#50",1,60,122000,0,72,0,149,0,"Ferberite"
515,False,"MIN",50,70,"RetainerTaskParameter#50",1,60,122000,0,72,0,149,0,"Native Gold"
516,False,"BTN",50,51,"RetainerTaskParameter#50",1,60,122000,0,72,0,149,0,"Spruce Log"
517,False,"BTN",50,51,"RetainerTaskParameter#50",1,60,122000,0,72,0,149,0,"Thavnairian Mistletoe"
518,False,"BTN",50,51,"RetainerTaskParameter#50",1,60,122000,0,72,0,149,0,"Silkworm Cocoon"
519,False,"BTN",50,51,"RetainerTaskParameter#50",1,60,122000,0,72,0,149,0,"Trillium"
520,False,"BTN",50,51,"RetainerTaskParameter#50",1,60,122000,0,72,0,149,0,"Trillium Bulb"
521,False,"BTN",50,51,"RetainerTaskParameter#50",1,60,122000,0,72,0,149,0,"Black Truffle"
522,False,"BTN",50,51,"RetainerTaskParameter#50",1,60,122000,0,72,0,149,0,"Dzemael Tomato Seeds"
523,False,"BTN",50,51,"RetainerTaskParameter#50",1,60,122000,0,72,0,149,0,"Honey Lemon Seeds"
524,False,"BTN",50,51,"RetainerTaskParameter#50",1,60,122000,0,72,0,149,0,"Prickly Pineapple Seeds"
525,False,"BTN",50,70,"RetainerTaskParameter#50",1,60,122000,0,72,0,149,0,"Scarlet Sap"
526,False,"BTN",50,70,"RetainerTaskParameter#50",1,60,122000,0,72,0,149,0,"Shroud Tea Leaves"
527,False,"BTN",50,70,"RetainerTaskParameter#50",1,60,122000,0,72,0,149,0,"Young Cieldalaes Spinach"
528,False,"BTN",50,70,"RetainerTaskParameter#50",1,60,122000,0,72,0,149,0,"Blood Orange"
529,False,"MIN",50,70,"RetainerTaskParameter#50",1,60,122000,0,72,0,149,0,"Raw Diamond"
530,False,"MIN",50,70,"RetainerTaskParameter#50",1,60,122000,0,72,0,149,0,"Raw Emerald"
531,False,"MIN",50,70,"RetainerTaskParameter#50",1,60,122000,0,72,0,149,0,"Raw Topaz"
532,False,"MIN",50,70,"RetainerTaskParameter#50",1,60,122000,0,72,0,149,0,"Raw Iolite"
533,False,"MIN",50,70,"RetainerTaskParameter#50",1,60,122000,0,72,0,149,0,"Raw Sapphire"
534,False,"BTN",50,70,"RetainerTaskParameter#50",1,60,122000,0,72,0,149,0,"Bamboo Stick"
535,False,"BTN",50,70,"RetainerTaskParameter#50",1,60,122000,0,72,0,149,0,"Waterfowl Feather"
536,False,"MIN",50,80,"RetainerTaskParameter#50",1,60,122000,0,72,0,149,0,"Platinum Ore"
537,False,"BTN",50,80,"RetainerTaskParameter#50",1,60,122000,0,72,0,149,0,"Ebony Log"
538,False,"MIN",50,80,"RetainerTaskParameter#50",1,60,122000,0,72,0,149,0,"Pumice"
539,False,"BTN",50,80,"RetainerTaskParameter#50",1,60,122000,0,72,0,149,0,"Cypress Log"
540,False,"MIN",50,50,"RetainerTaskParameter#50",1,60,122000,0,72,0,149,0,"Black Limestone"
541,False,"MIN",50,90,"RetainerTaskParameter#50",1,60,122000,0,72,0,149,0,"Virgin Basilisk Egg"
542,False,"BTN",50,90,"RetainerTaskParameter#50",1,60,122000,0,72,0,149,0,"Rosemary"
543,False,"MIN",50,55,"RetainerTaskParameter#50",1,60,122000,0,72,0,149,0,"Gregarious Worm"
544,False,"BTN",50,55,"RetainerTaskParameter#50",1,60,122000,0,72,0,149,0,"Mazlaya Greens"
545,False,"MIN",53,130,"RetainerTaskParameter#130",1,60,154200,0,72,0,362,0,"Mythrite Ore"
546,False,"MIN",55,136,"RetainerTaskParameter#136",1,60,186000,0,72,0,388,0,"Titanium Ore"
547,False,"MIN",58,145,"RetainerTaskParameter#145",1,60,247100,0,72,0,396,0,"Hardsilver Ore"
548,False,"BTN",53,130,"RetainerTaskParameter#130",1,60,154200,0,72,0,362,0,"Cyclops Onion"
549,False,"BTN",55,136,"RetainerTaskParameter#136",1,60,186000,0,72,0,388,0,"Dark Chestnut"
550,False,"BTN",55,136,"RetainerTaskParameter#136",1,60,186000,0,72,0,388,0,"Emerald Beans"
551,False,"BTN",58,145,"RetainerTaskParameter#145",1,60,247100,0,72,0,396,0,"Birch Log"
552,True,"Disciples of War or Magic",60,0,"RetainerTaskParameter#1",2,1080,1109600,160,0,0,0,0,"Field Exploration XIX"
553,True,"MIN",60,0,"RetainerTaskParameter#1",2,1080,1109600,0,72,0,486,0,"Highland Exploration XIX"
554,True,"BTN",60,0,"RetainerTaskParameter#1",2,1080,1109600,0,72,0,486,0,"Woodland Exploration XIX"
555,True,"FSH",60,0,"RetainerTaskParameter#1",2,1080,1109600,0,72,0,393,0,"Waterside Exploration XIX"
556,False,"MIN",50,51,"RetainerTaskParameter#50",1,60,122000,0,72,0,149,0,"Gold Sand"
557,False,"BTN",11,11,"RetainerTaskParameter#11",1,60,7400,0,72,0,40,0,"Tree Toad"
558,False,"BTN",11,11,"RetainerTaskParameter#11",1,60,7400,0,72,0,40,0,"Lowland Grape Seeds"
559,False,"BTN",11,11,"RetainerTaskParameter#11",1,60,7400,0,72,0,40,0,"Garlic Cloves"
560,False,"BTN",12,12,"RetainerTaskParameter#12",1,60,10200,0,72,0,41,0,"Buffalo Beans"
561,False,"BTN",12,12,"RetainerTaskParameter#12",1,60,10200,0,72,0,41,0,"Wild Onion Set"
562,False,"BTN",12,12,"RetainerTaskParameter#12",1,60,10200,0,72,0,41,0,"Lavender Seeds"
563,False,"BTN",13,13,"RetainerTaskParameter#13",1,60,10200,0,72,0,43,0,"Coerthan Carrot Seeds"
564,False,"BTN",13,13,"RetainerTaskParameter#13",1,60,10200,0,72,0,43,0,"La Noscean Lettuce Seeds"
565,False,"BTN",13,13,"RetainerTaskParameter#13",1,60,10200,0,72,0,43,0,"Olive Seeds"
566,False,"BTN",14,14,"RetainerTaskParameter#14",1,60,13100,0,72,0,44,0,"Gridanian Chestnut"
567,False,"BTN",14,14,"RetainerTaskParameter#14",1,60,13100,0,72,0,44,0,"Black Pepper Seeds"
568,False,"BTN",50,51,"RetainerTaskParameter#50",1,60,122000,0,72,0,149,0,"Dzemael Tomato"
569,False,"BTN",50,51,"RetainerTaskParameter#50",1,60,122000,0,72,0,149,0,"Vampire Plant"
570,False,"BTN",50,51,"RetainerTaskParameter#50",1,60,122000,0,72,0,149,0,"Honey Lemon"
571,False,"BTN",50,51,"RetainerTaskParameter#50",1,60,122000,0,72,0,149,0,"Prickly Pineapple"
572,False,"BTN",50,70,"RetainerTaskParameter#50",1,60,122000,0,72,0,149,0,"Apricot"
573,False,"BTN",50,70,"RetainerTaskParameter#50",1,60,122000,0,72,0,149,0,"La Noscean Leek"
574,False,"BTN",50,55,"RetainerTaskParameter#50",1,60,122000,0,72,0,149,0,"Unaspected Crystal"
575,False,"MIN",50,55,"RetainerTaskParameter#50",1,60,122000,0,72,0,149,0,"Unaspected Crystal"
576,False,"BTN",50,70,"RetainerTaskParameter#50",1,60,122000,0,72,0,149,0,"Dark Matter Cluster"
577,False,"MIN",50,70,"RetainerTaskParameter#50",1,60,122000,0,72,0,149,0,"Dark Matter Cluster"
578,True,"Disciples of War or Magic",61,0,"RetainerTaskParameter#1",2,1080,1109700,235,0,0,0,0,"Field Exploration XX"
579,True,"MIN",61,0,"RetainerTaskParameter#1",2,1080,1109700,0,72,0,700,0,"Highland Exploration XX"
580,True,"BTN",61,0,"RetainerTaskParameter#1",2,1080,1109700,0,72,0,700,0,"Woodland Exploration XX"
581,True,"FSH",61,0,"RetainerTaskParameter#1",2,1080,1109700,0,72,0,560,0,"Waterside Exploration XX"
582,True,"Disciples of War or Magic",65,0,"RetainerTaskParameter#1",2,1080,1133300,256,0,0,0,0,"Field Exploration XXI"
583,True,"MIN",65,0,"RetainerTaskParameter#1",2,1080,1133300,0,72,0,739,0,"Highland Exploration XXI"
584,True,"BTN",65,0,"RetainerTaskParameter#1",2,1080,1133300,0,72,0,739,0,"Woodland Exploration XXI"
585,True,"FSH",65,0,"RetainerTaskParameter#1",2,1080,1133300,0,72,0,591,0,"Waterside Exploration XXI"
586,False,"MIN",60,0,"RetainerTaskParameter#150",1,60,251000,0,72,0,405,0,"Adamantite Ore"
587,False,"MIN",50,0,"RetainerTaskParameter#80",1,60,122000,0,72,0,149,0,"Yellow Copper Ore"
588,False,"MIN",51,0,"RetainerTaskParameter#120",1,60,122000,0,72,0,311,0,"Pyrite"
589,False,"MIN",52,0,"RetainerTaskParameter#125",1,60,154200,0,72,0,314,0,"Yellow Quartz"
590,False,"MIN",53,0,"RetainerTaskParameter#130",1,60,154200,0,72,0,362,0,"Chalcocite"
591,False,"MIN",54,0,"RetainerTaskParameter#133",1,60,186000,0,72,0,363,0,"Limonite"
592,False,"MIN",55,0,"RetainerTaskParameter#136",1,60,186000,0,72,0,388,0,"Green Quartz"
593,False,"MIN",56,0,"RetainerTaskParameter#139",1,60,216800,0,72,0,389,0,"Abalathian Rock Salt"
594,False,"MIN",57,0,"RetainerTaskParameter#142",1,60,216800,0,72,0,392,0,"Light Kidney Ore"
595,False,"MIN",58,0,"RetainerTaskParameter#145",1,60,247100,0,72,0,396,0,"Red Quartz"
596,False,"MIN",59,0,"RetainerTaskParameter#148",1,60,247100,0,72,0,401,0,"Cuprite"
597,False,"MIN",60,0,"RetainerTaskParameter#180",1,60,251000,0,72,0,602,0,"Aurum Regis Ore"
598,False,"MIN",60,0,"RetainerTaskParameter#180",1,60,251000,0,72,0,602,0,"Sun Mica"
599,False,"MIN",60,0,"RetainerTaskParameter#175",1,60,251000,0,72,0,602,0,"Red Alumen"
600,False,"MIN",60,0,"RetainerTaskParameter#180",1,60,251000,0,72,0,602,0,"Astral Moraine"
601,False,"MIN",60,0,"RetainerTaskParameter#180",1,60,251000,0,72,0,602,0,"Violet Quartz"
602,False,"MIN",60,0,"RetainerTaskParameter#180",1,60,251000,0,72,0,602,0,"Blue Quartz"
603,False,"BTN",60,0,"RetainerTaskParameter#150",1,60,251000,0,72,0,405,0,"Chysahl Greens"
604,False,"BTN",50,0,"RetainerTaskParameter#80",1,60,122000,0,72,0,149,0,"Old World Fig"
605,False,"BTN",51,0,"RetainerTaskParameter#120",1,60,122000,0,72,0,311,0,"Porcini"
606,False,"BTN",52,0,"RetainerTaskParameter#125",1,60,154200,0,72,0,314,0,"Pearl Sprouts"
607,False,"BTN",53,0,"RetainerTaskParameter#130",1,60,154200,0,72,0,362,0,"Coerthan Tea Leaves"
608,False,"BTN",54,0,"RetainerTaskParameter#133",1,60,186000,0,72,0,363,0,"Dravanian Mistletoe"
609,False,"BTN",55,0,"RetainerTaskParameter#136",1,60,186000,0,72,0,388,0,"Chives"
610,False,"BTN",56,0,"RetainerTaskParameter#139",1,60,216800,0,72,0,389,0,"Heavens Lemon"
611,False,"BTN",58,0,"RetainerTaskParameter#145",1,60,247100,0,72,0,396,0,"Abalathian Mistletoe"
612,False,"BTN",57,0,"RetainerTaskParameter#142",1,60,216800,0,72,0,392,0,"Cloud Banana"
613,False,"BTN",59,0,"RetainerTaskParameter#148",1,60,247100,0,72,0,401,0,"Morel"
614,False,"BTN",60,0,"RetainerTaskParameter#180",1,60,251000,0,72,0,602,0,"Seventh Heaven"
615,False,"BTN",60,0,"RetainerTaskParameter#180",1,60,251000,0,72,0,602,0,"Wattle Bark"
616,False,"BTN",60,0,"RetainerTaskParameter#180",1,60,251000,0,72,0,602,0,"Honeydew Almonds"
617,False,"BTN",60,0,"RetainerTaskParameter#180",1,60,251000,0,72,0,602,0,"Vanilla Beans"
618,False,"BTN",60,0,"RetainerTaskParameter#180",1,60,251000,0,72,0,602,0,"Dravanian Paprika"
619,False,"BTN",60,0,"RetainerTaskParameter#180",1,60,251000,0,72,0,602,0,"Snurbleberry"
620,False,"BTN",50,0,"RetainerTaskParameter#80",1,60,122000,0,72,0,149,0,"Old World Fig Seeds"
621,False,"BTN",52,0,"RetainerTaskParameter#125",1,60,154200,0,72,0,314,0,"Pearl Sprout Seeds"
622,False,"BTN",53,0,"RetainerTaskParameter#130",1,60,154200,0,72,0,362,0,"Coerthan Tea Seeds"
623,False,"BTN",60,0,"RetainerTaskParameter#180",1,60,251000,0,72,0,602,0,"Frost Cotton Boll"
624,False,"BTN",60,0,"RetainerTaskParameter#180",1,60,251000,0,72,0,602,0,"Whitefrost Cotton Boll"
625,False,"BTN",60,0,"RetainerTaskParameter#180",1,60,251000,0,72,0,602,0,"Camphorwood Log"
626,False,"BTN",60,0,"RetainerTaskParameter#180",1,60,251000,0,72,0,602,0,"Camphorwood Branch"
627,False,"BTN",60,0,"RetainerTaskParameter#180",1,60,251000,0,72,0,602,0,"Old-growth Camphorwood Log"
628,False,"MIN",60,0,"RetainerTaskParameter#180",1,60,251000,0,72,0,602,0,"Lumythrite Sand"
629,False,"MIN",60,0,"RetainerTaskParameter#180",1,60,251000,0,72,0,602,0,"Smithsonite Ore"
630,False,"MIN",60,0,"RetainerTaskParameter#180",1,60,251000,0,72,0,602,0,"Beastkin Horn"
631,False,"MIN",60,0,"RetainerTaskParameter#180",1,60,251000,0,72,0,602,0,"Meteorite"
632,False,"BTN",60,0,"RetainerTaskParameter#180",1,60,251000,0,72,0,602,0,"Crystallized Sap"
633,False,"BTN",20,0,"RetainerTaskParameter#20",1,60,24900,0,72,0,65,0,"Firelight Seeds"
634,False,"BTN",20,0,"RetainerTaskParameter#20",1,60,24900,0,72,0,65,0,"Icelight Seeds"
635,False,"BTN",20,0,"RetainerTaskParameter#20",1,60,24900,0,72,0,65,0,"Windlight Seeds"
636,False,"BTN",20,0,"RetainerTaskParameter#20",1,60,24900,0,72,0,65,0,"Earthlight Seeds"
637,False,"BTN",20,0,"RetainerTaskParameter#20",1,60,24900,0,72,0,65,0,"Levinlight Seeds"
638,False,"BTN",20,0,"RetainerTaskParameter#20",1,60,24900,0,72,0,65,0,"Waterlight Seeds"
639,False,"BTN",60,0,"RetainerTaskParameter#200",1,60,251000,0,72,0,644,0,"Teak Log"
640,False,"BTN",60,0,"RetainerTaskParameter#200",1,60,251000,0,72,0,644,0,"Star Cotton Boll"
641,False,"BTN",60,0,"RetainerTaskParameter#200",1,60,251000,0,72,0,644,0,"Brown Mushroom"
642,False,"BTN",60,0,"RetainerTaskParameter#200",1,60,251000,0,72,0,644,0,"Noble Sage"
643,False,"MIN",60,0,"RetainerTaskParameter#200",1,60,251000,0,72,0,644,0,"Tungstite"
644,False,"MIN",60,0,"RetainerTaskParameter#200",1,60,251000,0,72,0,644,0,"Luminium Ore"
645,False,"MIN",60,0,"RetainerTaskParameter#200",1,60,251000,0,72,0,644,0,"Zeolite Ore"
646,False,"MIN",60,0,"RetainerTaskParameter#190",1,60,251000,0,72,0,644,0,"Gyr Abanian Alumen"
647,False,"MIN",60,0,"RetainerTaskParameter#190",1,60,251000,0,72,0,644,0,"Raw Triphane"
648,False,"MIN",61,0,"RetainerTaskParameter#205",1,60,251000,0,72,0,700,0,"Gyr Abanian Mineral Water"
649,False,"MIN",62,0,"RetainerTaskParameter#210",1,60,261500,0,72,0,714,0,"Raw Kyanite"
650,False,"MIN",63,0,"RetainerTaskParameter#215",1,60,261500,0,72,0,728,0,"Koppranickel Ore"
651,False,"MIN",64,0,"RetainerTaskParameter#220",1,60,262000,0,72,0,734,0,"Crescent Spring Water"
652,False,"MIN",65,0,"RetainerTaskParameter#225",1,60,262000,0,72,0,739,0,"Raw Star Spinel"
653,False,"MIN",65,0,"RetainerTaskParameter#225",1,60,262000,0,72,0,739,0,"Doman Iron Ore"
654,False,"MIN",66,0,"RetainerTaskParameter#230",1,60,265800,0,72,0,744,0,"Raw Azurite"
655,False,"MIN",68,0,"RetainerTaskParameter#260",1,60,283300,0,72,0,775,0,"Durium Ore"
656,False,"MIN",68,0,"RetainerTaskParameter#260",1,60,283300,0,72,0,775,0,"Raw Imperial Jade"
657,False,"MIN",70,0,"RetainerTaskParameter#290",1,60,301800,0,72,0,805,0,"Molybdenum Ore"
658,False,"MIN",70,0,"RetainerTaskParameter#290",1,60,301800,0,72,0,805,0,"Raw Rhodonite"
659,False,"MIN",61,0,"RetainerTaskParameter#205",1,60,251000,0,72,0,700,0,"Stiperstone"
660,False,"MIN",61,0,"RetainerTaskParameter#205",1,60,251000,0,72,0,700,0,"Koppranickel Sand"
661,False,"MIN",62,0,"RetainerTaskParameter#210",1,60,261500,0,72,0,714,0,"Slate"
662,False,"MIN",63,0,"RetainerTaskParameter#215",1,60,261500,0,72,0,728,0,"Diatomite"
663,False,"MIN",66,0,"RetainerTaskParameter#230",1,60,265800,0,72,0,744,0,"Durium Sand"
664,False,"MIN",67,0,"RetainerTaskParameter#245",1,60,265800,0,72,0,759,0,"Doman Iron Sand"
665,False,"MIN",69,0,"RetainerTaskParameter#275",1,60,283300,0,72,0,790,0,"Palladium Sand"
666,False,"MIN",69,0,"RetainerTaskParameter#275",1,60,283300,0,72,0,790,0,"Ala Mhigan Salt Crystal"
667,False,"BTN",61,0,"RetainerTaskParameter#205",1,60,251000,0,72,0,700,0,"Beech Branch"
668,False,"BTN",61,0,"RetainerTaskParameter#205",1,60,251000,0,72,0,700,0,"Loquat"
669,False,"BTN",61,0,"RetainerTaskParameter#205",1,60,251000,0,72,0,700,0,"Beech Log"
670,False,"BTN",63,0,"RetainerTaskParameter#215",1,60,261500,0,72,0,728,0,"Larch Log"
671,False,"BTN",64,0,"RetainerTaskParameter#220",1,60,262000,0,72,0,734,0,"Pine Resin"
672,False,"BTN",65,0,"RetainerTaskParameter#225",1,60,262000,0,72,0,739,0,"Pine Log"
673,False,"BTN",65,0,"RetainerTaskParameter#225",1,60,262000,0,72,0,739,0,"Bamboo Shoot"
674,False,"BTN",65,0,"RetainerTaskParameter#225",1,60,262000,0,72,0,739,0,"Shiitake Mushroom"
675,False,"BTN",66,0,"RetainerTaskParameter#230",1,60,265800,0,72,0,744,0,"Persimmon Leaf"
676,False,"BTN",67,0,"RetainerTaskParameter#245",1,60,265800,0,72,0,759,0,"Persimmon"
677,False,"BTN",67,0,"RetainerTaskParameter#245",1,60,265800,0,72,0,759,0,"Persimmon Log"
678,False,"BTN",70,0,"RetainerTaskParameter#290",1,60,301800,0,72,0,805,0,"Zelkova Log"
679,False,"BTN",70,0,"RetainerTaskParameter#290",1,60,301800,0,72,0,805,0,"Othardian Plum"
680,False,"BTN",60,0,"RetainerTaskParameter#190",1,60,251000,0,72,0,644,0,"Gyr Abanian Wheat"
681,False,"BTN",60,0,"RetainerTaskParameter#190",1,60,251000,0,72,0,644,0,"Bloodhemp"
682,False,"BTN",62,0,"RetainerTaskParameter#210",1,60,261500,0,72,0,714,0,"Buckwheat Kernels"
683,False,"BTN",62,0,"RetainerTaskParameter#210",1,60,261500,0,72,0,714,0,"Mountain Popoto"
684,False,"BTN",62,0,"RetainerTaskParameter#210",1,60,261500,0,72,0,714,0,"Gem Algae"
685,False,"BTN",63,0,"RetainerTaskParameter#215",1,60,261500,0,72,0,728,0,"Holy Basil"
686,False,"BTN",63,0,"RetainerTaskParameter#215",1,60,261500,0,72,0,728,0,"Ruby Cotton Boll"
687,False,"BTN",64,0,"RetainerTaskParameter#220",1,60,262000,0,72,0,734,0,"Sugar Beet"
688,False,"BTN",64,0,"RetainerTaskParameter#220",1,60,262000,0,72,0,734,0,"Green Leek"
689,False,"BTN",64,0,"RetainerTaskParameter#220",1,60,262000,0,72,0,734,0,"Soybeans"
690,False,"BTN",64,0,"RetainerTaskParameter#220",1,60,262000,0,72,0,734,0,"Ama Nori"
691,False,"BTN",65,0,"RetainerTaskParameter#225",1,60,262000,0,72,0,739,0,"Kudzu Root"
692,False,"BTN",65,0,"RetainerTaskParameter#225",1,60,262000,0,72,0,739,0,"Cumin Seeds"
693,False,"BTN",65,0,"RetainerTaskParameter#225",1,60,262000,0,72,0,739,0,"Kudzu Vine"
694,False,"BTN",66,0,"RetainerTaskParameter#230",1,60,265800,0,72,0,744,0,"Daikon Radish"
695,False,"BTN",66,0,"RetainerTaskParameter#230",1,60,265800,0,72,0,744,0,"Gyr Abanian Carrot"
696,False,"BTN",66,0,"RetainerTaskParameter#230",1,60,265800,0,72,0,744,0,"Lotus Root"
697,False,"BTN",66,0,"RetainerTaskParameter#230",1,60,265800,0,72,0,744,0,"Sun Cabbage"
698,False,"BTN",66,0,"RetainerTaskParameter#230",1,60,265800,0,72,0,744,0,"Fennel"
699,False,"BTN",67,0,"RetainerTaskParameter#245",1,60,265800,0,72,0,759,0,"Ruby Tide Kelp"
700,False,"BTN",68,0,"RetainerTaskParameter#260",1,60,283300,0,72,0,775,0,"Jhammel Ginger"
701,False,"BTN",68,0,"RetainerTaskParameter#260",1,60,283300,0,72,0,775,0,"Yanxian Parsley"
702,False,"BTN",68,0,"RetainerTaskParameter#260",1,60,283300,0,72,0,775,0,"Alyssum"
703,False,"BTN",68,0,"RetainerTaskParameter#260",1,60,283300,0,72,0,775,0,"Nagxian Cudweed"
704,False,"BTN",68,0,"RetainerTaskParameter#260",1,60,283300,0,72,0,775,0,"Chickweed"
705,False,"BTN",68,0,"RetainerTaskParameter#260",1,60,283300,0,72,0,775,0,"Nipplewort"
706,False,"BTN",69,0,"RetainerTaskParameter#275",1,60,283300,0,72,0,790,0,"Doman Eggplant"
707,False,"BTN",69,0,"RetainerTaskParameter#275",1,60,283300,0,72,0,790,0,"Twincoon"
708,False,"BTN",70,0,"RetainerTaskParameter#300",1,60,301800,0,72,0,875,0,"Hallowed Basil"
709,False,"Disciples of War or Magic",61,0,"RetainerTaskParameter#255",1,60,251000,235,0,0,0,0,"Gagana Egg"
710,False,"Disciples of War or Magic",61,0,"RetainerTaskParameter#255",1,60,251000,235,0,0,0,0,"Muud Suud Horn"
711,False,"Disciples of War or Magic",62,0,"RetainerTaskParameter#265",1,60,261500,245,0,0,0,0,"Moth Scales"
712,False,"Disciples of War or Magic",62,0,"RetainerTaskParameter#265",1,60,261500,245,0,0,0,0,"Rhino Beetle Carapace"
713,False,"Disciples of War or Magic",62,0,"RetainerTaskParameter#265",1,60,261500,245,0,0,0,0,"Gagana Skin"
714,False,"Disciples of War or Magic",63,0,"RetainerTaskParameter#270",1,60,261500,250,0,0,0,0,"Hornbill Tenderloin"
715,False,"Disciples of War or Magic",63,0,"RetainerTaskParameter#270",1,60,261500,250,0,0,0,0,"Bombfish Spine"
716,False,"Disciples of War or Magic",64,0,"RetainerTaskParameter#273",1,60,262000,253,0,0,0,0,"Gyuki Hide"
717,False,"Disciples of War or Magic",65,0,"RetainerTaskParameter#276",1,60,262000,256,0,0,0,0,"Dzo Horn"
718,False,"Disciples of War or Magic",66,0,"RetainerTaskParameter#279",1,60,265800,259,0,0,0,0,"Dzo Chuck"
719,False,"Disciples of War or Magic",66,0,"RetainerTaskParameter#279",1,60,265800,259,0,0,0,0,"Steppe Milk"
720,False,"Disciples of War or Magic",66,0,"RetainerTaskParameter#279",1,60,265800,259,0,0,0,0,"Tiger Skin"
721,False,"Disciples of War or Magic",67,0,"RetainerTaskParameter#282",1,60,265800,262,0,0,0,0,"Gazelle Horn"
722,False,"Disciples of War or Magic",67,0,"RetainerTaskParameter#282",1,60,265800,262,0,0,0,0,"Halgai Mane"
723,False,"Disciples of War or Magic",68,0,"RetainerTaskParameter#285",1,60,283300,265,0,0,0,0,"Manzasiri Hair"
724,False,"Disciples of War or Magic",68,0,"RetainerTaskParameter#285",1,60,283300,265,0,0,0,0,"Marid Hide"
725,False,"Disciples of War or Magic",69,0,"RetainerTaskParameter#288",1,60,283300,268,0,0,0,0,"Jhammel Haunch"
726,False,"Disciples of War or Magic",69,0,"RetainerTaskParameter#288",1,60,283300,268,0,0,0,0,"Twincoon"
727,False,"Disciples of War or Magic",70,0,"RetainerTaskParameter#290",1,60,301800,270,0,0,0,0,"Gazelle Hide"
728,False,"Disciples of War or Magic",70,0,"RetainerTaskParameter#290",1,60,301800,270,0,0,0,0,"True Griffin Hide"
729,False,"FSH",61,0,"RetainerTaskParameter#205",1,60,251000,0,72,0,560,0,"Highland Perch"
730,False,"FSH",62,0,"RetainerTaskParameter#210",1,60,261500,0,72,0,571,0,"Heather Charr"
731,False,"FSH",63,0,"RetainerTaskParameter#215",1,60,261500,0,72,0,582,0,"Eastern Sea Pickle"
732,False,"FSH",64,0,"RetainerTaskParameter#220",1,60,262000,0,72,0,587,0,"Gauntlet Crab"
733,False,"FSH",65,0,"RetainerTaskParameter#225",1,60,262000,0,72,0,591,0,"Curtain Pleco"
734,False,"FSH",66,0,"RetainerTaskParameter#230",1,60,265800,0,72,0,595,0,"Steppe Bullfrog"
735,False,"FSH",67,0,"RetainerTaskParameter#245",1,60,265800,0,72,0,607,0,"Sea Lamp"
736,False,"FSH",68,0,"RetainerTaskParameter#260",1,60,283300,0,72,0,620,0,"Spiny Lobster"
737,False,"FSH",69,0,"RetainerTaskParameter#275",1,60,283300,0,72,0,632,0,"Koromo Octopus"
738,False,"FSH",70,0,"RetainerTaskParameter#290",1,60,301800,0,72,0,644,0,"Motley Beakfish"
739,False,"MIN",60,0,"RetainerTaskParameter#180",1,60,251000,0,72,0,602,0,"Lumythrite Ore"
740,True,"Disciples of War or Magic",70,0,"RetainerTaskParameter#1",2,1080,1169200,270,0,0,0,0,"Field Exploration XXII"
741,True,"MIN",70,0,"RetainerTaskParameter#1",2,1080,1169200,0,72,0,805,0,"Highland Exploration XXII"
742,True,"BTN",70,0,"RetainerTaskParameter#1",2,1080,1169200,0,72,0,805,0,"Woodland Exploration XXII"
743,True,"FSH",70,0,"RetainerTaskParameter#1",2,1080,1169200,0,72,0,644,0,"Waterside Exploration XXII"
744,False,"MIN",70,300,"RetainerTaskParameter#300",1,60,301800,0,72,0,875,0,"Palladium Ore"
745,False,"MIN",70,300,"RetainerTaskParameter#300",1,60,301800,0,72,0,875,0,"Chromite Ore"
746,False,"BTN",70,300,"RetainerTaskParameter#300",1,60,301800,0,72,0,875,0,"Torreya Log"
747,False,"BTN",70,300,"RetainerTaskParameter#300",1,60,301800,0,72,0,875,0,"Rhea"
748,False,"MIN",70,300,"RetainerTaskParameter#300",1,60,301800,0,72,0,875,0,"Gyr Abanian Spring Water"
749,False,"BTN",70,300,"RetainerTaskParameter#300",1,60,301800,0,72,0,875,0,"Azim Cotton Boll"
750,False,"FSH",70,300,"RetainerTaskParameter#300",1,60,301800,0,72,0,700,0,"Snailfish"
751,False,"MIN",70,320,"RetainerTaskParameter#320",1,60,301800,0,72,0,1015,0,"Nightsteel Ore"
752,False,"MIN",70,320,"RetainerTaskParameter#320",1,60,301800,0,72,0,1015,0,"Silvergrace Ore"
753,False,"BTN",70,320,"RetainerTaskParameter#320",1,60,301800,0,72,0,1015,0,"Black Willow Log"
754,False,"BTN",70,320,"RetainerTaskParameter#320",1,60,301800,0,72,0,1015,0,"Hingan Flax"
755,False,"FSH",70,320,"RetainerTaskParameter#320",1,60,301800,0,72,0,812,0,"Usuginu Octopus"
756,False,"MIN",70,320,"RetainerTaskParameter#320",1,60,301800,0,72,0,1015,0,"Hawk's Eye"
757,False,"BTN",70,320,"RetainerTaskParameter#320",1,60,301800,0,72,0,1015,0,"Hardened Veteran Tree Sap"
758,False,"MIN",70,350,"RetainerTaskParameter#350",1,60,301800,0,72,0,1015,0,"Azim Spring Water"
759,False,"MIN",70,350,"RetainerTaskParameter#350",1,60,301800,0,72,0,1155,0,"Gyr Abanian Ore"
760,False,"MIN",70,355,"RetainerTaskParameter#355",1,60,301800,0,72,0,1155,0,"Evergleam Ore"
761,False,"BTN",70,370,"RetainerTaskParameter#370",1,60,301800,0,72,0,1155,0,"Urunday Log"
762,False,"BTN",70,370,"RetainerTaskParameter#370",1,60,301800,0,72,0,1155,0,"Yanxian Cotton Boll"
763,True,"Disciples of War or Magic",71,0,"RetainerTaskParameter#1",2,1080,1412800,370,0,0,0,0,"Field Exploration XXIII"
764,True,"MIN",71,0,"RetainerTaskParameter#1",2,1080,1412800,0,72,0,1190,0,"Highland Exploration XXIII"
765,True,"BTN",71,0,"RetainerTaskParameter#1",2,1080,1412800,0,72,0,1190,0,"Woodland Exploration XXIII"
766,True,"FSH",71,0,"RetainerTaskParameter#1",2,1080,1412800,0,72,0,952,0,"Waterside Exploration XXIII"
767,True,"Disciples of War or Magic",75,0,"RetainerTaskParameter#1",2,1080,2102400,386,0,0,0,0,"Field Exploration XXIV"
768,True,"MIN",75,0,"RetainerTaskParameter#1",2,1080,2102400,0,72,0,1294,0,"Highland Exploration XXIV"
769,True,"BTN",75,0,"RetainerTaskParameter#1",2,1080,2102400,0,72,0,1294,0,"Woodland Exploration XXIV"
770,True,"FSH",75,0,"RetainerTaskParameter#1",2,1080,2102400,0,72,0,1035,0,"Waterside Exploration XXIV"
771,False,"Disciples of War or Magic",70,0,"RetainerTaskParameter#290",1,60,301800,270,0,0,0,0,"Island Wolf Fang"
772,False,"Disciples of War or Magic",71,0,"RetainerTaskParameter#390",1,60,301800,370,0,0,0,0,"Smilodon Skin"
773,False,"Disciples of War or Magic",71,0,"RetainerTaskParameter#390",1,60,301800,370,0,0,0,0,"Hoptrap Leaf"
774,False,"Disciples of War or Magic",71,0,"RetainerTaskParameter#390",1,60,301800,370,0,0,0,0,"Silkmoth Scales"
775,False,"Disciples of War or Magic",71,0,"RetainerTaskParameter#390",1,60,301800,370,0,0,0,0,"Rail Tenderloin"
776,False,"Disciples of War or Magic",72,0,"RetainerTaskParameter#400",1,60,332400,375,0,0,0,0,"Green Glider Skin"
777,False,"Disciples of War or Magic",73,0,"RetainerTaskParameter#400",1,60,332400,380,0,0,0,0,"Lorikeet Down"
778,False,"Disciples of War or Magic",73,0,"RetainerTaskParameter#400",1,60,332400,380,0,0,0,0,"Lorikeet Egg"
779,False,"Disciples of War or Magic",74,0,"RetainerTaskParameter#406",1,60,377100,383,0,0,0,0,"Atrociraptor Skin"
780,False,"Disciples of War or Magic",75,0,"RetainerTaskParameter#406",1,60,377100,386,0,0,0,0,"Vampire Cup Vine"
781,False,"Disciples of War or Magic",75,0,"RetainerTaskParameter#406",1,60,377100,386,0,0,0,0,"Vampire Vine Sap"
782,False,"Disciples of War or Magic",76,0,"RetainerTaskParameter#409",1,60,437700,389,0,0,0,0,"Ovim Meat"
783,False,"Disciples of War or Magic",77,0,"RetainerTaskParameter#412",1,60,437700,392,0,0,0,0,"Zonure Skin"
784,False,"Disciples of War or Magic",77,0,"RetainerTaskParameter#412",1,60,437700,392,0,0,0,0,"Ovim Fleece"
785,False,"Disciples of War or Magic",78,0,"RetainerTaskParameter#415",1,60,525600,395,0,0,0,0,"Sea Swallow Skin"
786,False,"Disciples of War or Magic",79,0,"RetainerTaskParameter#418",1,60,525600,398,0,0,0,0,"Cubus Flesh"
787,False,"Disciples of War or Magic",79,0,"RetainerTaskParameter#418",1,60,525600,398,0,0,0,0,"Hydrozoan Umbrella"
788,False,"MIN",70,0,"RetainerTaskParameter#320",1,60,301800,0,72,0,1015,0,"Raw Hematite"
789,False,"MIN",72,0,"RetainerTaskParameter#350",1,60,332400,0,72,0,1225,0,"Raw Diaspore"
790,False,"MIN",72,0,"RetainerTaskParameter#350",1,60,332400,0,72,0,1225,0,"Truegold Ore"
791,False,"MIN",73,0,"RetainerTaskParameter#355",1,60,332400,0,72,0,1235,0,"Highland Spring Water"
792,False,"MIN",74,0,"RetainerTaskParameter#370",1,60,377100,0,72,0,1260,0,"Raw Lazurite"
793,False,"MIN",74,0,"RetainerTaskParameter#370",1,60,377100,0,72,0,1260,0,"Bluespirit Ore"
794,False,"MIN",76,0,"RetainerTaskParameter#390",1,60,437700,0,72,0,1327,0,"Extra Effervescent Water"
795,False,"MIN",76,0,"RetainerTaskParameter#390",1,60,437700,0,72,0,1327,0,"Raw Triplite"
796,False,"MIN",77,0,"RetainerTaskParameter#400",1,60,437700,0,72,0,1360,0,"Titancopper Ore"
797,False,"MIN",78,0,"RetainerTaskParameter#410",1,60,525600,0,72,0,1393,0,"Underground Spring Water"
798,False,"MIN",78,0,"RetainerTaskParameter#410",1,60,525600,0,72,0,1393,0,"Raw Petalite"
799,False,"MIN",80,0,"RetainerTaskParameter#430",1,60,599200,0,72,0,1459,0,"Dimythrite Ore"
800,False,"MIN",70,0,"RetainerTaskParameter#320",1,60,301800,0,72,0,1015,0,"Yellow Alumen"
801,False,"MIN",70,0,"RetainerTaskParameter#320",1,60,301800,0,72,0,1015,0,"Coarse Saltpeter"
802,False,"MIN",71,0,"RetainerTaskParameter#345",1,60,301800,0,72,0,1190,0,"Hard Mudstone"
803,False,"MIN",71,0,"RetainerTaskParameter#345",1,60,301800,0,72,0,1190,0,"Truegold Sand"
804,False,"MIN",75,0,"RetainerTaskParameter#380",1,60,377100,0,72,0,1294,0,"Manasilver Sand"
805,False,"MIN",76,0,"RetainerTaskParameter#390",1,60,437700,0,72,0,1327,0,"Volcanic Tuff"
806,False,"MIN",76,0,"RetainerTaskParameter#390",1,60,437700,0,72,0,1327,0,"Titancopper Sand"
807,False,"MIN",79,0,"RetainerTaskParameter#420",1,60,525600,0,72,0,1426,0,"Dimythrite Sand"
808,False,"BTN",71,0,"RetainerTaskParameter#345",1,60,301800,0,72,0,1190,0,"Frantoio"
809,False,"BTN",71,0,"RetainerTaskParameter#345",1,60,301800,0,72,0,1190,0,"Pixie Apple"
810,False,"BTN",71,0,"RetainerTaskParameter#345",1,60,301800,0,72,0,1190,0,"White Oak Log"
811,False,"BTN",72,0,"RetainerTaskParameter#350",1,60,332400,0,72,0,1225,0,"Miracle Apple Log"
812,False,"BTN",74,0,"RetainerTaskParameter#370",1,60,377100,0,72,0,1260,0,"White Ash Log"
813,False,"BTN",75,0,"RetainerTaskParameter#380",1,60,377100,0,72,0,1294,0,"Gianthive Chip"
814,False,"BTN",76,0,"RetainerTaskParameter#390",1,60,437700,0,72,0,1327,0,"Amber Cloves"
815,False,"BTN",76,0,"RetainerTaskParameter#390",1,60,437700,0,72,0,1327,0,"Sandteak Log"
816,False,"BTN",78,0,"RetainerTaskParameter#410",1,60,525600,0,72,0,1393,0,"Harcot"
817,False,"BTN",80,0,"RetainerTaskParameter#430",1,60,599200,0,72,0,1459,0,"Lignum Vitae Log"
818,False,"BTN",70,0,"RetainerTaskParameter#320",1,60,301800,0,72,0,1015,0,"Night Pepper"
819,False,"BTN",71,0,"RetainerTaskParameter#345",1,60,301800,0,72,0,1190,0,"Blood Tomato"
820,False,"BTN",71,0,"RetainerTaskParameter#345",1,60,301800,0,72,0,1190,0,"Bright Flax"
821,False,"BTN",71,0,"RetainerTaskParameter#345",1,60,301800,0,72,0,1190,0,"Purple Carrot"
822,False,"BTN",71,0,"RetainerTaskParameter#345",1,60,301800,0,72,0,1190,0,"Curly Parsley"
823,False,"BTN",72,0,"RetainerTaskParameter#350",1,60,332400,0,72,0,1225,0,"Broad Beans"
824,False,"BTN",72,0,"RetainerTaskParameter#350",1,60,332400,0,72,0,1225,0,"Garden Beet"
825,False,"BTN",72,0,"RetainerTaskParameter#350",1,60,332400,0,72,0,1225,0,"Iridescent Cocoon"
826,False,"BTN",73,0,"RetainerTaskParameter#355",1,60,332400,0,72,0,1235,0,"Upland Wheat"
827,False,"BTN",74,0,"RetainerTaskParameter#370",1,60,377100,0,72,0,1260,0,"Peppermint"
828,False,"BTN",74,0,"RetainerTaskParameter#370",1,60,377100,0,72,0,1260,0,"Pixie Floss Boll"
829,False,"BTN",75,0,"RetainerTaskParameter#380",1,60,377100,0,72,0,1294,0,"Creamtop Mushroom"
830,False,"BTN",75,0,"RetainerTaskParameter#380",1,60,377100,0,72,0,1294,0,"Royal Grapes"
831,False,"BTN",76,0,"RetainerTaskParameter#390",1,60,437700,0,72,0,1327,0,"Russet Popoto"
832,False,"BTN",76,0,"RetainerTaskParameter#390",1,60,437700,0,72,0,1327,0,"Sweet Alyssum"
833,False,"BTN",77,0,"RetainerTaskParameter#400",1,60,437700,0,72,0,1360,0,"Fernleaf Lavender"
834,False,"BTN",78,0,"RetainerTaskParameter#410",1,60,525600,0,72,0,1393,0,"Coffee Beans"
835,False,"BTN",78,0,"RetainerTaskParameter#410",1,60,525600,0,72,0,1393,0,"Bomba Rice"
836,False,"BTN",78,0,"RetainerTaskParameter#410",1,60,525600,0,72,0,1393,0,"Lime Basil"
837,False,"BTN",79,0,"RetainerTaskParameter#420",1,60,525600,0,72,0,1426,0,"Tiger Lily"
838,False,"BTN",79,0,"RetainerTaskParameter#420",1,60,525600,0,72,0,1426,0,"Light Gerbera"
839,False,"BTN",78,0,"RetainerTaskParameter#410",1,60,525600,0,72,0,1393,0,"Mist Spinach"
840,False,"BTN",79,0,"RetainerTaskParameter#420",1,60,525600,0,72,0,1426,0,"Dwarven Cotton Boll"
841,False,"FSH",71,0,"RetainerTaskParameter#345",1,60,301800,0,72,0,952,0,"Sand Egg"
842,False,"FSH",72,0,"RetainerTaskParameter#350",1,60,332400,0,72,0,980,0,"Spearhead Squid"
843,False,"FSH",73,0,"RetainerTaskParameter#355",1,60,332400,0,72,0,988,0,"Cherry Herring"
844,False,"FSH",74,0,"RetainerTaskParameter#370",1,60,377100,0,72,0,1008,0,"Lemonfish"
845,False,"FSH",77,0,"RetainerTaskParameter#400",1,60,437700,0,72,0,1088,0,"Black Tri-star"
846,False,"FSH",74,0,"RetainerTaskParameter#370",1,60,377100,0,72,0,1008,0,"Little Flirt"
847,False,"FSH",76,0,"RetainerTaskParameter#390",1,60,437700,0,72,0,1061,0,"Gourmand Crab"
848,False,"FSH",78,0,"RetainerTaskParameter#410",1,60,525600,0,72,0,1114,0,"Megapiranha"
849,False,"FSH",78,0,"RetainerTaskParameter#410",1,60,525600,0,72,0,1114,0,"Rose Shrimp"
850,False,"FSH",79,0,"RetainerTaskParameter#420",1,60,525600,0,72,0,1140,0,"Sweetflesh Oyster"
851,True,"Disciples of War or Magic",80,0,"RetainerTaskParameter#1",2,1080,2396800,400,0,0,0,0,"Field Exploration XXV"
852,True,"MIN",80,0,"RetainerTaskParameter#1",2,1080,2396800,0,72,0,1459,0,"Highland Exploration XXV"
853,True,"BTN",80,0,"RetainerTaskParameter#1",2,1080,2396800,0,72,0,1459,0,"Woodland Exploration XXV"
854,True,"FSH",80,0,"RetainerTaskParameter#1",2,1080,2396800,0,72,0,1167,0,"Waterside Exploration XXV"
855,False,"MIN",80,430,"RetainerTaskParameter#430",1,60,599200,0,72,0,1459,0,"Raw Onyx"
856,False,"MIN",80,440,"RetainerTaskParameter#440",1,60,599200,0,72,0,1528,0,"Prismstone"
857,False,"MIN",80,440,"RetainerTaskParameter#440",1,60,599200,0,72,0,1528,0,"Tungsten Ore"
858,False,"BTN",80,430,"RetainerTaskParameter#430",1,60,599200,0,72,0,1459,0,"Lemonette"
859,False,"BTN",80,440,"RetainerTaskParameter#440",1,60,599200,0,72,0,1528,0,"Sandalwood Log"
860,False,"BTN",80,440,"RetainerTaskParameter#440",1,60,599200,0,72,0,1528,0,"Ethereal Cocoon"
861,False,"MIN",80,441,"RetainerTaskParameter#440",1,60,599200,0,72,0,1528,0,"Beryllium Ore"
862,False,"BTN",80,441,"RetainerTaskParameter#440",1,60,599200,0,72,0,1528,0,"Sandalwood Sap"
863,False,"FSH",80,0,"RetainerTaskParameter#440",1,60,599200,0,72,0,1222,0,"Sweetmeat Mussel"
864,False,"MIN",80,460,"RetainerTaskParameter#460",1,60,599200,0,72,0,1584,0,"Fireheart Cobalt"
865,False,"MIN",80,460,"RetainerTaskParameter#460",1,60,599200,0,72,0,1584,0,"Purpure Shell Chip"
866,False,"MIN",80,460,"RetainerTaskParameter#460",1,60,599200,0,72,0,1584,0,"Ashen Alumen"
867,False,"BTN",80,460,"RetainerTaskParameter#460",1,60,599200,0,72,0,1584,0,"Merbau Log"
868,False,"BTN",80,460,"RetainerTaskParameter#460",1,60,599200,0,72,0,1584,0,"Duskblooms"
869,False,"BTN",80,460,"RetainerTaskParameter#460",1,60,599200,0,72,0,1584,0,"Imperial Fern"
870,False,"MIN",80,461,"RetainerTaskParameter#460",1,60,599200,0,72,0,1584,0,"Brashgold Ore"
871,False,"BTN",80,460,"RetainerTaskParameter#460",1,60,599200,0,72,0,1584,0,"Tender Dill"
872,False,"FSH",80,460,"RetainerTaskParameter#460",1,60,599200,0,72,0,1267,0,"Blue Crab"
873,False,"MIN",59,0,"RetainerTaskParameter#148",1,60,247100,0,72,0,401,0,"Tektite"
874,False,"MIN",60,0,"RetainerTaskParameter#150",1,60,251000,0,72,0,405,0,"Eventide Jade"
875,False,"MIN",56,0,"RetainerTaskParameter#139",1,60,216800,0,72,0,389,0,"Fossilized Dragon Bone"
876,False,"BTN",60,0,"RetainerTaskParameter#150",1,60,251000,0,72,0,405,0,"Periwinkle"
877,False,"BTN",59,0,"RetainerTaskParameter#148",1,60,247100,0,72,0,401,0,"Cloud Mushroom"
878,False,"BTN",56,0,"RetainerTaskParameter#139",1,60,216800,0,72,0,389,0,"Wind Widow"
879,False,"BTN",71,0,"RetainerTaskParameter#345",1,60,301800,0,72,0,1190,0,"White Oak Branch"
880,True,"Disciples of War or Magic",81,0,"RetainerTaskParameter#1",2,1080,3179200,500,0,0,0,0,"Field Exploration XXVI"
881,True,"Disciples of War or Magic",85,0,"RetainerTaskParameter#1",2,1080,4335200,516,0,0,0,0,"Field Exploration XXVII"
882,True,"MIN",81,0,"RetainerTaskParameter#1",2,1080,3179200,0,72,0,1815,0,"Highland Exploration XXVI"
883,True,"MIN",85,0,"RetainerTaskParameter#1",2,1080,4335200,0,72,0,2027,0,"Highland Exploration XXVII"
884,True,"BTN",81,0,"RetainerTaskParameter#1",2,1080,3179200,0,72,0,1815,0,"Woodland Exploration XXVI"
885,True,"BTN",85,0,"RetainerTaskParameter#1",2,1080,4335200,0,72,0,2027,0,"Woodland Exploration XXVII"
886,True,"FSH",81,0,"RetainerTaskParameter#1",2,1080,3179200,0,72,0,1452,0,"Waterside Exploration XXVI"
887,True,"FSH",85,0,"RetainerTaskParameter#1",2,1080,4335200,0,72,0,1621,0,"Waterside Exploration XXVII"
888,False,"BTN",80,490,"RetainerTaskParameter#490",1,60,599200,0,72,0,1782,0,"Silver Beech Log"
889,False,"MIN",80,490,"RetainerTaskParameter#490",1,60,599200,0,72,0,1782,0,"Dolomite"
890,False,"MIN",80,490,"RetainerTaskParameter#490",1,60,599200,0,72,0,1782,0,"Solstice Stone"
891,False,"BTN",80,490,"RetainerTaskParameter#490",1,60,599200,0,72,0,1782,0,"Raindrop Cotton Boll"
892,False,"BTN",80,490,"RetainerTaskParameter#490",1,60,599200,0,72,0,1782,0,"Wattle Petribark"
893,False,"MIN",80,490,"RetainerTaskParameter#490",1,60,599200,0,72,0,1782,0,"Hard Water"
894,False,"MIN",81,0,"RetainerTaskParameter#495",1,60,694200,0,72,0,1815,0,"Raw Ametrine"
895,False,"MIN",81,0,"RetainerTaskParameter#495",1,60,694200,0,72,0,1815,0,"Sharlayan Rock Salt"
896,False,"MIN",81,0,"RetainerTaskParameter#495",1,60,694200,0,72,0,1815,0,"High Durium Sand"
897,False,"MIN",81,0,"RetainerTaskParameter#495",1,60,694200,0,72,0,1815,0,"Chloroschist"
898,False,"MIN",82,0,"RetainerTaskParameter#500",1,60,694200,0,72,0,1848,0,"High Durium Ore"
899,False,"MIN",82,0,"RetainerTaskParameter#500",1,60,694200,0,72,0,1848,0,"Pewter Ore"
900,False,"MIN",83,0,"RetainerTaskParameter#510",1,60,794800,0,72,0,1914,0,"Phrygian Gold Ore"
901,False,"MIN",84,0,"RetainerTaskParameter#520",1,60,794800,0,72,0,1980,0,"Eblan Alumen"
902,False,"MIN",85,0,"RetainerTaskParameter#527",1,60,828700,0,72,0,2027,0,"Bismuth Ore"
903,False,"MIN",86,0,"RetainerTaskParameter#534",1,60,923100,0,72,0,2073,0,"Manganese Ore"
904,False,"MIN",86,0,"RetainerTaskParameter#534",1,60,923100,0,72,0,2073,0,"Raw Blue Zircon"
905,False,"MIN",87,0,"RetainerTaskParameter#540",1,60,952900,0,72,0,2119,0,"Annite"
906,False,"MIN",88,0,"RetainerTaskParameter#547",1,60,1045900,0,72,0,2165,0,"Ambrosial Water"
907,False,"MIN",89,0,"RetainerTaskParameter#554",1,60,1083800,0,72,0,2211,0,"Chondrite"
908,False,"MIN",90,0,"RetainerTaskParameter#560",1,60,1327800,0,72,0,2258,0,"Raw Star Quartz"
909,False,"BTN",81,0,"RetainerTaskParameter#495",1,60,694200,0,72,0,1815,0,"Horse Chestnut Log"
910,False,"BTN",81,0,"RetainerTaskParameter#495",1,60,694200,0,72,0,1815,0,"Dark Hemp"
911,False,"BTN",81,0,"RetainerTaskParameter#495",1,60,694200,0,72,0,1815,0,"Dark Rye"
912,False,"BTN",81,0,"RetainerTaskParameter#495",1,60,694200,0,72,0,1815,0,"Iceberg Lettuce"
913,False,"BTN",82,0,"RetainerTaskParameter#500",1,60,694200,0,72,0,1848,0,"Palm Log"
914,False,"BTN",82,0,"RetainerTaskParameter#500",1,60,694200,0,72,0,1848,0,"Palm Syrup"
915,False,"BTN",82,0,"RetainerTaskParameter#500",1,60,694200,0,72,0,1848,0,"Coconut"
916,False,"BTN",82,0,"RetainerTaskParameter#500",1,60,694200,0,72,0,1848,0,"Thavnairian Perilla Leaf"
917,False,"BTN",82,0,"RetainerTaskParameter#500",1,60,694200,0,72,0,1848,0,"Thavnairian Paprika"
918,False,"BTN",83,0,"RetainerTaskParameter#510",1,60,794800,0,72,0,1914,0,"Cucumber"
919,False,"BTN",83,0,"RetainerTaskParameter#510",1,60,794800,0,72,0,1914,0,"Eblan Lentils"
920,False,"BTN",84,0,"RetainerTaskParameter#520",1,60,794800,0,72,0,1980,0,"Red Pine Log"
921,False,"BTN",84,0,"RetainerTaskParameter#520",1,60,794800,0,72,0,1980,0,"Snow Flax"
922,False,"BTN",84,0,"RetainerTaskParameter#520",1,60,794800,0,72,0,1980,0,"Beet"
923,False,"BTN",85,0,"RetainerTaskParameter#527",1,60,828700,0,72,0,2027,0,"Carrot of Happiness"
924,False,"BTN",86,0,"RetainerTaskParameter#534",1,60,923100,0,72,0,2073,0,"Ironwood Log"
925,False,"BTN",86,0,"RetainerTaskParameter#534",1,60,923100,0,72,0,2073,0,"Scarlet Moko Grass"
926,False,"BTN",87,0,"RetainerTaskParameter#540",1,60,952900,0,72,0,2119,0,"Sykon"
927,False,"BTN",87,0,"RetainerTaskParameter#540",1,60,952900,0,72,0,2119,0,"Giant Popoto"
928,False,"BTN",88,0,"RetainerTaskParameter#547",1,60,1045900,0,72,0,2165,0,"Elder Nutmeg Seeds"
929,False,"BTN",88,0,"RetainerTaskParameter#547",1,60,1045900,0,72,0,2165,0,"Sideritis Leaves"
930,False,"BTN",89,0,"RetainerTaskParameter#554",1,60,1083800,0,72,0,2211,0,"Integral Log"
931,False,"BTN",89,0,"RetainerTaskParameter#554",1,60,1083800,0,72,0,2211,0,"AR-Caean Cotton Boll"
932,False,"BTN",90,0,"RetainerTaskParameter#560",1,60,1327800,0,72,0,2258,0,"Alien Onion"
933,False,"Disciples of War or Magic",80,0,"RetainerTaskParameter#515",1,60,599200,495,0,0,0,0,"Gaja Hide"
934,False,"Disciples of War or Magic",80,0,"RetainerTaskParameter#515",1,60,599200,495,0,0,0,0,"Hamsa Tenderloin"
935,False,"Disciples of War or Magic",80,0,"RetainerTaskParameter#515",1,60,599200,495,0,0,0,0,"Amra"
936,False,"Disciples of War or Magic",82,0,"RetainerTaskParameter#525",1,60,694200,505,0,0,0,0,"Luncheon Toad Skin"
937,False,"Disciples of War or Magic",82,0,"RetainerTaskParameter#525",1,60,694200,505,0,0,0,0,"Almasty Fur"
938,False,"Disciples of War or Magic",84,0,"RetainerTaskParameter#533",1,60,794800,513,0,0,0,0,"Saiga Hide"
939,False,"Disciples of War or Magic",82,0,"RetainerTaskParameter#525",1,60,694200,505,0,0,0,0,"Ovibos Milk"
940,False,"Disciples of War or Magic",81,0,"RetainerTaskParameter#520",1,60,694200,500,0,0,0,0,"Yakow Chuck"
941,False,"Disciples of War or Magic",83,0,"RetainerTaskParameter#530",1,60,794800,510,0,0,0,0,"Lunatender Blossom"
942,False,"Disciples of War or Magic",84,0,"RetainerTaskParameter#533",1,60,794800,513,0,0,0,0,"Mousse Flesh"
943,False,"Disciples of War or Magic",84,0,"RetainerTaskParameter#533",1,60,794800,513,0,0,0,0,"Dynamite Ash"
944,False,"Disciples of War or Magic",86,0,"RetainerTaskParameter#539",1,60,923100,519,0,0,0,0,"Kumbhira Skin"
945,False,"Disciples of War or Magic",86,0,"RetainerTaskParameter#539",1,60,923100,519,0,0,0,0,"Egg of Elpis"
946,False,"Disciples of War or Magic",86,0,"RetainerTaskParameter#539",1,60,923100,519,0,0,0,0,"Petalouda Scales"
947,False,"Disciples of War or Magic",88,0,"RetainerTaskParameter#545",1,60,1045900,525,0,0,0,0,"Ophiotauros Hide"
948,False,"Disciples of War or Magic",88,0,"RetainerTaskParameter#545",1,60,1045900,525,0,0,0,0,"Berkanan Sap"
949,False,"Disciples of War or Magic",89,0,"RetainerTaskParameter#548",1,60,1083800,528,0,0,0,0,"Dynamis Crystal"
950,False,"Disciples of War or Magic",86,0,"RetainerTaskParameter#539",1,60,923100,519,0,0,0,0,"Bird of Elpis Breast"
951,False,"FSH",81,0,"RetainerTaskParameter#495",1,60,694200,0,72,0,1452,0,"Northern Herring"
952,False,"FSH",83,0,"RetainerTaskParameter#510",1,60,794800,0,72,0,1531,0,"Spiny King Crab"
953,False,"FSH",83,0,"RetainerTaskParameter#510",1,60,794800,0,72,0,1531,0,"Icepike"
954,False,"FSH",87,0,"RetainerTaskParameter#540",1,60,952900,0,72,0,1695,0,"Grey Mullet"
955,False,"FSH",88,0,"RetainerTaskParameter#547",1,60,1045900,0,72,0,1732,0,"Shallows Cod"
956,False,"FSH",81,0,"RetainerTaskParameter#495",1,60,694200,0,72,0,1452,0,"Ruby-spotted Crab"
957,False,"FSH",82,0,"RetainerTaskParameter#500",1,60,694200,0,72,0,1478,0,"Macrobrachium Lar"
958,False,"FSH",84,0,"RetainerTaskParameter#520",1,60,794800,0,72,0,1584,0,"Dream Pickle"
959,False,"FSH",86,0,"RetainerTaskParameter#534",1,60,923100,0,72,0,1658,0,"Protomyke #987"
960,False,"FSH",88,0,"RetainerTaskParameter#547",1,60,1045900,0,72,0,1732,0,"Rummy-nosed Tetra"
961,True,"Disciples of War or Magic",90,0,"RetainerTaskParameter#1",2,1080,5311200,530,0,0,0,0,"Field Exploration XXVIII"
962,True,"MIN",90,0,"RetainerTaskParameter#1",2,1080,5311200,0,72,0,2258,0,"Highland Exploration XXVIII"
963,True,"BTN",90,0,"RetainerTaskParameter#1",2,1080,5311200,0,72,0,2258,0,"Woodland Exploration XXVIII"
964,True,"FSH",90,0,"RetainerTaskParameter#1",2,1080,5311200,0,72,0,1806,0,"Waterside Exploration XXVIII"
965,False,"",0,0,"RetainerTaskParameter#0",0,0,0,0,0,0,0,0,""
966,False,"",0,0,"RetainerTaskParameter#0",0,0,0,0,0,0,0,0,""
967,False,"",0,0,"RetainerTaskParameter#0",0,0,0,0,0,0,0,0,""
968,False,"",0,0,"RetainerTaskParameter#0",0,0,0,0,0,0,0,0,""
969,False,"",0,0,"RetainerTaskParameter#0",0,0,0,0,0,0,0,0,""
970,False,"",0,0,"RetainerTaskParameter#0",0,0,0,0,0,0,0,0,""
971,False,"",0,0,"RetainerTaskParameter#0",0,0,0,0,0,0,0,0,""
972,False,"",0,0,"RetainerTaskParameter#0",0,0,0,0,0,0,0,0,""
973,False,"",0,0,"RetainerTaskParameter#0",0,0,0,0,0,0,0,0,""
974,False,"",0,0,"RetainerTaskParameter#0",0,0,0,0,0,0,0,0,""
975,False,"",0,0,"RetainerTaskParameter#0",0,0,0,0,0,0,0,0,""
976,False,"",0,0,"RetainerTaskParameter#0",0,0,0,0,0,0,0,0,""
977,False,"",0,0,"RetainerTaskParameter#0",0,0,0,0,0,0,0,0,""
978,False,"",0,0,"RetainerTaskParameter#0",0,0,0,0,0,0,0,0,""
979,False,"",0,0,"RetainerTaskParameter#0",0,0,0,0,0,0,0,0,""
980,False,"",0,0,"RetainerTaskParameter#0",0,0,0,0,0,0,0,0,""
981,False,"",0,0,"RetainerTaskParameter#0",0,0,0,0,0,0,0,0,""
982,False,"",0,0,"RetainerTaskParameter#0",0,0,0,0,0,0,0,0,""
983,False,"",0,0,"RetainerTaskParameter#0",0,0,0,0,0,0,0,0,""
984,False,"",0,0,"RetainerTaskParameter#0",0,0,0,0,0,0,0,0,""
985,False,"",0,0,"RetainerTaskParameter#0",0,0,0,0,0,0,0,0,""
986,False,"",0,0,"RetainerTaskParameter#0",0,0,0,0,0,0,0,0,""
987,False,"",0,0,"RetainerTaskParameter#0",0,0,0,0,0,0,0,0,""
988,False,"",0,0,"RetainerTaskParameter#0",0,0,0,0,0,0,0,0,""
989,False,"",0,0,"RetainerTaskParameter#0",0,0,0,0,0,0,0,0,""
990,False,"",0,0,"RetainerTaskParameter#0",0,0,0,0,0,0,0,0,""
991,False,"",0,0,"RetainerTaskParameter#0",0,0,0,0,0,0,0,0,""
992,False,"",0,0,"RetainerTaskParameter#0",0,0,0,0,0,0,0,0,""
993,False,"",0,0,"RetainerTaskParameter#0",0,0,0,0,0,0,0,0,""
994,False,"",0,0,"RetainerTaskParameter#0",0,0,0,0,0,0,0,0,""
995,False,"",0,0,"RetainerTaskParameter#0",0,0,0,0,0,0,0,0,""
996,False,"",0,0,"RetainerTaskParameter#0",0,0,0,0,0,0,0,0,""
997,False,"",0,0,"RetainerTaskParameter#0",0,0,0,0,0,0,0,0,""
998,False,"",0,0,"RetainerTaskParameter#0",0,0,0,0,0,0,0,0,""
999,False,"",0,0,"RetainerTaskParameter#0",0,0,0,0,0,0,0,0,""
1000,False,"",0,0,"RetainerTaskParameter#0",0,0,0,0,0,0,0,0,""
